# This file uses centimeters as units for non-parametric coordinates.

mtllib Tree-01.mtl
g default
v 0.491767 -0.466598 -0.967486
v 0.392102 -0.396999 -0.925378
v 0.051051 -0.130261 -0.727830
v -0.087502 0.135347 -0.651696
v -0.176868 0.346695 -0.617484
v 0.447232 -0.495269 -0.976815
v 0.251465 -0.483741 -0.936873
v -0.064354 -0.218612 -0.767528
v -0.239814 0.071520 -0.653359
v -0.338270 0.319757 -0.598794
v -0.314537 0.019403 -0.563515
v -0.164141 -0.311077 -0.666713
v 0.035687 -0.529235 -0.696076
v -0.144864 -0.567447 -0.519398
v -0.278889 -0.336165 -0.657744
v -0.577218 -0.555409 -0.500610
v -0.563637 -0.357496 -0.532852
v 0.483294 -0.495573 -0.898815
v 0.516479 -0.476983 -0.959731
v -0.110104 0.289868 -0.569677
v -0.047567 0.147239 -0.565591
v -0.035458 0.076716 -0.358596
v 0.129393 -0.200731 -0.448264
v 0.086610 -0.138788 -0.650874
v 0.415121 -0.398620 -0.886934
v 0.336046 -0.456503 -0.703343
v -0.341831 -0.058453 -0.574019
v -0.734924 -0.349103 -0.624333
v -0.760917 -0.552509 -0.611322
v -0.928432 -0.564022 -0.824767
v -0.905070 -0.453230 -0.850539
v -1.003176 -0.473855 -0.955565
v -1.017813 -0.558460 -0.937443
v -0.589134 0.018909 -0.516490
v -0.577703 0.282401 -0.460461
v -0.580798 0.484549 -0.397379
v -0.989577 -0.378375 -0.806087
v -0.870351 -0.272974 -0.610817
v -0.778330 0.030519 -0.468307
v -0.804389 0.258644 -0.394679
v -0.757801 0.426848 -0.368553
v -0.823112 0.605101 -0.271052
v -0.651379 0.653835 -0.326505
v -1.058275 -0.433636 -0.921963
v -1.108154 -0.447852 -0.894200
v -1.058083 -0.392801 -0.741027
v -0.920781 -0.280710 -0.516246
v -0.813545 0.002866 -0.345676
v -0.816163 0.221835 -0.286431
v 0.209906 -0.281663 -0.816774
v 0.104542 -0.379331 -0.883336
v -0.052525 -0.454798 -0.690465
v -0.213223 -0.465699 -0.627975
v -0.556474 -0.463963 -0.529368
v 0.237576 -0.289846 -0.750245
v 0.219776 -0.347724 -0.532657
v -0.742617 -0.470962 -0.632776
v -0.904744 -0.516453 -0.845290
v -0.998100 -0.528742 -0.956401
v -0.012870 0.211338 -0.537201
v -0.064909 0.356827 -0.558862
v -0.137430 0.409783 -0.610493
v -0.215295 0.641600 -0.568722
v -0.248077 0.810720 -0.552151
v -0.284014 1.106883 -0.493922
v -0.339361 1.111739 -0.474897
v -0.306812 0.812279 -0.549920
v -0.273834 0.639370 -0.578608
v -0.413108 0.620107 -0.557781
v -0.444240 0.801546 -0.526369
v -0.487801 1.106530 -0.437834
v -0.563130 1.082176 -0.389071
v -0.513446 0.781545 -0.469396
v -0.475075 0.609680 -0.488186
v -0.534968 0.595137 -0.468944
v -0.602916 0.750668 -0.460166
v -0.014531 0.167943 -0.408654
v -0.072914 0.314374 -0.407989
v -0.107705 0.275940 -0.361480
v -0.175536 0.628160 -0.526853
v -0.204818 0.792849 -0.521276
v -0.151514 0.750312 -0.447731
v -0.146555 0.594266 -0.430627
v -0.140035 0.572574 -0.385542
v -0.156837 0.109348 -0.670056
v -0.249932 0.336610 -0.625351
v 0.003180 -0.158260 -0.762220
v 0.356770 -0.413282 -0.951773
v 0.467222 -0.472966 -0.975490
v 0.508141 -0.478275 -0.935009
v -0.031458 0.102829 -0.476155
v 0.424177 -0.426009 -0.834927
v 0.121396 -0.167137 -0.564380
v 0.179388 -0.304970 -0.863853
v 0.258131 -0.311677 -0.669425
v -0.337917 0.633291 -0.585964
v -0.371164 0.812554 -0.560955
v -0.409292 1.119700 -0.475143
v -0.003258 0.183653 -0.476373
v -0.069512 0.336692 -0.475846
v -0.176148 0.773003 -0.486363
v -0.159454 0.611024 -0.479080
v -0.078437 0.573546 -0.316231
v -0.067320 0.270797 -0.202598
v -0.017392 0.088362 -0.154852
v 0.096951 -0.172741 0.011849
v 0.179957 -0.344630 0.142107
v 0.174100 -0.533408 0.158278
v 0.180331 -0.538253 -0.096455
v 0.196177 -0.355450 -0.085069
v 0.134876 -0.194179 -0.117863
v 0.025394 0.012324 -0.186713
v 0.028547 0.012191 -0.274536
v 0.153679 -0.203285 -0.285466
v 0.229880 -0.345716 -0.318917
v 0.219105 -0.507607 -0.392949
v -0.179708 1.029011 -0.488770
v -0.197302 1.023319 -0.499167
v -0.225409 1.091455 -0.499501
v -0.271343 0.967062 -0.527600
v -0.328652 0.974735 -0.516888
v -0.473824 0.963965 -0.490558
v -0.546379 0.939568 -0.440117
v -0.394778 0.978293 -0.526250
v -0.221031 0.951339 -0.516116
v -0.165282 0.923003 -0.472363
v -0.188248 0.925146 -0.499163
v -0.025001 -0.006816 -0.683395
v -0.151945 -0.080518 -0.706078
v -0.245943 -0.152046 -0.626981
v -0.325915 -0.169748 -0.626345
v 0.046920 -0.066312 -0.402740
v 0.011355 0.001070 -0.603764
v -0.078923 -0.033965 -0.706797
v 0.035994 -0.029443 -0.515586
v 0.032966 -0.036241 -0.064596
v 0.060969 -0.070606 -0.151870
v 0.076391 -0.076193 -0.274835
v -0.521488 -0.200391 -0.520140
v -0.659063 -0.193662 -0.568048
v -0.810218 -0.152054 -0.535565
v -0.848158 -0.167084 -0.410052
v -0.457571 -0.006083 -0.479224
v -0.443070 0.284795 -0.451447
v -0.551182 1.314755 -0.241518
v -0.494326 1.348695 -0.303553
v -0.418156 1.364373 -0.355108
v -0.335686 1.354239 -0.391905
v 0.538629 -0.579662 0.622548
v 0.558347 -0.547462 0.628999
v 0.579508 -0.546606 0.596360
v 0.563720 -0.578294 0.586322
v 0.522282 -0.581120 0.550230
v 0.544735 -0.527372 0.556645
v 0.348435 -0.558107 0.444002
v 0.390616 -0.460255 0.422394
v -0.569484 -0.550334 0.387588
v -0.528494 -0.460521 0.358678
v -0.340413 -0.427127 0.355046
v -0.358605 -0.527028 0.372049
v -0.198401 -0.521066 0.392658
v -0.208758 -0.415251 0.375789
v -0.062745 -0.429334 0.426519
v 0.024837 -0.535744 0.495234
v 0.144313 -0.537190 0.560299
v 0.079620 -0.413440 0.509442
v 0.341440 -0.463808 0.638232
v 0.350912 -0.555619 0.624778
v 0.459448 -0.569998 0.636484
v 0.466038 -0.517616 0.651342
v -0.431199 -0.318690 0.276146
v -0.313067 -0.321308 0.295578
v -0.217522 -0.318937 0.317527
v -0.117136 -0.330014 0.356577
v 0.023874 -0.310470 0.425367
v 0.349943 -0.388487 0.578561
v 0.582517 -0.548506 0.614598
v 0.563385 -0.579955 0.609336
v 0.555219 -0.521562 0.605226
v 0.559048 -0.524910 0.587547
v 0.501257 -0.471662 0.551885
v 0.484637 -0.460418 0.578516
v 0.470099 -0.469428 0.617537
v 0.549602 -0.522688 0.617848
v 0.405297 -0.407677 0.453295
v 0.381068 -0.385547 0.507775
v 0.219931 -0.429618 0.579119
v 0.245756 -0.539827 0.597916
v 0.157446 -0.305671 0.490651
v 0.220180 -0.548434 0.335278
v 0.280216 -0.401968 0.300437
v 0.301280 -0.337730 0.332656
v 0.277910 -0.305754 0.432163
v 0.080417 -0.126899 0.346183
v 0.166630 -0.158722 0.270666
v -0.035773 -0.150990 0.331384
v -0.177649 -0.192399 0.269931
v -0.237334 -0.032793 0.209745
v -0.085620 0.018889 0.246701
v 0.028262 0.037927 0.235576
v 0.107906 -0.012976 0.146237
v 0.141526 -0.095692 0.068351
v 0.210988 -0.232173 0.201727
v -0.339185 -0.188334 0.230962
v -0.297814 -0.241705 0.248787
v -0.225600 -0.250082 0.271855
v -0.115649 0.701109 -0.389360
v -0.113251 0.953624 -0.481558
v -0.169622 1.115532 -0.493093
v -0.415085 -0.348513 -0.599493
v -0.401237 -0.576278 -0.483548
v -0.416271 -0.075583 -0.547460
v -0.395068 -0.475609 -0.580853
v -0.423639 -0.194745 -0.575073
v -1.085418 -0.554002 -0.858510
v -1.033293 -0.552069 -0.704606
v -0.788716 -0.547319 -0.267075
v -0.806736 -0.333299 -0.191441
v -0.729196 -0.104429 -0.135467
v -0.660791 0.079908 -0.093270
v -1.115800 -0.509032 -0.873592
v -1.066609 -0.487972 -0.690340
v -0.889151 -0.363750 -0.376848
v -0.814788 -0.218867 -0.293000
v -0.770676 -0.043237 -0.239700
v -0.757156 0.156742 -0.193024
v -0.796636 -0.539342 0.215186
v -0.728334 -0.110213 -0.019055
v -0.737079 -0.151956 -0.100551
v -0.741323 -0.155401 -0.055250
v -0.839345 -0.355763 -0.114279
v -0.831437 -0.361686 -0.025217
v -0.789200 -0.546041 0.042845
v -0.812390 -0.548622 -0.114316
v -0.854596 -0.562605 -0.719487
v -0.839929 -0.417693 -0.732781
v -0.930004 -0.329092 -0.707187
v -0.995335 -0.338247 -0.622622
v -0.832177 -0.494758 -0.740280
v -0.941263 -0.568456 -0.524467
v -0.987544 -0.431306 -0.529853
v -0.815707 -0.355090 0.119450
v -0.912961 -0.417088 0.256508
v -0.860453 -0.544873 0.308363
v -0.921208 -0.558377 0.393358
v -0.991497 -0.458269 0.386621
v -1.047107 -0.491124 0.497687
v -1.010074 -0.570973 0.498793
v -1.057572 -0.574366 0.581710
v -1.081029 -0.512506 0.576617
v -1.056907 -0.476130 0.650913
v -1.019776 -0.415547 0.575259
v -0.962653 -0.356018 0.487840
v -0.870802 -0.282541 0.371044
v -0.970950 -0.487885 0.680018
v -0.904701 -0.434535 0.615492
v -0.835464 -0.371664 0.543845
v -0.743767 -0.302502 0.453936
v -0.937308 -0.571570 0.677193
v -0.845587 -0.573806 0.613730
v -0.754627 -0.562738 0.541330
v -0.655561 -0.554873 0.456843
v -0.960847 -0.529589 0.690414
v -0.857866 -0.492994 0.625369
v -0.772337 -0.460952 0.552643
v -0.655822 -0.436403 0.458749
v -0.487452 1.452928 -0.215998
v -0.528435 1.412961 -0.153839
v -0.481772 1.548890 0.015654
v -0.471636 1.597123 -0.028320
v -0.462684 1.644687 -0.077581
v -0.427770 1.478991 -0.273429
v -0.645279 0.910742 -0.426405
v -0.664959 1.059105 -0.366908
v -0.639331 1.287417 -0.195514
v -0.605045 1.382591 -0.103499
v -0.531492 1.506271 0.058987
v -0.503353 1.182315 0.086147
v -0.607449 1.128724 0.033646
v -0.678334 1.050185 -0.031172
v -0.709593 0.887610 -0.164532
v -0.689415 0.777772 -0.239258
v -0.636502 0.700113 -0.392267
v -0.549530 1.393071 0.105453
v -0.685084 0.850872 -0.340722
v -0.707762 0.987678 -0.273063
v -0.677400 1.199136 -0.119419
v -0.640103 1.283042 -0.037615
v -0.881221 0.487993 -0.236986
v -0.838925 0.441037 -0.162446
v -0.845446 0.638971 -0.056936
v -0.826685 0.724109 -0.159171
v -0.807228 0.824869 -0.052698
v -0.729250 0.942070 0.059388
v -0.609575 1.032705 0.115092
v -0.478524 1.105992 0.131855
v -0.758514 0.427551 -0.109066
v -0.682326 0.405694 -0.055922
v -0.702070 0.534943 -0.021044
v -0.767476 0.579900 -0.015892
v -0.797686 0.725803 0.051608
v -0.678564 0.815014 0.152673
v -0.536468 0.898809 0.192050
v -0.370444 0.968066 0.192111
v -0.215053 1.023364 0.161636
v -0.740505 0.658292 -0.293807
v -0.686790 0.517826 -0.365315
v -0.702782 0.313258 -0.421655
v -0.690556 0.032199 -0.502066
v -0.809027 -0.299626 -0.634815
v -0.943319 -0.409072 -0.832856
v -1.026047 -0.449073 -0.939803
v -0.740597 -0.167943 -0.568839
v -0.882520 -0.369935 -0.724848
v -0.604129 1.071102 0.063134
v -0.696348 0.993763 0.003081
v -0.760768 0.863266 -0.125196
v -0.759551 0.767144 -0.213937
v -0.736568 0.661688 0.053959
v -0.620133 0.759881 0.135430
v -0.484593 0.827078 0.164834
v -0.321016 0.890545 0.153858
v -0.168291 0.939890 0.114494
v -0.684655 0.625672 0.037791
v -0.442862 0.782009 0.126570
v -0.288529 0.839722 0.096743
v -0.157163 0.893082 0.046498
v -0.786300 -0.187624 0.263920
v -0.645798 -0.194191 0.377445
v -0.551245 -0.290767 0.347860
v -0.446932 -0.120003 0.294356
v -0.557868 -0.036819 0.335868
v -0.488824 0.132993 0.329070
v -0.371256 0.048899 0.273815
v -0.706844 -0.019609 0.175191
v -0.659609 0.171123 0.121620
v -0.629474 0.399053 0.108201
v -0.604269 0.532605 0.116963
v -0.561179 0.683848 0.117743
v -0.363768 0.714225 0.150824
v -0.238890 0.776932 0.093425
v -0.125590 0.839060 0.013385
v -0.421571 0.367604 0.297469
v -0.379518 0.470305 0.267705
v -0.818510 -0.258734 0.427070
v -0.913240 -0.336330 0.528630
v -0.969454 -0.403483 0.609554
v -1.018743 -0.474904 0.676897
v -0.730619 -0.158927 0.337956
v -0.651654 -0.006990 0.267525
v -0.604800 0.166429 0.228847
v -0.550914 0.386890 0.202658
v -0.518370 0.503912 0.195589
v -0.461688 0.626332 0.180036
v -0.328245 0.570703 0.220570
v -0.262078 0.652891 0.154714
v -0.182335 0.717097 0.075317
v -0.097040 0.783969 -0.042400
v -0.044174 0.911892 -0.128756
v -0.070052 0.905006 -0.052709
v -0.056094 0.959398 -0.036013
v -0.222876 0.271739 0.122540
v -0.299484 0.319144 0.226669
v -0.270334 0.417684 0.192750
v -0.205913 0.380894 0.100715
v -0.185691 0.476411 0.061656
v -0.235582 0.513577 0.153952
v -0.195554 0.595289 0.105662
v -0.154290 0.568964 0.024119
v -0.125282 0.662799 -0.018189
v -0.160827 0.658617 0.058818
v -0.101034 0.268977 0.135641
v -0.095793 0.366825 0.086499
v -0.084829 0.460901 0.039553
v -0.066582 0.555971 -0.009965
v -0.040950 0.659430 -0.061473
v -0.011653 0.779852 -0.120313
v 0.035863 0.911996 -0.185126
v 0.072537 1.048963 -0.242908
v 0.006844 1.051803 -0.163305
v 0.003305 0.254415 0.101760
v 0.001286 0.353526 0.045036
v 0.003163 0.445920 -0.012547
v 0.009513 0.541178 -0.070413
v 0.019429 0.642915 -0.133231
v 0.041721 0.759312 -0.198741
v 0.034370 0.752766 -0.288845
v 0.018043 0.629271 -0.221842
v 0.013951 0.524795 -0.164495
v 0.017253 0.421418 -0.107841
v 0.026484 0.316970 -0.050447
v 0.044782 0.204975 0.015442
v 0.048793 0.148947 -0.081873
v 0.013165 0.283545 -0.153400
v -0.003735 0.523321 -0.262322
v 0.016485 0.742995 -0.378679
v -0.001150 0.405584 -0.208546
v -0.173694 0.501308 -0.592439
v -0.378852 0.461233 -0.583509
v -0.453230 0.458633 -0.484796
v -0.232151 0.488437 -0.606693
v -0.116767 0.444796 -0.419614
v -0.119748 0.478033 -0.541015
v -0.298229 0.476237 -0.606766
v -0.118330 0.457210 -0.476705
v -0.138759 0.425548 -0.373125
v -0.078073 0.421773 -0.248531
v 0.004852 0.625736 -0.310714
v 0.094128 0.026398 -0.012443
v -0.746981 0.580007 -0.342462
v -0.813087 0.514435 -0.338248
v -0.856696 0.362871 -0.320636
v -0.823708 0.327371 -0.226665
v -0.756509 0.300368 -0.152115
v -0.674060 0.279421 -0.080907
v -0.643379 0.292006 0.109897
v -0.575621 0.285208 0.213672
v -0.452279 0.257563 0.318480
v -0.326505 0.201584 0.255971
v -0.228237 0.149223 0.179726
v -0.098040 0.154818 0.188959
v 0.011444 0.150286 0.165667
v 0.073279 0.094490 0.080836
v -0.270889 1.302885 -0.445285
v -0.300576 1.297594 -0.437951
v -0.260637 1.382128 -0.427134
v -0.307441 1.518894 -0.363944
v -0.358450 1.484349 -0.305693
v -0.387661 1.720904 -0.201708
v -0.414798 1.675404 -0.132434
v -0.414594 1.823577 -0.074434
v -0.444654 1.769535 -0.022317
v -0.455503 1.726412 0.092284
v 0.084749 1.191082 -0.279532
v 0.072215 0.900816 -0.278826
v 0.111097 1.201434 -0.410063
v 0.075231 1.192977 -0.507009
v 0.061152 0.892006 -0.363827
v 0.036704 0.884772 -0.452334
v 0.045058 1.021392 -0.502898
v -0.014609 1.042061 -0.530201
v -0.046890 0.646888 -0.344598
v -0.050861 0.752271 -0.400169
v -0.042379 0.906955 -0.483914
v 0.094792 1.046321 -0.345578
v 0.078822 1.036767 -0.435430
v 0.050587 1.130478 -0.544675
v 0.009629 1.137048 -0.560005
v -0.068671 1.291248 -0.578075
v -0.184073 1.523342 -0.540900
v -0.387279 1.831297 -0.391959
v -0.456386 1.971127 -0.270204
v -0.482918 2.129903 -0.123711
v -0.404739 2.276397 0.086179
v -0.345587 2.322408 0.036650
v 0.076166 2.494464 0.450011
v 0.181378 2.567385 0.545681
v -0.024072 1.192562 -0.571380
v -0.071256 1.100926 -0.542669
v -0.124821 1.213829 -0.548454
v -0.245852 1.451154 -0.504053
v -0.314618 1.564648 -0.449267
v -0.435473 1.762315 -0.302055
v -0.461860 1.877615 -0.164030
v -0.257669 1.629481 -0.501824
v 0.047735 1.350201 -0.531452
v -0.071326 1.593590 -0.515882
v -0.145780 1.695143 -0.474292
v -0.299589 1.869419 -0.382999
v -0.368907 2.012007 -0.308937
v -0.400117 2.152742 -0.192015
v -0.438916 2.194342 0.120093
v -0.473884 1.964723 0.019158
v -0.467606 1.897706 0.041060
v -0.458356 1.818459 0.172230
v -0.462695 1.850197 0.070339
v -0.461386 2.216290 -0.021220
v -0.480219 2.089483 0.044847
v -0.433569 1.842062 0.272824
v -0.385270 1.748971 0.239428
v -0.273771 1.777295 0.318779
v -0.317271 1.858434 0.333274
v -0.210268 1.917172 0.348755
v -0.142616 1.833705 0.369632
v -0.017025 1.933869 0.383183
v -0.143033 2.013502 0.362129
v -0.174136 2.083755 0.352897
v -0.053020 2.164193 0.383833
v -0.271246 2.216018 0.288736
v -0.241148 2.341731 0.255153
v -0.206247 2.396594 0.216344
v -0.106214 2.427813 0.309212
v -0.389093 2.256048 -0.066170
v -0.447631 1.656855 0.106348
v -0.434252 1.606302 0.122225
v -0.332404 1.631235 0.211846
v -0.363243 1.681367 0.223697
v -0.258381 1.705493 0.287141
v -0.228751 1.656661 0.257123
v -0.063899 1.720239 0.260795
v -0.102664 1.761178 0.328031
v 0.054621 1.856993 0.369395
v 0.102094 1.830264 0.280865
v 0.069686 1.820074 0.220740
v 0.120378 1.380881 -0.359753
v 0.106604 1.368140 -0.463668
v 0.000158 1.636201 -0.474246
v 0.027549 1.656354 -0.393575
v -0.049404 1.764453 -0.370874
v -0.085721 1.747023 -0.444089
v -0.230021 1.922000 -0.378997
v -0.166172 1.957036 -0.352190
v -0.224134 2.043575 -0.349722
v -0.289649 2.031304 -0.326706
v -0.252391 2.157940 -0.274983
v -0.494401 1.232530 -0.376672
v -0.416708 1.246786 -0.421823
v -0.341611 1.235747 -0.430890
v -0.563486 1.204010 -0.320344
v -1.075850 -0.487056 0.618370
v -0.993761 -0.389797 0.431533
v -0.911777 -0.330912 0.305446
v -1.044113 -0.440055 0.535310
v -0.662360 1.181975 -0.285824
v -0.708029 0.974261 -0.098006
v -0.705964 1.102179 -0.199860
v -0.777721 0.883654 0.007291
v -0.748527 0.769516 0.111430
v -0.739475 0.929763 -0.056334
v -0.686512 0.711119 0.099353
v -0.838865 -0.249032 0.190610
v -0.755074 -0.048954 0.080422
v -0.703530 0.153752 0.024940
v -0.672046 0.402559 0.028251
v -0.650998 0.535588 0.048038
v -0.635653 0.656581 0.067328
v -0.688464 0.287560 0.018747
v -0.295202 1.220275 -0.462660
v -0.250574 1.226067 -0.472647
v -0.209719 1.269371 -0.476353
v -0.116169 1.407642 -0.566651
v -0.181248 1.338097 -0.537871
v 0.005039 1.481355 -0.538412
v 0.060793 1.510808 -0.477792
v 0.092119 1.533957 -0.395013
v -0.466347 1.874892 0.306625
v -0.378053 1.887364 0.377547
v -0.311108 1.940493 0.406061
v -0.284772 1.992632 0.411379
v -0.295235 2.058898 0.408814
v -0.326798 2.131402 0.390188
v -0.375694 2.195637 0.341159
v -0.494799 2.167172 0.185301
v -0.546987 2.111044 0.104354
v -0.568598 2.011912 0.079481
v -0.571118 1.940652 0.097082
v -0.560330 1.893473 0.138441
v -0.518615 1.877900 0.223827
v -0.286062 2.366052 0.127808
v -0.331329 2.315197 0.174867
v -0.360414 2.235173 0.204902
v -0.439635 2.215096 0.262611
v -0.006908 0.092033 -0.255594
v -0.086577 0.270863 -0.281296
v -0.131127 0.571674 -0.340723
v -0.125761 0.421369 -0.305328
v -0.395266 0.018346 -0.527260
v -0.707918 -0.099691 -0.083816
v -0.259688 -0.192123 0.239982
v -0.262422 1.259260 0.133113
v -0.489939 1.142476 0.097873
v -0.314140 1.503878 0.255204
v -0.325781 1.583191 0.240287
v -0.451311 1.558634 0.162836
v -0.457533 1.449492 0.196591
v -0.385372 1.238103 0.121722
v -0.371365 1.211542 0.124226
v -0.350168 1.182786 0.139172
v -0.610589 1.229702 0.071436
v -0.546506 1.278000 0.134416
v -0.441062 1.334711 0.205081
v -0.296213 1.400789 0.252643
v -0.653734 1.179452 0.016918
v -0.697720 1.111635 -0.057801
v -0.722758 1.026617 -0.134803
v -0.713704 0.926873 -0.210040
v -0.680569 0.806464 -0.278505
v -0.504012 1.485237 -0.070354
v -0.447287 1.569887 -0.185276
v -0.479560 1.531663 -0.126885
v -0.570983 1.449085 -0.023085
v -0.599955 1.341734 0.031724
v -0.351896 1.625172 -0.290112
v -0.385652 1.586144 -0.221917
v -0.377928 1.662402 -0.384670
v -0.307396 1.720398 -0.461655
v -0.221003 1.762126 -0.441199
v -0.155757 1.826884 -0.412436
v -0.100830 1.867219 -0.336331
v -0.066266 1.084370 0.111764
v -0.034696 0.998644 0.038283
v 0.066786 1.098913 -0.076186
v 0.057517 1.179224 0.026169
v 0.147310 1.305882 -0.076516
v 0.137709 1.242971 -0.190340
v 0.160873 1.411471 -0.279016
v 0.189762 1.452059 -0.180468
v -0.552819 0.536178 -0.422862
v -0.847243 0.445184 -0.337782
v -0.862131 0.540484 -0.258529
v -0.844919 0.681774 -0.103306
v -0.809910 0.779182 0.007238
v -0.773858 0.830690 0.068463
v -0.719742 0.882066 0.115712
v -0.583464 0.966373 0.163229
v -0.437410 1.050925 0.176894
v -0.286388 1.116245 0.171317
v -0.150927 1.183118 0.138697
v -0.016657 1.266929 0.071866
v 0.093657 1.371147 -0.004803
v 0.160591 1.494293 -0.098098
v 0.118356 1.530537 -0.047434
v 0.030605 1.433820 0.038393
v -0.095067 1.353795 0.095328
v 0.133404 1.636463 -0.133316
v 0.160946 1.611082 -0.187227
v 0.158517 1.595552 -0.254886
v 0.125175 1.560333 -0.326243
v 0.112718 1.718948 -0.199557
v 0.120640 1.683785 -0.229323
v 0.083996 1.707422 -0.280891
v 0.058727 1.677569 -0.335854
v -0.004182 1.767581 -0.334856
v -0.003562 1.838774 -0.287305
v 0.075666 1.772842 -0.238856
v -0.129432 1.476303 0.258934
v 0.007590 1.543435 0.215495
v 0.131683 1.638452 0.126792
v 0.187960 1.755584 0.026113
v 0.209686 1.857490 -0.050246
v 0.199754 1.930476 -0.137289
v 0.134649 1.842753 -0.203823
v 0.166061 1.773245 -0.142236
v 0.168631 1.685041 -0.068510
v 0.131920 1.570509 0.028546
v 0.028852 1.475805 0.122424
v -0.099365 1.401940 0.178639
v -0.261940 1.334106 0.191095
v -0.407574 1.274350 0.160229
v -0.517145 1.221584 0.109641
v -0.586007 1.181906 0.067854
v -0.206382 1.608944 0.260023
v -0.175920 1.546222 0.262692
v -0.033340 1.610090 0.235528
v -0.067060 1.672399 0.230735
v 0.061304 1.768677 0.179011
v 0.099314 1.694996 0.171252
v 0.088584 1.924687 -0.269730
v 0.165204 1.992206 -0.236969
v 0.183810 2.076630 -0.194948
v 0.193737 2.026471 -0.074338
v 0.142760 2.125768 -0.083401
v 0.133157 2.142060 -0.191558
v -0.001315 2.199850 -0.218751
v -0.004645 2.221842 -0.115398
v -0.066859 2.239034 -0.119999
v -0.067268 2.219353 -0.229252
v -0.138880 2.211319 -0.241366
v -0.143538 2.243245 -0.144997
v -0.259009 2.252078 -0.136103
v -0.317493 2.150916 -0.229972
v -0.316927 2.259890 -0.114870
v -0.287825 2.335438 -0.008280
v -0.226898 2.380750 0.083785
v -0.155864 2.413010 0.173072
v -0.057041 2.440814 0.271143
v -0.097270 2.411377 0.142789
v -0.174131 2.356137 0.055005
v -0.222744 2.307117 -0.022578
v -0.006115 2.050113 0.364065
v 0.089772 2.374613 0.508554
v 0.071521 2.441471 0.501790
v 0.101227 2.315958 0.514562
v 0.085677 2.606836 0.335660
v 0.090462 2.525118 0.369452
v 0.150903 2.695138 0.453368
v 0.184718 2.631458 0.489594
v 0.287285 2.699737 0.577696
v 0.289289 2.771507 0.571808
v 0.368132 2.832139 0.567800
v 0.386967 2.770076 0.590932
v 0.458791 2.846798 0.544409
v 0.421135 2.896429 0.524185
v 0.449372 2.961800 0.459779
v 0.501226 2.931431 0.464951
v 0.526005 2.985098 0.378332
v 0.438035 3.023452 0.298879
v 0.510718 3.008132 0.288846
v 0.495061 2.993113 0.225229
v 0.398710 2.998745 0.228943
v 0.397151 2.891290 0.197910
v 0.483458 2.942981 0.177270
v 0.500381 2.865440 0.159500
v 0.403585 2.753005 0.181840
v 0.113564 2.241383 0.516089
v 0.138955 2.193109 0.474560
v 0.172846 2.128078 0.440690
v 0.195568 2.064564 0.427246
v 0.241512 1.989186 0.385288
v 0.278190 1.924448 0.286801
v 0.212434 1.947124 0.184387
v 0.185983 2.495342 0.606238
v 0.228234 2.415729 0.590036
v 0.250296 2.363092 0.585866
v 0.288051 2.285938 0.554888
v 0.302026 2.263339 0.499738
v 0.322797 2.220975 0.462844
v 0.341474 2.174957 0.432540
v 0.365447 2.129229 0.374464
v 0.549374 2.808259 0.156937
v 0.487770 2.732224 0.169649
v 0.345233 2.497689 0.132338
v 0.291772 2.558851 0.111391
v 0.433757 2.509232 0.158307
v 0.427997 2.379436 0.150771
v 0.297258 2.408840 0.087491
v 0.235623 2.456672 0.070510
v 0.172139 2.348287 0.026713
v 0.250748 2.294357 0.035983
v 0.381779 2.231023 0.147222
v 0.299934 2.075398 0.160709
v 0.197456 2.184876 -0.017914
v 0.110219 2.250682 -0.026197
v 0.069435 2.187793 -0.098205
v 0.067115 2.179915 -0.203580
v 0.175628 1.833999 0.080809
v 0.201080 1.945553 -0.004969
v 0.235444 2.084251 0.052414
v 0.316021 2.249240 0.074601
v 0.346696 2.385560 0.106392
v 0.162415 1.900377 0.124139
v 0.390872 2.051597 0.262056
v 0.489481 2.207178 0.231124
v 0.473706 2.272148 0.350646
v 0.463463 2.301162 0.408307
v 0.449328 2.328936 0.449948
v 0.423177 2.364832 0.481783
v 0.503664 2.468909 0.444566
v 0.516848 2.433334 0.412338
v 0.517092 2.413435 0.379114
v 0.534573 2.384653 0.330881
v 0.542301 2.375639 0.202907
v 0.538593 2.511557 0.192209
v 0.570937 2.515468 0.302973
v 0.544597 2.479171 0.349724
v 0.540582 2.498278 0.380133
v 0.554138 2.551769 0.368076
v 0.567419 2.680672 0.255367
v 0.515617 2.632066 0.180577
v 0.430774 2.623999 0.167203
v 0.370728 2.593811 0.161690
v 0.614205 2.716879 0.333529
v 0.630379 2.759792 0.396014
v 0.623714 2.852669 0.476952
v 0.567260 2.929294 0.470564
v 0.511529 2.799751 0.579211
v 0.571102 2.589870 0.436422
v 0.575080 2.631736 0.490403
v 0.551519 2.750529 0.567751
v 0.423077 2.382715 0.538423
v 0.395945 2.439987 0.597836
v 0.368626 2.496508 0.614635
v 0.339807 2.566848 0.653567
v 0.303195 2.638303 0.616590
v 0.512410 2.489604 0.500567
v 0.503552 2.531296 0.554564
v 0.479381 2.585021 0.585340
v 0.456005 2.656377 0.630645
v 0.421234 2.709566 0.628014
v 0.562346 2.681177 0.526540
v 0.628402 2.801863 0.441075
v -0.127369 2.285161 -0.087047
v 0.338510 2.661422 0.146525
v 0.023174 2.308484 -0.070352
v 0.102197 2.410745 -0.022968
v 0.171395 2.520832 0.024927
v 0.236778 2.631102 0.059294
v 0.311375 2.740581 0.105473
v 0.323766 2.896204 0.113561
v 0.347878 3.033042 0.146654
v -0.068694 2.353581 -0.034991
v -0.000922 2.444341 0.018873
v 0.075480 2.546456 0.079167
v 0.138042 2.661786 0.125009
v 0.178997 2.776430 0.132759
v 0.193876 2.891546 0.152096
v 0.197702 3.020453 0.176844
v -0.127100 2.365715 0.009252
v -0.060989 2.443881 0.079676
v 0.018263 2.541165 0.164310
v 0.083332 2.689569 0.236496
v -0.200550 2.250185 -0.144927
v -0.198971 2.199787 -0.256444
v -0.179339 2.298836 -0.056268
v 0.167843 2.764438 0.215689
v 0.175312 2.871632 0.244191
v 0.182146 3.001091 0.269558
v 0.175179 3.131318 0.292104
v 0.192526 3.140202 0.207324
v 0.135439 3.357768 0.261622
v 0.109241 3.349238 0.332499
v 0.040068 3.439441 0.344278
v 0.077138 3.462766 0.272562
v -0.023425 3.537916 0.271980
v -0.045387 3.529624 0.356292
v 0.094836 2.839820 0.300695
v 0.120531 2.992427 0.336803
v 0.130496 3.127532 0.364659
v 0.081501 3.332449 0.398843
v 0.032880 3.421935 0.421751
v -0.005708 3.510778 0.440973
v -0.504075 2.206472 0.430433
v -0.477348 2.151320 0.472794
v -0.531456 2.176581 0.524457
v -0.559932 2.106336 0.559072
v -0.472727 2.085546 0.503891
v -0.390052 2.069441 0.451334
v -0.401719 2.137872 0.433471
v -0.442414 2.196794 0.386219
v -0.585891 2.045563 0.575578
v -0.491168 2.024032 0.508617
v -0.384772 2.003513 0.463419
v -0.397127 1.951567 0.456909
v -0.515531 1.966371 0.512452
v -0.500791 2.204154 0.333883
v -0.554489 2.198572 0.237312
v -0.610919 2.147418 0.163444
v -0.652161 2.062454 0.134192
v -0.656512 1.983762 0.162458
v -0.625766 1.943721 0.217854
v -0.578889 1.928771 0.283226
v -0.538629 1.895888 0.357434
v -0.463513 1.892205 0.425707
v -0.565946 1.906034 0.489034
v -0.634412 1.895441 0.421458
v -0.669008 1.946792 0.365668
v -0.689310 1.995096 0.306645
v -0.713752 2.031936 0.260941
v -0.722593 2.098546 0.226886
v -0.683373 2.183185 0.238582
v -0.620232 2.231266 0.293190
v -0.551951 2.244789 0.366909
v -0.780175 1.955366 0.446030
v -0.778462 2.021868 0.408588
v -0.789271 2.065001 0.360795
v -0.779883 2.129824 0.335875
v -0.739999 2.188781 0.348952
v -0.687843 2.238936 0.383969
v -0.623524 2.253482 0.439761
v -0.560946 2.234834 0.496927
v -0.624314 1.992891 0.574134
v -0.804447 0.382025 -0.384873
v -0.124709 2.316958 0.352624
v -0.131141 2.375539 0.347209
v -0.226615 2.147576 0.341713
v -0.676932 1.941497 0.557496
v -0.742681 1.909208 0.507034
v -0.736934 2.235626 0.486749
v -0.684008 2.252924 0.530107
v -0.639648 2.238467 0.578022
v -0.601713 2.200351 0.626573
v -0.611783 2.129722 0.661094
v -0.657528 2.073482 0.665324
v -0.712237 2.025898 0.664431
v -0.771500 1.996441 0.640256
v -0.836270 1.965017 0.595675
v -0.879888 1.997338 0.533042
v -0.859819 2.061993 0.498472
v -0.856271 2.111293 0.458669
v -0.827205 2.162553 0.445516
v -0.781492 2.199209 0.459257
v -0.668002 -0.604072 -0.361778
v -0.827614 -0.605599 -0.548069
v -0.905691 -0.598714 -0.663943
v -0.974437 -0.589574 -0.780955
v -1.050762 -0.573628 -0.909902
v -0.676602 -0.598704 0.278643
v -0.767907 -0.604398 0.367754
v -0.849005 -0.608210 0.455238
v -0.926853 -0.617182 0.543721
v -0.997068 -0.617547 0.628497
v -0.532347 -0.590678 0.143093
v -0.522661 -0.589022 -0.159870
v -0.218620 -0.589260 0.314286
v -0.380704 -0.573022 0.333212
v -0.594353 -0.590006 0.368789
v -0.688490 -0.599216 0.437776
v -0.780189 -0.606187 0.513114
v -0.869422 -0.609257 0.590401
v -0.959443 -0.599170 0.669378
v -0.055568 -0.601304 0.385395
v 0.126026 -0.601522 0.482313
v 0.255978 -0.600564 0.547572
v 0.346046 -0.601245 0.577987
v 0.460381 -0.599066 0.604970
v 0.537790 -0.592583 0.597951
v -0.234309 -0.585975 0.158250
v -0.046989 -0.608497 0.211897
v 0.069445 2.710473 0.312523
v 0.075460 2.680536 0.352633
v 0.089700 2.738760 0.415997
v 0.071113 2.787083 0.352530
v -0.162807 2.192533 0.339022
v -0.237058 2.271474 0.270980
v -0.043604 2.227486 0.415344
v -0.178741 2.266665 0.316238
v -0.184718 2.237942 0.317790
v -0.123851 2.237671 0.358882
v -0.117241 2.278423 0.362235
v -0.028910 2.291897 0.427748
v -0.030868 2.341774 0.419727
v -0.037620 2.402076 0.418915
v -0.017758 2.451635 0.376551
v 0.009130 2.459472 0.321328
v 0.021234 2.481946 0.265477
v 0.491486 -0.601868 0.557878
v 0.327873 -0.602054 0.487847
v 0.181950 -0.584641 0.357395
v 0.107691 -0.585335 0.168620
v 0.092483 -0.601983 -0.121680
v 0.179569 -0.553962 -0.423800
v 0.300455 -0.514633 -0.701593
v -0.180013 -0.589342 -0.083523
v 0.445371 -0.531018 -0.898157
v 0.438246 -0.529222 -0.958479
v 0.313156 -0.549609 -0.908427
v 0.089042 -0.558062 -0.707932
v 0.362279 -0.555381 -0.859205
v 0.216559 -0.576169 -0.694307
v 0.100645 -0.594050 -0.525996
v -0.001560 -0.572790 -0.574586
v -0.004283 -0.608839 -0.364507
v 0.074207 -0.607494 0.342042
v -1.083857 -0.543016 0.656287
v -1.069036 -0.536087 0.685976
v -1.033974 -0.531741 0.702476
v -1.052838 -0.591443 0.677424
v -1.017862 -0.581046 0.696036
v -1.094517 -0.555648 -0.969159
v -1.073488 -0.550484 -0.989759
v -1.060805 -0.532559 -1.002872
v -1.063198 -0.497700 -1.004383
v -1.076056 -0.478923 -0.993447
v -1.107921 -0.549903 -0.946698
v -1.128374 -0.523983 -0.953520
v -1.129001 -0.486592 -0.968078
v -1.099783 -0.470748 -0.984792
v -1.100756 -0.496932 -1.012488
v -1.103569 -0.511722 -1.023007
v -1.123910 -0.507048 -1.003124
v -1.113838 -0.493994 -1.005556
v -1.093142 -0.534561 -1.012815
v -1.121234 -0.534119 -0.992586
v 0.526675 -0.493893 -0.967823
v 0.518647 -0.493525 -0.972937
v 0.527364 -0.494932 -0.960821
v 0.506523 -0.515330 -0.950922
v 0.497435 -0.518087 -0.966476
v 0.509988 -0.503577 -0.976315
v 0.163274 2.826209 0.524927
v 0.093067 2.842263 0.472482
v 0.077530 2.864225 0.388133
v 0.092925 2.998525 0.421446
v 0.124540 3.146970 0.454064
v 0.301156 2.871353 0.593725
v 0.316989 2.994713 0.603915
v 0.173499 2.969633 0.574165
v 0.098203 2.982105 0.522053
v 0.130549 3.127144 0.536570
v 0.194778 3.115979 0.597361
v 0.329168 3.127202 0.586559
v 0.455848 3.151125 0.504269
v 0.426449 3.042657 0.515690
v 0.412776 2.958305 0.524616
v 0.451402 3.046487 0.373900
v 0.441981 3.165667 0.352793
v 0.421602 2.988496 0.475929
v 0.422845 3.058250 0.448127
v 0.441965 3.164114 0.430016
v 0.403878 3.142689 0.580635
v 0.390708 3.017335 0.579138
v 0.371030 2.914703 0.571706
v 0.092043 3.333398 0.468845
v 0.061941 3.427614 0.492953
v 0.038273 3.520776 0.510296
v 0.028331 3.594139 0.506530
v -0.009344 3.586339 0.453049
v -0.059835 3.600083 0.407669
v -0.025599 3.651739 0.398746
v 0.022669 3.633821 0.440248
v 0.053029 3.643309 0.488829
v 0.095021 3.654912 0.464902
v 0.063371 3.646137 0.416724
v 0.020709 3.669000 0.366263
v 0.289838 3.162845 0.137847
v 0.204104 3.373690 0.205997
v 0.411648 3.176445 0.277239
v 0.417521 3.078826 0.295621
v 0.387851 3.071710 0.219451
v 0.381147 3.175658 0.203843
v 0.164848 3.446185 0.249947
v 0.214082 3.446188 0.259144
v 0.279703 3.386753 0.221164
v 0.173798 3.255222 0.234244
v 0.154040 3.245831 0.314905
v 0.116609 3.237232 0.380894
v 0.121845 3.241885 0.448633
v 0.245786 3.275220 0.173469
v 0.346326 3.294147 0.191421
v 0.389912 3.288070 0.265000
v 0.433556 3.287920 0.327981
v 0.381411 3.401935 0.316903
v 0.332230 3.389524 0.265952
v 0.144045 3.244795 0.486175
v 0.176469 3.238632 0.534233
v 0.262677 3.471474 0.270014
v 0.306527 3.490638 0.320487
v 0.457216 3.286820 0.495026
v 0.459068 3.286436 0.404327
v 0.403062 3.405950 0.391092
v 0.400038 3.403767 0.467919
v 0.330576 3.488769 0.449770
v 0.320438 3.485242 0.385302
v 0.390592 3.271815 0.551393
v 0.356076 3.383066 0.517731
v 0.304896 3.479261 0.504356
v 0.308011 3.374244 0.545291
v 0.329994 3.254678 0.566102
v 0.122845 3.338349 0.522863
v 0.097255 3.438057 0.560443
v 0.070522 3.552790 0.603344
v 0.047915 3.624141 0.568108
v 0.077518 3.676355 0.547394
v 0.112655 3.676172 0.510178
v 0.162957 3.662152 0.495817
v 0.144771 3.636208 0.449656
v 0.116890 3.626763 0.396516
v 0.154436 3.442554 0.600247
v 0.208847 3.452189 0.607688
v 0.190022 3.547156 0.660038
v 0.133543 3.539103 0.654287
v 0.253780 3.468839 0.591475
v 0.235197 3.562761 0.639265
v 0.256561 3.594814 0.608544
v 0.282674 3.495414 0.549315
v 0.225497 3.551109 0.325977
v 0.243095 3.543191 0.386934
v 0.260995 3.552983 0.444233
v 0.261210 3.556480 0.512599
v 0.246732 3.635787 0.571146
v 0.160708 3.693018 0.546246
v 0.115022 3.697038 0.548119
v 0.216705 3.240320 0.573294
v 0.275494 3.246911 0.586142
v 0.266213 3.116284 0.597928
v 0.247302 2.977614 0.588424
v 0.227636 2.839065 0.565809
v 0.212206 2.721177 0.524779
v 0.053594 3.691624 0.651869
v 0.070317 3.654493 0.702664
v 0.119035 3.636995 0.725987
v 0.169873 3.644093 0.726797
v 0.213571 3.660817 0.699097
v 0.226652 3.692102 0.675098
v 0.222093 3.714480 0.637721
v 0.190472 3.735732 0.608888
v 0.146365 3.746228 0.597996
v 0.106077 3.738667 0.600527
v 0.075418 3.722084 0.614498
v 0.205239 3.671184 0.552447
v 0.211414 3.624923 0.498237
v 0.198806 3.601340 0.444917
v 0.174294 3.591152 0.389506
v 0.146691 3.599978 0.329717
v 0.189204 3.533062 0.276006
v 0.102333 3.602158 0.272276
v 0.076876 3.644097 0.326025
v 0.161461 3.492746 0.261281
v 0.083005 3.535827 0.254599
v 0.168952 3.345602 0.558453
v 0.219518 3.352387 0.568445
v 0.263927 3.360706 0.565023
v 0.160226 3.813088 0.664474
v 0.118871 3.813707 0.650871
v 0.071982 3.794252 0.657606
v 0.040799 3.772536 0.709818
v 0.061898 3.746779 0.756921
v 0.127767 3.729814 0.780856
v 0.190419 3.752301 0.747978
v 0.195440 3.786549 0.699372
v 0.133485 3.927214 0.734035
v 0.086523 3.929541 0.715095
v 0.039957 3.912557 0.729841
v 0.019058 3.887005 0.772054
v 0.040679 3.866266 0.816672
v 0.091294 3.863214 0.835119
v 0.139234 3.880165 0.817633
v 0.153452 3.906151 0.775323
v 0.116780 4.030350 0.790562
v 0.076077 4.034015 0.768641
v 0.033255 4.019646 0.780325
v 0.012100 3.997974 0.815863
v 0.026199 3.980071 0.855896
v 0.067972 3.977360 0.875522
v 0.109553 3.990910 0.863933
v 0.129501 4.011988 0.830465
v 0.100764 4.117503 0.836288
v 0.058609 4.121726 0.823314
v 0.018982 4.104857 0.836666
v 0.005528 4.076517 0.868815
v 0.031639 4.056555 0.897328
v 0.072396 4.054401 0.907453
v 0.109781 4.068844 0.897194
v 0.120952 4.095433 0.867069
v 0.101285 4.199555 0.906858
v 0.062904 4.208952 0.899776
v 0.028661 4.193907 0.917141
v 0.020565 4.166025 0.945576
v 0.043634 4.142507 0.967393
v 0.080845 4.136921 0.970810
v 0.111657 4.151177 0.954895
v 0.123033 4.175860 0.929373
v 0.122607 4.286261 1.006642
v 0.088006 4.292867 1.011394
v 0.061093 4.278008 1.029887
v 0.059483 4.249368 1.051404
v 0.083213 4.225657 1.062247
v 0.117140 4.219747 1.057224
v 0.142576 4.234733 1.039181
v 0.145646 4.262386 1.017888
v 0.152176 4.352231 1.107663
v 0.125292 4.355537 1.110661
v 0.104432 4.344949 1.123953
v 0.100890 4.324641 1.141584
v 0.117813 4.305920 1.153417
v 0.145527 4.301647 1.150868
v 0.167439 4.312802 1.136870
v 0.170027 4.334163 1.118700
v 0.175130 4.423795 1.199245
v 0.152599 4.424400 1.200242
v 0.137018 4.413893 1.211655
v 0.135137 4.398195 1.227323
v 0.149410 4.385011 1.239254
v 0.172914 4.383428 1.238903
v 0.189287 4.394934 1.226297
v 0.190274 4.411323 1.210233
v 0.195760 4.497653 1.272347
v 0.175709 4.500196 1.268470
v 0.158781 4.492497 1.276125
v 0.151537 4.479492 1.290430
v 0.159750 4.466481 1.305733
v 0.181461 4.463164 1.310549
v 0.200292 4.471434 1.301938
v 0.206651 4.485518 1.286320
v 0.194322 4.585834 1.325805
v 0.174143 4.584986 1.324378
v 0.160401 4.575058 1.334935
v 0.157489 4.562423 1.350220
v 0.169504 4.553360 1.363165
v 0.189161 4.554044 1.364838
v 0.204874 4.563566 1.354907
v 0.207770 4.576728 1.338830
v 0.191185 4.635084 1.360057
v 0.174107 4.635907 1.354904
v 0.161763 4.627238 1.363706
v 0.158160 4.616919 1.376824
v 0.165279 4.608396 1.390250
v 0.181987 4.608537 1.394060
v 0.195285 4.616200 1.386776
v 0.199132 4.626711 1.373376
v -0.915421 2.185283 0.543396
v -0.935262 2.138080 0.578845
v -0.954786 2.082367 0.621372
v -0.904821 2.057881 0.675979
v -0.846274 2.060713 0.726012
v -0.783523 2.088846 0.748817
v -0.730089 2.137761 0.749378
v -0.690046 2.190846 0.734747
v -0.688671 2.237780 0.694719
v -0.708831 2.262113 0.656894
v -0.741263 2.273429 0.615034
v -0.781887 2.265116 0.581242
v -0.822140 2.246400 0.556995
v -0.869851 2.226520 0.537198
v -0.959857 2.282058 0.615797
v -0.966729 2.243158 0.656864
v -0.971135 2.205218 0.703141
v -0.937505 2.186041 0.750686
v -0.899464 2.179184 0.795833
v -0.845465 2.198111 0.819809
v -0.792833 2.234666 0.818659
v -0.755190 2.273999 0.801929
v -0.747742 2.309802 0.764765
v -0.761529 2.331823 0.725032
v -0.786514 2.342341 0.685807
v -0.824103 2.339834 0.653097
v -0.863537 2.327092 0.630246
v -0.902727 2.314559 0.610606
v -0.988030 2.391248 0.687849
v -0.991443 2.360119 0.729412
v -0.989695 2.333387 0.772322
v -0.973475 2.316761 0.816692
v -0.940428 2.311676 0.857067
v -0.891390 2.324389 0.880199
v -0.842535 2.348888 0.883210
v -0.802938 2.380913 0.864206
v -0.794870 2.409531 0.823717
v -0.803903 2.428251 0.783076
v -0.826412 2.437958 0.743957
v -0.860435 2.436471 0.712906
v -0.900299 2.426383 0.693084
v -0.938079 2.415538 0.678993
v -1.002831 2.501043 0.767625
v -1.012250 2.480437 0.799019
v -1.013071 2.461459 0.837047
v -1.007028 2.446405 0.878151
v -0.977282 2.443712 0.915639
v -0.935543 2.452825 0.936925
v -0.890761 2.471108 0.942158
v -0.851019 2.497101 0.924786
v -0.838690 2.521679 0.883958
v -0.847098 2.537069 0.841257
v -0.868001 2.544989 0.802967
v -0.900852 2.543191 0.773628
v -0.936263 2.534332 0.755917
v -0.975703 2.523685 0.745540
v -1.028466 2.612190 0.838333
v -1.037014 2.597449 0.869010
v -1.046779 2.582368 0.899745
v -1.048181 2.568980 0.933688
v -1.026028 2.565063 0.968504
v -0.986496 2.572825 0.988023
v -0.945837 2.589765 0.987633
v -0.913717 2.611229 0.970730
v -0.897974 2.631929 0.939867
v -0.899140 2.645797 0.902203
v -0.913726 2.653490 0.865279
v -0.938712 2.655520 0.832682
v -0.972987 2.650146 0.806288
v -1.013916 2.630656 0.811505
v -1.068214 2.714537 0.892989
v -1.086338 2.709124 0.919544
v -1.099948 2.694533 0.942518
v -1.103039 2.681895 0.971335
v -1.084789 2.679288 1.004993
v -1.044274 2.680671 1.026574
v -1.002041 2.693523 1.032125
v -0.967799 2.714535 1.022497
v -0.948233 2.739518 0.999621
v -0.942338 2.752414 0.964441
v -0.952901 2.759202 0.929286
v -0.976968 2.760149 0.898001
v -1.008936 2.746626 0.874910
v -1.042341 2.728551 0.874634
v -1.118046 2.805502 0.928261
v -1.161645 2.818589 0.946409
v -1.172803 2.798311 0.968025
v -1.174102 2.786888 0.992753
v -1.159352 2.792263 1.029467
v -1.106519 2.777573 1.046889
v -1.061229 2.784401 1.060262
v -1.021884 2.808311 1.065369
v -0.997527 2.850966 1.067222
v -0.971443 2.861629 1.026840
v -0.977551 2.868817 0.990441
v -1.012205 2.872872 0.960593
v -1.039986 2.834800 0.931665
v -1.077253 2.812474 0.922794
v 0.169347 2.116666 -0.318565
v 0.136818 2.052691 -0.343945
v 0.072139 2.011570 -0.363854
v 0.004880 1.980493 -0.386804
v -0.054805 1.970765 -0.422458
v -0.115882 2.002396 -0.435964
v -0.169567 2.052747 -0.431443
v -0.191978 2.126698 -0.402899
v -0.157026 2.172098 -0.376487
v -0.109647 2.196635 -0.357205
v -0.053388 2.213432 -0.340070
v 0.008078 2.229713 -0.320925
v 0.073902 2.215465 -0.306929
v 0.137157 2.183540 -0.302220
v 0.146360 2.150417 -0.432662
v 0.115423 2.099174 -0.453091
v 0.062643 2.068068 -0.472861
v 0.024309 2.022108 -0.500402
v -0.032549 2.005705 -0.523241
v -0.087831 2.029568 -0.533952
v -0.131147 2.074955 -0.531982
v -0.149340 2.133428 -0.516681
v -0.119641 2.177693 -0.493776
v -0.079968 2.211443 -0.472539
v -0.038719 2.250462 -0.450106
v 0.020071 2.258282 -0.431154
v 0.080724 2.247830 -0.418530
v 0.134791 2.211702 -0.417843
v 0.128862 2.173541 -0.547273
v 0.099341 2.130668 -0.565535
v 0.065488 2.089501 -0.586986
v 0.032964 2.047783 -0.609337
v -0.021126 2.035541 -0.629401
v -0.072891 2.059006 -0.638317
v -0.106764 2.103646 -0.635938
v -0.125416 2.159381 -0.624735
v -0.095363 2.203652 -0.604106
v -0.066600 2.247349 -0.585482
v -0.025865 2.283367 -0.564880
v 0.029782 2.283971 -0.545572
v 0.085761 2.271690 -0.536151
v 0.122263 2.228493 -0.535413
v 0.132395 2.202302 -0.654551
v 0.107639 2.155028 -0.674923
v 0.082485 2.110068 -0.696890
v 0.047297 2.070200 -0.720261
v -0.005847 2.056934 -0.738682
v -0.056948 2.080901 -0.746078
v -0.090444 2.124278 -0.741964
v -0.100414 2.176834 -0.728878
v -0.086949 2.227325 -0.710882
v -0.057557 2.271015 -0.691483
v -0.022201 2.323147 -0.684513
v 0.032787 2.315140 -0.650721
v 0.083384 2.296243 -0.649198
v 0.116038 2.255243 -0.641848
v 0.007816 2.411530 -0.862929
v -0.017098 2.398973 -0.793357
v -0.002535 2.391582 -0.735884
v 0.044687 2.384335 -0.707690
v 0.088998 2.374289 -0.712383
v 0.131386 2.370573 -0.748860
v 0.159717 2.377535 -0.813018
v 0.130645 2.394321 -0.874608
v 0.072293 2.410557 -0.897554
v 0.126828 2.301457 -0.730488
v 0.151297 2.316378 -0.818355
v 0.114911 2.342579 -0.892566
v -0.036296 2.340095 -0.790206
v -0.010256 2.353726 -0.880497
v 0.180604 2.458815 -0.809025
v 0.150729 2.465456 -0.861794
v 0.097748 2.477494 -0.876219
v 0.042144 2.482230 -0.849398
v 0.010737 2.470023 -0.779288
v 0.056939 2.473882 -0.730554
v 0.110620 2.467075 -0.725841
v 0.154578 2.461944 -0.756795
v 0.211794 2.556181 -0.800459
v 0.187779 2.557874 -0.849473
v 0.138770 2.563818 -0.862859
v 0.092997 2.569468 -0.841515
v 0.067632 2.576731 -0.797659
v 0.090665 2.577355 -0.751119
v 0.138482 2.571230 -0.730666
v 0.185108 2.562350 -0.753721
v 0.231786 2.668095 -0.802663
v 0.218430 2.666178 -0.844135
v 0.177643 2.670240 -0.853658
v 0.140594 2.675518 -0.838770
v 0.123709 2.679866 -0.806155
v 0.132968 2.682783 -0.769413
v 0.169112 2.680708 -0.748291
v 0.209716 2.674212 -0.764160
v 0.231960 2.775062 -0.814825
v 0.222753 2.773150 -0.850814
v 0.188776 2.777288 -0.859209
v 0.156867 2.782913 -0.849267
v 0.140419 2.787061 -0.821070
v 0.147567 2.788182 -0.788108
v 0.178524 2.785828 -0.769025
v 0.213672 2.780194 -0.781914
v 0.202297 2.898964 -0.855019
v 0.191784 2.898281 -0.876623
v 0.166626 2.901590 -0.886159
v 0.137628 2.908862 -0.880049
v 0.124317 2.918933 -0.851098
v 0.146147 2.918322 -0.828732
v 0.170843 2.912594 -0.824803
v 0.193579 2.906962 -0.833385
v -0.043823 2.303092 -0.878080
v -0.054619 2.288468 -0.792725
v -0.076390 2.242758 -0.802613
v -0.069492 2.255488 -0.885367
v -0.081994 2.209243 -0.893765
v -0.088978 2.195184 -0.813457
v -0.086819 2.139310 -0.827734
v -0.073685 2.158983 -0.901532
v -0.045488 2.120650 -0.906757
v -0.050082 2.094702 -0.830369
v 0.000941 2.069973 -0.828642
v 0.005812 2.096657 -0.909472
v 0.061547 2.115830 -0.893796
v 0.060542 2.087008 -0.807354
v 0.099542 2.128413 -0.788278
v 0.106044 2.157224 -0.870984
v 0.118909 2.210638 -0.851543
v 0.118393 2.181140 -0.769571
v 0.142794 2.231205 -0.748058
v 0.136174 2.264664 -0.836187
v -0.017101 3.648883 0.219308
v -0.068265 3.618514 0.203348
v -0.105594 3.597821 0.242959
v -0.133890 3.593527 0.301462
v -0.132235 3.638454 0.348309
v -0.096320 3.687636 0.344490
v -0.051185 3.710299 0.311085
v -0.016166 3.703763 0.263762
v -0.135532 3.727567 0.166012
v -0.166552 3.687019 0.154819
v -0.207294 3.656099 0.181765
v -0.229476 3.669220 0.232123
v -0.231222 3.711336 0.275710
v -0.197191 3.757028 0.275972
v -0.158654 3.777112 0.245575
v -0.129877 3.769958 0.200331
v -0.251765 3.812583 0.112105
v -0.277730 3.777265 0.100878
v -0.316049 3.747451 0.114605
v -0.343844 3.753498 0.164892
v -0.330533 3.792976 0.194127
v -0.305686 3.826401 0.201151
v -0.273306 3.844924 0.181194
v -0.250640 3.841763 0.146542
v -0.361544 3.902353 0.070612
v -0.381146 3.877041 0.050622
v -0.419037 3.853224 0.060400
v -0.443716 3.857905 0.104728
v -0.430635 3.887332 0.137510
v -0.402225 3.911439 0.138586
v -0.378721 3.918405 0.120734
v -0.364940 3.913532 0.097213
v -0.446756 4.006032 0.033071
v -0.461785 3.990125 0.014381
v -0.495070 3.973428 0.018840
v -0.517502 3.975097 0.053376
v -0.507780 3.994613 0.087241
v -0.479514 4.012163 0.089749
v -0.458895 4.017663 0.075336
v -0.446904 4.015559 0.055085
v -0.502517 4.118399 -0.003548
v -0.519984 4.105631 -0.022691
v -0.555523 4.091445 -0.019338
v -0.571022 4.095165 0.017847
v -0.554759 4.109497 0.044755
v -0.530814 4.121068 0.049473
v -0.512005 4.125872 0.037716
v -0.502212 4.124768 0.019019
v -0.547939 4.240203 -0.029764
v -0.562806 4.232893 -0.047984
v -0.597510 4.223709 -0.048147
v -0.616310 4.225257 -0.009746
v -0.595306 4.235800 0.021414
v -0.566468 4.243274 0.022529
v -0.548109 4.246171 0.009109
v -0.543061 4.244953 -0.010373
v -0.559490 4.371306 -0.056264
v -0.581210 4.366315 -0.073409
v -0.614446 4.362545 -0.066679
v -0.626998 4.363991 -0.033070
v -0.609272 4.368321 -0.006919
v -0.583930 4.371934 -0.002222
v -0.564270 4.374178 -0.013209
v -0.555036 4.374094 -0.033248
v -0.562993 4.521645 -0.070011
v -0.583898 4.521132 -0.082037
v -0.609627 4.520110 -0.074500
v -0.622330 4.519361 -0.049522
v -0.611435 4.518874 -0.024745
v -0.587633 4.519115 -0.018861
v -0.566715 4.520270 -0.027918
v -0.558369 4.521311 -0.048238
v -0.565162 4.677472 -0.068345
v -0.573401 4.678493 -0.072300
v -0.583428 4.678534 -0.067218
v -0.586271 4.677461 -0.056406
v -0.581425 4.676878 -0.048125
v -0.572173 4.677370 -0.045799
v -0.563187 4.677832 -0.050030
v -0.561365 4.678161 -0.060272
v -0.005824 3.584525 0.231409
v 0.675159 2.913519 0.378562
v 0.676573 2.879133 0.313324
v 0.664881 2.846617 0.252152
v 0.642883 2.827420 0.181047
v 0.615347 2.868864 0.117956
v 0.584123 2.904610 0.094351
v 0.548485 2.961742 0.102868
v 0.543565 3.018032 0.140753
v 0.553715 3.055433 0.188865
v 0.574509 3.068593 0.248852
v 0.601649 3.053748 0.316384
v 0.648730 3.010442 0.381140
v 0.738269 3.033707 0.267019
v 0.739016 2.995266 0.222972
v 0.728410 2.968619 0.171156
v 0.714514 2.954979 0.115846
v 0.684838 2.971059 0.064512
v 0.648325 3.009725 0.044424
v 0.619938 3.060350 0.055912
v 0.614771 3.103896 0.092064
v 0.619969 3.136377 0.138044
v 0.639309 3.149632 0.192314
v 0.672744 3.139079 0.246927
v 0.719649 3.096757 0.281266
v 0.802299 3.143708 0.168915
v 0.812003 3.104344 0.139997
v 0.811867 3.076286 0.096979
v 0.794398 3.070232 0.048897
v 0.762411 3.085029 0.010415
v 0.733809 3.121855 -0.005311
v 0.703371 3.163440 -0.002453
v 0.693613 3.202582 0.029426
v 0.700873 3.225967 0.072361
v 0.718187 3.236580 0.119708
v 0.750368 3.221029 0.158456
v 0.781047 3.185118 0.180328
v 0.886273 3.260606 0.083443
v 0.903349 3.229080 0.059280
v 0.907894 3.205037 0.022823
v 0.890609 3.201534 -0.017190
v 0.861828 3.218467 -0.044644
v 0.831411 3.242993 -0.062110
v 0.801842 3.275218 -0.062856
v 0.780802 3.308748 -0.043224
v 0.780284 3.331086 -0.002077
v 0.802789 3.332052 0.039854
v 0.828514 3.317662 0.069774
v 0.859379 3.293249 0.087712
v 0.985825 3.369206 -0.005065
v 0.995853 3.343133 -0.030338
v 0.993989 3.326598 -0.063824
v 0.980208 3.323803 -0.098483
v 0.957489 3.335520 -0.126117
v 0.931763 3.360230 -0.137458
v 0.910194 3.390202 -0.130209
v 0.901392 3.415180 -0.104780
v 0.905540 3.428775 -0.071252
v 0.919186 3.430880 -0.036864
v 0.939474 3.422832 -0.007688
v 0.965082 3.398825 0.003664
v 1.063003 3.478486 -0.077804
v 1.079484 3.458729 -0.099929
v 1.080983 3.447485 -0.131882
v 1.070035 3.446143 -0.163993
v 1.047941 3.456139 -0.187734
v 1.021143 3.474200 -0.197200
v 0.997003 3.496010 -0.187895
v 0.982603 3.514767 -0.163932
v 0.981278 3.525706 -0.132269
v 0.991850 3.527456 -0.100426
v 1.012536 3.519074 -0.075609
v 1.039141 3.500371 -0.068300
v 1.121765 3.600425 -0.125231
v 1.138972 3.581051 -0.141216
v 1.142966 3.563334 -0.165693
v 1.129146 3.554544 -0.191179
v 1.106478 3.554060 -0.211186
v 1.080635 3.558545 -0.226109
v 1.055179 3.574276 -0.223120
v 1.040201 3.593615 -0.205470
v 1.036841 3.611059 -0.180871
v 1.048430 3.621306 -0.154775
v 1.069453 3.623447 -0.133427
v 1.096179 3.615865 -0.122614
v 1.173780 3.741001 -0.176635
v 1.188538 3.729500 -0.194771
v 1.190121 3.719223 -0.219188
v 1.179350 3.712911 -0.242516
v 1.159177 3.711934 -0.259044
v 1.133685 3.716211 -0.266052
v 1.111610 3.726213 -0.255861
v 1.098779 3.737557 -0.236539
v 1.097425 3.747516 -0.212961
v 1.107407 3.753921 -0.190483
v 1.127471 3.754554 -0.175335
v 1.151373 3.750496 -0.168730
v 1.213410 3.891614 -0.211337
v 1.224925 3.885651 -0.232482
v 1.224883 3.880076 -0.256564
v 1.212348 3.876359 -0.277725
v 1.190891 3.875498 -0.290094
v 1.166303 3.877770 -0.289970
v 1.145978 3.882585 -0.276941
v 1.134433 3.888444 -0.256086
v 1.134673 3.893952 -0.232289
v 1.146609 3.897785 -0.210974
v 1.167781 3.898618 -0.199090
v 1.192204 3.896276 -0.199558
v 1.248733 4.070175 -0.254073
v 1.256346 4.064221 -0.270619
v 1.254368 4.059743 -0.288309
v 1.244128 4.057277 -0.304217
v 1.227269 4.058120 -0.312785
v 1.209457 4.061547 -0.312648
v 1.194212 4.067092 -0.302661
v 1.186200 4.072856 -0.286970
v 1.187348 4.077729 -0.268473
v 1.197931 4.079972 -0.253002
v 1.214798 4.079451 -0.243472
v 1.233489 4.075819 -0.243957
v 0.060391 1.229276 -0.577712
v 0.049368 1.174946 -0.575417
v 0.026427 1.177366 -0.578318
v 0.010454 1.223548 -0.593013
v -0.023332 1.316699 -0.603878
v -0.081141 1.429678 -0.585429
v -0.153506 1.541381 -0.550054
v -0.226432 1.651004 -0.505054
v -0.175652 1.671582 -0.489217
v -0.100833 1.573654 -0.529016
v -0.027644 1.461439 -0.568762
v 0.031578 1.346100 -0.586452
v -1.105869 2.877054 0.961727
v -1.061044 2.905814 0.975663
v -1.092251 2.943388 1.020576
v -1.126740 2.914905 1.002430
v -1.161344 2.871897 0.959124
v -1.176498 2.917605 0.997818
v -1.107363 2.860096 1.068808
v -1.162105 2.850278 1.052803
v -1.064200 2.886145 1.089034
v -1.178883 2.916258 1.039447
v -1.133050 2.915210 1.046298
v -1.100353 2.940515 1.061055
v -1.262660 2.908181 1.049664
v -1.257312 2.946954 1.037776
v -1.254009 2.955060 1.005105
v -1.255329 2.934403 0.977550
v -1.261816 2.905432 0.966500
v -1.271557 2.882733 0.975461
v -1.276024 2.868516 0.997243
v -1.272698 2.870893 1.029659
v -1.365566 2.972811 1.043973
v -1.351222 3.000521 1.036581
v -1.345978 3.012825 1.008342
v -1.352656 3.003671 0.984599
v -1.364180 2.985608 0.973798
v -1.374497 2.966474 0.978777
v -1.380855 2.951357 0.995733
v -1.378602 2.950479 1.022367
v -1.473915 3.052241 1.029661
v -1.455509 3.077466 1.023126
v -1.450109 3.088657 0.997084
v -1.459196 3.082764 0.972622
v -1.474242 3.067814 0.961265
v -1.487438 3.050009 0.966400
v -1.492676 3.037290 0.984908
v -1.488695 3.035983 1.011320
v -1.586259 3.132867 1.003028
v -1.568682 3.155020 0.999234
v -1.562656 3.168742 0.974279
v -1.571456 3.167097 0.947508
v -1.589155 3.152901 0.931420
v -1.606491 3.132617 0.936124
v -1.611266 3.119183 0.959232
v -1.602533 3.119458 0.985263
v -1.685527 3.198915 0.974772
v -1.673488 3.219766 0.969345
v -1.669544 3.233263 0.948996
v -1.675592 3.232482 0.924516
v -1.688641 3.216865 0.910680
v -1.700921 3.195908 0.915026
v -1.704551 3.182766 0.935937
v -1.698736 3.183340 0.960446
v -1.771479 3.259010 0.942787
v -1.763263 3.272481 0.940160
v -1.756771 3.282219 0.927082
v -1.755740 3.280386 0.908131
v -1.762331 3.267178 0.896829
v -1.771472 3.252020 0.899443
v -1.779363 3.242221 0.913856
v -1.778629 3.246565 0.933163
v -0.008610 2.348453 -0.945755
v 0.055395 2.368185 -0.932700
v 0.100612 2.308214 -0.921238
v 0.111006 2.248630 -0.936100
v 0.097649 2.191530 -0.952009
v 0.055904 2.152162 -0.965384
v 0.004413 2.138971 -0.978795
v -0.041233 2.156790 -0.973385
v -0.068389 2.193886 -0.960021
v -0.078630 2.228443 -0.952525
v -0.068308 2.270066 -0.951943
v -0.043869 2.317232 -0.948012
v 0.093507 2.289408 -1.023634
v 0.077946 2.244143 -1.038460
v 0.041024 2.212965 -1.049636
v -0.006427 2.200717 -1.050315
v -0.050533 2.218113 -1.042037
v -0.072351 2.246253 -1.026362
v -0.070848 2.307347 -1.019409
v -0.044328 2.346277 -1.014892
v -0.004261 2.369603 -1.013923
v 0.039600 2.368125 -1.012000
v 0.077839 2.337101 -1.013795
v 0.070815 2.352232 -1.122873
v 0.051406 2.318432 -1.136906
v 0.017288 2.297667 -1.147130
v -0.024115 2.296667 -1.151732
v -0.063173 2.311510 -1.152032
v -0.085210 2.343962 -1.141976
v -0.075664 2.379883 -1.125104
v -0.048095 2.406144 -1.110001
v -0.010395 2.418332 -1.102059
v 0.028951 2.413508 -1.102123
v 0.060941 2.388469 -1.108562
v 0.048827 2.426193 -1.229688
v 0.030758 2.402097 -1.245551
v 0.001950 2.388591 -1.258515
v -0.032356 2.387395 -1.266491
v -0.066487 2.395928 -1.269597
v -0.085812 2.421896 -1.258211
v -0.076966 2.450248 -1.238908
v -0.054105 2.471083 -1.221123
v -0.021768 2.480650 -1.209084
v 0.013992 2.476179 -1.205828
v 0.041736 2.456800 -1.212894
v 0.029232 2.497633 -1.337720
v 0.014803 2.478573 -1.356216
v -0.011667 2.470780 -1.369359
v -0.041316 2.472228 -1.376494
v -0.070335 2.481472 -1.377255
v -0.085993 2.502773 -1.364648
v -0.076640 2.523953 -1.345125
v -0.056885 2.539015 -1.327517
v -0.029329 2.543765 -1.316034
v -0.000120 2.537401 -1.313183
v 0.023531 2.520971 -1.320692
v 0.022397 2.584506 -1.454531
v 0.013119 2.562956 -1.473180
v -0.011138 2.553189 -1.489046
v -0.041050 2.553392 -1.492428
v -0.067710 2.568595 -1.484794
v -0.086503 2.589846 -1.470892
v -0.085261 2.611498 -1.452352
v -0.066904 2.627485 -1.438833
v -0.040169 2.632680 -1.430127
v -0.011103 2.624495 -1.429739
v 0.011298 2.606073 -1.437507
v -0.005180 2.670012 -1.487143
v -0.004329 2.698883 -1.530467
v -0.039923 2.723795 -1.512230
v -0.037431 2.684658 -1.480079
v -0.009569 2.704946 -1.566314
v -0.032050 2.728444 -1.556070
v -0.030364 2.669746 -1.585347
v -0.060650 2.686477 -1.575743
v -0.042349 2.611298 -1.563138
v -0.069309 2.629785 -1.548588
v 0.021351 2.655594 -1.496358
v 0.029377 2.688648 -1.543652
v 0.015403 2.701913 -1.582793
v -0.002513 2.604333 -1.585913
v 0.047348 2.643665 -1.523567
v 0.041056 2.604467 -1.552612
v -0.105285 2.678877 -1.505530
v -0.074188 2.700777 -1.485171
v -0.092871 2.659365 -1.545147
v -0.071410 2.783954 -1.531389
v -0.053997 2.778786 -1.565195
v -0.069530 2.755486 -1.591090
v -0.103929 2.738163 -1.584927
v -0.124606 2.746121 -1.553490
v -0.106861 2.767884 -1.525320
v -0.095942 2.847441 -1.562381
v -0.073629 2.842030 -1.588269
v -0.084894 2.823982 -1.614559
v -0.114264 2.811260 -1.617511
v -0.138286 2.815309 -1.594807
v -0.129140 2.834045 -1.565166
v -0.114991 2.919502 -1.600409
v -0.092344 2.912806 -1.624711
v -0.101364 2.895758 -1.651089
v -0.131195 2.884292 -1.656357
v -0.156513 2.890189 -1.631151
v -0.145851 2.907863 -1.603883
v -0.129092 2.994981 -1.644707
v -0.109739 2.988996 -1.666253
v -0.116814 2.973826 -1.691970
v -0.148072 2.964164 -1.696358
v -0.170058 2.968689 -1.671664
v -0.159038 2.984720 -1.645021
v -0.150750 3.098878 -1.724211
v 0.081441 2.673267 -1.582782
v 0.077253 2.647809 -1.609604
v 0.053508 2.654184 -1.641486
v 0.040019 2.693502 -1.644381
v 0.046983 2.718669 -1.616949
v 0.065948 2.707411 -1.587402
v 0.135270 2.723866 -1.645365
v 0.136162 2.702893 -1.673600
v 0.117430 2.710717 -1.702916
v 0.098575 2.741650 -1.702792
v 0.100055 2.760919 -1.673679
v 0.118010 2.751967 -1.645386
v 0.199182 2.784293 -1.710086
v 0.204537 2.766322 -1.736035
v 0.190393 2.773650 -1.765056
v 0.169815 2.800673 -1.767301
v 0.165004 2.819903 -1.739080
v 0.180851 2.810262 -1.710755
v 0.269894 2.851388 -1.777591
v 0.277883 2.831536 -1.794120
v 0.269123 2.836179 -1.820031
v 0.253073 2.859156 -1.828729
v 0.246970 2.879668 -1.808069
v 0.257396 2.873671 -1.781929
v 0.354063 2.906052 -1.841228
v 0.356440 2.898820 -1.853096
v 0.353117 2.905272 -1.868917
v 0.345211 2.923715 -1.866281
v 0.344614 2.928570 -1.849897
v 0.349434 2.918726 -1.841514
v -0.002603 2.668350 -1.608505
v -1.011271 2.971061 1.116255
v -0.982457 2.975431 1.086025
v -0.983543 2.984336 1.049013
v -1.012275 2.992203 1.025128
v -1.048487 3.002230 1.034347
v -1.068948 3.010363 1.062997
v -1.072738 3.006815 1.092138
v -1.056545 2.985924 1.118981
v -1.019551 3.088082 1.162861
v -0.995355 3.092909 1.139678
v -0.993833 3.099616 1.108335
v -1.016778 3.103450 1.087165
v -1.043221 3.103803 1.090875
v -1.061343 3.103266 1.109765
v -1.064160 3.099801 1.135546
v -1.052836 3.091856 1.159664
v -1.031949 3.211262 1.210981
v -1.010473 3.217563 1.193055
v -1.007607 3.224911 1.164117
v -1.025570 3.227401 1.143486
v -1.050796 3.224952 1.141927
v -1.068308 3.219509 1.159081
v -1.072437 3.214510 1.182689
v -1.059993 3.210442 1.204797
v -1.049459 3.338926 1.260441
v -1.030164 3.347500 1.243158
v -1.028129 3.354137 1.218412
v -1.042459 3.356969 1.196593
v -1.067032 3.352360 1.193784
v -1.085209 3.344735 1.209134
v -1.087788 3.338324 1.232796
v -1.075029 3.335754 1.253875
v -1.088361 3.532023 1.299372
v 1.251060 4.133234 -0.290309
v 1.248402 4.136129 -0.282434
v 1.241014 4.138197 -0.277971
v 1.249756 4.132051 -0.298397
v 1.244793 4.131454 -0.304719
v 1.237750 4.132177 -0.307145
v 1.231228 4.134132 -0.307316
v 1.224495 4.138346 -0.305360
v 1.220726 4.139895 -0.298372
v 1.220283 4.142228 -0.290111
v 1.225459 4.140123 -0.282876
v 1.232619 4.139934 -0.278040
v 0.174141 4.665360 1.404540
v -1.816397 3.295968 0.908087
v -0.572731 4.695789 -0.058453
v 1.238945 4.149094 -0.295659
v 0.170206 2.947920 -0.872987
v 0.360954 2.919301 -1.850856
vt 0.293107 0.098182
vt 0.277577 0.099774
vt 0.272221 0.061010
vt 0.283864 0.059342
vt 0.273055 0.024677
vt 0.279062 0.024000
vt 0.294346 0.181879
vt 0.307853 0.192966
vt 0.298578 0.202766
vt 0.285654 0.192456
vt 0.292805 0.055393
vt 0.285142 0.023198
vt 0.265149 0.024049
vt 0.258285 0.061669
vt 0.259771 0.098549
vt 0.297210 0.302779
vt 0.296909 0.275204
vt 0.306594 0.277073
vt 0.306128 0.305661
vt 0.289177 0.299450
vt 0.288052 0.271820
vt 0.317303 0.278682
vt 0.316474 0.307304
vt 0.330620 0.280419
vt 0.330035 0.308688
vt 0.283379 0.294765
vt 0.280264 0.268516
vt 0.272135 0.264995
vt 0.277712 0.294404
vt 0.316011 0.151410
vt 0.320847 0.194542
vt 0.301872 0.152617
vt 0.284222 0.156492
vt 0.320198 0.090649
vt 0.308456 0.050469
vt 0.345534 0.055626
vt 0.348843 0.086505
vt 0.278041 0.168640
vt 0.267592 0.165705
vt 0.264883 0.152390
vt 0.238522 0.100347
vt 0.237351 0.068650
vt 0.211236 0.106685
vt 0.207064 0.081078
vt 0.304648 0.095447
vt 0.184627 0.116061
vt 0.170879 0.091052
vt 0.281533 0.128196
vt 0.297870 0.124803
vt 0.310006 0.122670
vt 0.325969 0.119896
vt 0.351934 0.117237
vt 0.333319 0.150489
vt 0.263250 0.126910
vt 0.241366 0.127149
vt 0.217738 0.129716
vt 0.197309 0.136680
vt 0.330260 0.334257
vt 0.316906 0.332737
vt 0.033237 0.069984
vt 0.036052 0.068389
vt 0.038818 0.071409
vt 0.037196 0.073074
vt 0.040253 0.070565
vt 0.043047 0.072778
vt 0.041653 0.074436
vt 0.040257 0.075342
vt 0.035289 0.084332
vt 0.044174 0.086061
vt 0.051975 0.079776
vt 0.046466 0.071074
vt 0.049687 0.083663
vt 0.040595 0.101653
vt 0.056038 0.103095
vt 0.072070 0.089323
vt 0.076527 0.080743
vt 0.070611 0.132435
vt 0.046764 0.119713
vt 0.065917 0.096853
vt 0.102559 0.091220
vt 0.096870 0.102403
vt 0.164147 0.126685
vt 0.134419 0.099652
vt 0.124575 0.119852
vt 0.082443 0.113516
vt 0.116153 0.137112
vt 0.049107 0.141656
vt 0.067132 0.155228
vt 0.043585 0.165936
vt 0.059730 0.179005
vt 0.103692 0.153882
vt 0.093303 0.171452
vt 0.058066 0.195930
vt 0.054400 0.211302
vt 0.034521 0.210738
vt 0.040936 0.189878
vt 0.367857 0.090689
vt 0.368410 0.067130
vt 0.366850 0.118363
vt 0.387057 0.120738
vt 0.391665 0.096616
vt 0.394824 0.076382
vt 0.419256 0.083014
vt 0.418334 0.100520
vt 0.407186 0.125702
vt 0.470117 0.190051
vt 0.447165 0.178970
vt 0.461764 0.145188
vt 0.482695 0.160006
vt 0.490090 0.131215
vt 0.474523 0.119048
vt 0.484677 0.098918
vt 0.495652 0.081555
vt 0.506987 0.089100
vt 0.497544 0.109373
vt 0.522396 0.092190
vt 0.515276 0.117582
vt 0.344107 0.309414
vt 0.345448 0.281983
vt 0.359932 0.309067
vt 0.360793 0.282307
vt 0.449446 0.081680
vt 0.450210 0.103267
vt 0.466905 0.070873
vt 0.470112 0.084079
vt 0.433945 0.130420
vt 0.481787 0.057385
vt 0.484869 0.066985
vt 0.448527 0.137463
vt 0.430556 0.172075
vt 0.412543 0.164366
vt 0.463492 0.111745
vt 0.477019 0.091762
vt 0.489647 0.074789
vt 0.023562 0.239887
vt 0.051246 0.230372
vt 0.649348 0.270103
vt 0.650152 0.293798
vt 0.629319 0.307032
vt 0.622549 0.286014
vt 0.626242 0.253779
vt 0.644533 0.240978
vt 0.658872 0.251410
vt 0.481925 0.373567
vt 0.492921 0.401421
vt 0.479926 0.402289
vt 0.470914 0.374140
vt 0.668718 0.237797
vt 0.659165 0.231478
vt 0.605114 0.268510
vt 0.599436 0.303357
vt 0.581384 0.285961
vt 0.638906 0.229211
vt 0.617038 0.241053
vt 0.593698 0.253691
vt 0.654718 0.222479
vt 0.566983 0.269620
vt 0.505389 0.400921
vt 0.514482 0.425209
vt 0.503348 0.425888
vt 0.498294 0.375348
vt 0.497970 0.351570
vt 0.478820 0.345310
vt 0.490382 0.320355
vt 0.506503 0.330277
vt 0.515916 0.381797
vt 0.518610 0.402639
vt 0.530445 0.388590
vt 0.528373 0.401123
vt 0.518835 0.362435
vt 0.535148 0.374336
vt 0.526363 0.345501
vt 0.542953 0.360756
vt 0.556177 0.374223
vt 0.548748 0.386093
vt 0.542276 0.398666
vt 0.536413 0.412117
vt 0.527390 0.426602
vt 0.157592 0.244550
vt 0.147835 0.236653
vt 0.160363 0.223551
vt 0.170424 0.233718
vt 0.166896 0.252217
vt 0.179893 0.244548
vt 0.174209 0.261434
vt 0.188413 0.257442
vt 0.177995 0.275995
vt 0.195126 0.274134
vt 0.173951 0.212932
vt 0.184729 0.225138
vt 0.194374 0.238438
vt 0.203127 0.253403
vt 0.210209 0.271239
vt 0.337487 0.196802
vt 0.308085 0.246697
vt 0.297630 0.245233
vt 0.287436 0.242600
vt 0.319459 0.247896
vt 0.278293 0.240269
vt 0.269275 0.238019
vt 0.333680 0.249412
vt 0.271337 0.192229
vt 0.259507 0.190785
vt 0.255998 0.165798
vt 0.286180 0.214853
vt 0.298739 0.219550
vt 0.309605 0.219506
vt 0.336157 0.222006
vt 0.321293 0.220293
vt 0.255369 0.211787
vt 0.248098 0.188543
vt 0.264598 0.212851
vt 0.274615 0.213478
vt 0.261067 0.234951
vt 0.188756 0.203876
vt 0.199866 0.219225
vt 0.205441 0.196296
vt 0.216643 0.215383
vt 0.209517 0.234874
vt 0.217674 0.251068
vt 0.224639 0.270739
vt 0.226093 0.234124
vt 0.153390 0.140326
vt 0.184538 0.146722
vt 0.477809 0.229654
vt 0.455528 0.226604
vt 0.491929 0.198993
vt 0.542255 0.286817
vt 0.560972 0.305253
vt 0.501642 0.300342
vt 0.517072 0.313525
vt 0.535547 0.331088
vt 0.527935 0.300540
vt 0.547151 0.318671
vt 0.580534 0.320780
vt 0.551898 0.348246
vt 0.567065 0.364243
vt 0.149086 0.213386
vt 0.136335 0.229081
vt 0.130321 0.174688
vt 0.117517 0.189599
vt 0.161693 0.200565
vt 0.189461 0.176129
vt 0.174667 0.188122
vt 0.147191 0.188028
vt 0.135263 0.202093
vt 0.143789 0.157453
vt 0.205350 0.164073
vt 0.172354 0.158313
vt 0.159498 0.172746
vt 0.564003 0.335784
vt 0.578897 0.351217
vt 0.123085 0.218980
vt 0.284446 0.312003
vt 0.281152 0.312982
vt 0.519661 0.442427
vt 0.530513 0.450449
vt 0.186754 0.293278
vt 0.200881 0.293837
vt 0.232772 0.250839
vt 0.239819 0.270401
vt 0.251993 0.268644
vt 0.244002 0.251712
vt 0.243210 0.294351
vt 0.256788 0.296269
vt 0.215970 0.293630
vt 0.229089 0.293532
vt 0.231682 0.316509
vt 0.243769 0.315624
vt 0.217902 0.316471
vt 0.202993 0.315015
vt 0.253940 0.318183
vt 0.262822 0.326683
vt 0.269899 0.300503
vt 0.291815 0.376250
vt 0.294217 0.362583
vt 0.298895 0.362387
vt 0.305290 0.374548
vt 0.310280 0.442471
vt 0.324433 0.442428
vt 0.331186 0.465979
vt 0.318282 0.466680
vt 0.280782 0.499233
vt 0.277740 0.471678
vt 0.300254 0.467610
vt 0.313969 0.493399
vt 0.350524 0.473622
vt 0.337364 0.444156
vt 0.375308 0.490112
vt 0.367455 0.496232
vt 0.360361 0.467675
vt 0.375162 0.518662
vt 0.385047 0.511263
vt 0.392034 0.541307
vt 0.377153 0.543623
vt 0.306256 0.330430
vt 0.297448 0.327831
vt 0.288548 0.324094
vt 0.344292 0.334914
vt 0.360172 0.334239
vt 0.280012 0.327912
vt 0.333386 0.380864
vt 0.347426 0.381266
vt 0.349913 0.403900
vt 0.336575 0.403783
vt 0.269510 0.344597
vt 0.636290 0.219408
vt 0.652764 0.213915
vt 0.611722 0.228458
vt 0.363245 0.379697
vt 0.364874 0.401887
vt 0.467687 0.319085
vt 0.458135 0.321172
vt 0.458175 0.303070
vt 0.469988 0.300248
vt 0.464299 0.349237
vt 0.585790 0.237767
vt 0.555265 0.253770
vt 0.527215 0.272435
vt 0.512760 0.286426
vt 0.331448 0.357832
vt 0.345633 0.358355
vt 0.317676 0.356113
vt 0.318951 0.378917
vt 0.306339 0.353117
vt 0.298445 0.348356
vt 0.361653 0.357311
vt 0.632937 0.209279
vt 0.632074 0.197297
vt 0.651921 0.197492
vt 0.651302 0.206627
vt 0.608087 0.213855
vt 0.607675 0.198232
vt 0.581649 0.219028
vt 0.578471 0.197450
vt 0.460838 0.334656
vt 0.471948 0.329854
vt 0.544688 0.236944
vt 0.515691 0.257519
vt 0.500800 0.273658
vt 0.490357 0.289963
vt 0.480251 0.310723
vt 0.479617 0.280216
vt 0.488120 0.261136
vt 0.291517 0.348337
vt 0.284913 0.355145
vt 0.277631 0.385279
vt 0.273497 0.365438
vt 0.348259 0.492498
vt 0.356636 0.504019
vt 0.332392 0.486520
vt 0.323855 0.488461
vt 0.302095 0.508781
vt 0.282607 0.516667
vt 0.362252 0.521030
vt 0.359505 0.541000
vt 0.285916 0.533801
vt 0.299042 0.527330
vt 0.241992 0.154878
vt 0.231412 0.214425
vt 0.243438 0.238286
vt 0.220742 0.191429
vt 0.234226 0.189559
vt 0.243752 0.212939
vt 0.253138 0.235508
vt 0.260491 0.256703
vt 0.207446 0.149190
vt 0.222975 0.159710
vt 0.222582 0.145245
vt 0.357188 0.149320
vt 0.388363 0.155278
vt 0.380702 0.139581
vt 0.373032 0.154073
vt 0.365659 0.138059
vt 0.504335 0.235059
vt 0.533444 0.218678
vt 0.558474 0.184172
vt 0.532400 0.208855
vt 0.514776 0.206027
vt 0.522022 0.213425
vt 0.470715 0.253096
vt 0.525078 0.204416
vt 0.080804 0.194885
vt 0.100959 0.211422
vt 0.599690 0.340284
vt 0.068756 0.212966
vt 0.074970 0.221917
vt 0.615058 0.321715
vt 0.069881 0.200921
vt 0.077691 0.208939
vt 0.368735 0.464560
vt 0.383488 0.487188
vt 0.412554 0.341467
vt 0.415629 0.358680
vt 0.407219 0.364936
vt 0.403279 0.345434
vt 0.381719 0.375230
vt 0.380155 0.354036
vt 0.394469 0.349440
vt 0.397595 0.369564
vt 0.399478 0.325470
vt 0.409726 0.324584
vt 0.378615 0.331728
vt 0.390985 0.327898
vt 0.397284 0.252100
vt 0.404358 0.265264
vt 0.402288 0.280167
vt 0.387247 0.274882
vt 0.405906 0.302825
vt 0.394566 0.301839
vt 0.376502 0.306397
vt 0.387434 0.303336
vt 0.348699 0.443562
vt 0.359330 0.442123
vt 0.370878 0.437627
vt 0.378252 0.460936
vt 0.322785 0.402393
vt 0.310648 0.400675
vt 0.388258 0.428666
vt 0.393730 0.451680
vt 0.383299 0.395461
vt 0.297262 0.401454
vt 0.282113 0.406095
vt 0.291563 0.443952
vt 0.272151 0.446402
vt 0.261341 0.473761
vt 0.257144 0.450113
vt 0.341483 0.423824
vt 0.353733 0.423239
vt 0.367381 0.419882
vt 0.329099 0.423112
vt 0.317243 0.422080
vt 0.385243 0.411792
vt 0.303482 0.422330
vt 0.286703 0.424708
vt 0.188445 0.313783
vt 0.200140 0.336836
vt 0.218269 0.340451
vt 0.518725 0.508488
vt 0.510954 0.478868
vt 0.528005 0.473543
vt 0.536773 0.504029
vt 0.219584 0.365567
vt 0.203556 0.367785
vt 0.513771 0.449006
vt 0.500759 0.451908
vt 0.490291 0.427578
vt 0.374736 0.278651
vt 0.370620 0.200328
vt 0.394050 0.206455
vt 0.349672 0.252638
vt 0.357280 0.227720
vt 0.360773 0.254272
vt 0.371927 0.246824
vt 0.381407 0.240716
vt 0.465059 0.274719
vt 0.454117 0.247111
vt 0.450589 0.268596
vt 0.413240 0.219537
vt 0.417610 0.276309
vt 0.417295 0.258575
vt 0.436832 0.242887
vt 0.435662 0.266025
vt 0.441633 0.302208
vt 0.420477 0.301909
vt 0.431716 0.302220
vt 0.427404 0.269948
vt 0.423603 0.325017
vt 0.445276 0.324315
vt 0.434792 0.325264
vt 0.425333 0.338930
vt 0.448412 0.337179
vt 0.437065 0.338340
vt 0.426822 0.353520
vt 0.452025 0.350562
vt 0.439082 0.351486
vt 0.420481 0.382458
vt 0.429984 0.379370
vt 0.456727 0.376422
vt 0.443133 0.377280
vt 0.426530 0.407124
vt 0.434225 0.404963
vt 0.464366 0.404179
vt 0.447316 0.404597
vt 0.473568 0.429760
vt 0.439727 0.431263
vt 0.433655 0.431832
vt 0.455088 0.431322
vt 0.483004 0.455048
vt 0.462628 0.456609
vt 0.441365 0.453027
vt 0.491043 0.482294
vt 0.472227 0.484840
vt 0.498180 0.510878
vt 0.480971 0.512911
vt 0.489492 0.540324
vt 0.504803 0.538785
vt 0.522385 0.537853
vt 0.537802 0.537227
vt 0.223001 0.386640
vt 0.208876 0.391765
vt 0.523320 0.562482
vt 0.536507 0.562148
vt 0.509305 0.563847
vt 0.498112 0.563366
vt 0.227351 0.405538
vt 0.214712 0.411837
vt 0.221082 0.430507
vt 0.233238 0.424493
vt 0.523096 0.583315
vt 0.534366 0.583042
vt 0.533641 0.603324
vt 0.524731 0.600220
vt 0.502824 0.578219
vt 0.511856 0.585052
vt 0.429175 0.433261
vt 0.409554 0.442576
vt 0.404831 0.419778
vt 0.430465 0.464162
vt 0.421182 0.437211
vt 0.420293 0.409948
vt 0.414352 0.414785
vt 0.411698 0.387658
vt 0.409679 0.399436
vt 0.400422 0.388349
vt 0.401937 0.402828
vt 0.416118 0.469628
vt 0.465875 0.515374
vt 0.454264 0.487630
vt 0.451907 0.519441
vt 0.440748 0.493887
vt 0.477794 0.542412
vt 0.487724 0.566104
vt 0.464571 0.546444
vt 0.474398 0.571924
vt 0.497006 0.583507
vt 0.504239 0.594963
vt 0.491050 0.603936
vt 0.482359 0.590107
vt 0.394223 0.508097
vt 0.402204 0.478448
vt 0.424379 0.499518
vt 0.411919 0.501980
vt 0.391510 0.484634
vt 0.401871 0.505488
vt 0.406207 0.540989
vt 0.412416 0.533879
vt 0.434395 0.524413
vt 0.422489 0.528564
vt 0.446648 0.552487
vt 0.515977 0.609969
vt 0.244270 0.456210
vt 0.248345 0.474994
vt 0.264502 0.498685
vt 0.250996 0.497697
vt 0.268824 0.520609
vt 0.270390 0.573251
vt 0.265392 0.556822
vt 0.276825 0.553672
vt 0.281059 0.570102
vt 0.272895 0.537977
vt 0.255599 0.520920
vt 0.261415 0.539904
vt 0.351452 0.558552
vt 0.372831 0.569525
vt 0.355823 0.579570
vt 0.416310 0.572638
vt 0.406568 0.578071
vt 0.389889 0.573337
vt 0.357417 0.611474
vt 0.368454 0.609036
vt 0.384091 0.609054
vt 0.416530 0.696031
vt 0.427295 0.672483
vt 0.437393 0.682157
vt 0.423317 0.701627
vt 0.434748 0.556613
vt 0.424136 0.564757
vt 0.440441 0.640805
vt 0.420530 0.638435
vt 0.421949 0.609430
vt 0.432691 0.598634
vt 0.442919 0.589553
vt 0.452676 0.615251
vt 0.462424 0.632986
vt 0.451676 0.662860
vt 0.466685 0.654450
vt 0.456065 0.579731
vt 0.403178 0.610828
vt 0.399198 0.636840
vt 0.412809 0.668362
vt 0.377505 0.637007
vt 0.365446 0.637202
vt 0.356564 0.638889
vt 0.344302 0.613408
vt 0.347342 0.640218
vt 0.362453 0.664122
vt 0.354797 0.664363
vt 0.372146 0.664276
vt 0.357677 0.695139
vt 0.352078 0.695662
vt 0.352672 0.684036
vt 0.358418 0.683355
vt 0.367043 0.683413
vt 0.392582 0.664278
vt 0.403043 0.693162
vt 0.384522 0.689604
vt 0.409488 0.715044
vt 0.394936 0.713297
vt 0.378684 0.709026
vt 0.387152 0.730503
vt 0.373729 0.726989
vt 0.463086 0.601168
vt 0.473886 0.616487
vt 0.361790 0.703794
vt 0.349479 0.704323
vt 0.346735 0.664638
vt 0.345352 0.685835
vt 0.337906 0.664960
vt 0.338018 0.641219
vt 0.324163 0.643196
vt 0.325024 0.666318
vt 0.315353 0.644343
vt 0.315451 0.667963
vt 0.301379 0.646417
vt 0.302824 0.670682
vt 0.286964 0.647691
vt 0.289133 0.671767
vt 0.292554 0.713447
vt 0.280442 0.715924
vt 0.280236 0.695959
vt 0.292168 0.692747
vt 0.302003 0.691379
vt 0.336124 0.686081
vt 0.336547 0.705807
vt 0.325627 0.687194
vt 0.325495 0.707471
vt 0.302865 0.712959
vt 0.315535 0.688962
vt 0.315556 0.709626
vt 0.398346 0.728969
vt 0.381511 0.750315
vt 0.370000 0.741584
vt 0.399231 0.741039
vt 0.414748 0.727344
vt 0.430552 0.712366
vt 0.446596 0.695252
vt 0.462197 0.680001
vt 0.476046 0.670108
vt 0.501171 0.699487
vt 0.495537 0.686777
vt 0.508783 0.690231
vt 0.475930 0.693916
vt 0.486632 0.708903
vt 0.486807 0.680144
vt 0.457411 0.709067
vt 0.439788 0.726438
vt 0.422161 0.742556
vt 0.401064 0.755985
vt 0.369842 0.769416
vt 0.385989 0.777460
vt 0.260953 0.577801
vt 0.255218 0.558890
vt 0.470399 0.722516
vt 0.452579 0.739874
vt 0.435155 0.758159
vt 0.502101 0.726148
vt 0.489431 0.740033
vt 0.479754 0.732273
vt 0.494282 0.718537
vt 0.464239 0.752188
vt 0.239027 0.496048
vt 0.245988 0.521494
vt 0.250159 0.542781
vt 0.507165 0.707611
vt 0.512146 0.714972
vt 0.516937 0.694827
vt 0.524789 0.700213
vt 0.417689 0.772056
vt 0.404682 0.788547
vt 0.446589 0.777250
vt 0.427637 0.781156
vt 0.417527 0.797141
vt 0.897936 0.045403
vt 0.886180 0.042914
vt 0.895350 0.020541
vt 0.919314 0.023192
vt 0.643865 0.061555
vt 0.657343 0.058957
vt 0.666142 0.078484
vt 0.652782 0.081856
vt 0.673674 0.097565
vt 0.680453 0.075275
vt 0.687675 0.092748
vt 0.661829 0.102643
vt 0.888033 0.065705
vt 0.877953 0.061321
vt 0.871049 0.026520
vt 0.867294 0.042627
vt 0.844340 0.029804
vt 0.843044 0.041462
vt 0.828116 0.015005
vt 0.823657 0.034877
vt 0.809147 0.003169
vt 0.805284 0.028249
vt 0.797416 0.002359
vt 0.792508 0.027047
vt 0.782488 0.003760
vt 0.777489 0.028161
vt 0.757430 0.014727
vt 0.756318 0.033996
vt 0.731410 0.024827
vt 0.734385 0.042744
vt 0.734307 0.060605
vt 0.754462 0.053305
vt 0.773084 0.049468
vt 0.788942 0.048970
vt 0.803454 0.050830
vt 0.819370 0.054566
vt 0.837445 0.059427
vt 0.858732 0.060750
vt 0.435417 0.219648
vt 0.414112 0.241959
vt 0.426470 0.250896
vt 0.424168 0.237209
vt 0.289072 0.549733
vt 0.674005 0.057976
vt 0.693090 0.055402
vt 0.697718 0.072401
vt 0.636550 0.031826
vt 0.652257 0.031722
vt 0.754621 0.074887
vt 0.737363 0.079465
vt 0.713520 0.050150
vt 0.713662 0.070741
vt 0.772266 0.072553
vt 0.787111 0.073002
vt 0.799594 0.074693
vt 0.814603 0.078837
vt 0.702467 0.089063
vt 0.719319 0.085305
vt 0.850768 0.083283
vt 0.831376 0.081493
vt 0.867081 0.085367
vt 0.879513 0.087860
vt 0.783655 0.098708
vt 0.770220 0.097787
vt 0.795485 0.101713
vt 0.809685 0.104246
vt 0.826207 0.106307
vt 0.843280 0.108244
vt 0.858167 0.109759
vt 0.871192 0.110921
vt 0.667240 0.124366
vt 0.679753 0.118519
vt 0.693846 0.109481
vt 0.707900 0.109196
vt 0.724290 0.106717
vt 0.740539 0.102931
vt 0.755945 0.099687
vt 0.479553 0.048677
vt 0.463782 0.058822
vt 0.448325 0.067305
vt 0.423394 0.067588
vt 0.209862 0.938404
vt 0.181266 0.919388
vt 0.196824 0.896403
vt 0.222139 0.926629
vt 0.533816 0.089549
vt 0.537680 0.113263
vt 0.234761 0.945150
vt 0.241250 0.922443
vt 0.225743 0.955112
vt 0.245970 0.963809
vt 0.256742 0.951185
vt 0.238229 0.971626
vt 0.658262 0.185295
vt 0.636701 0.179173
vt 0.620836 0.176908
vt 0.605488 0.173414
vt 0.584661 0.165238
vt 0.404775 0.057603
vt 0.665576 0.290559
vt 0.669355 0.274698
vt 0.231452 0.788811
vt 0.221267 0.803736
vt 0.200326 0.792323
vt 0.214812 0.777646
vt 0.673774 0.291255
vt 0.679095 0.274597
vt 0.187033 0.777862
vt 0.201921 0.766638
vt 0.681410 0.240669
vt 0.675235 0.256766
vt 0.240673 0.774687
vt 0.227646 0.763369
vt 0.216418 0.754291
vt 0.684791 0.257901
vt 0.254473 0.757217
vt 0.239831 0.748846
vt 0.689448 0.240020
vt 0.230412 0.741543
vt 0.038373 0.066883
vt 0.028060 0.080748
vt 0.026156 0.097146
vt 0.028089 0.113282
vt 0.028641 0.128594
vt 0.027584 0.147927
vt 0.023813 0.185158
vt 0.017835 0.210866
vt 0.007837 0.244255
vt 0.218275 0.831072
vt 0.176862 0.814102
vt 0.000000 0.246775
vt 0.007429 0.212805
vt 0.006718 0.188446
vt 0.152809 0.783122
vt 0.010500 0.163180
vt 0.458961 0.793052
vt 0.451194 0.790341
vt 0.467236 0.784398
vt 0.668341 0.035317
vt 0.292791 0.566139
vt 0.708813 0.030277
vt 0.335205 0.583042
vt 0.339115 0.560448
vt 0.333411 0.616080
vt 0.301435 0.543549
vt 0.686252 0.031743
vt 0.304286 0.563198
vt 0.312468 0.556369
vt 0.314049 0.569460
vt 0.309771 0.571951
vt 0.326743 0.558908
vt 0.323026 0.570038
vt 0.318796 0.578745
vt 0.326060 0.590757
vt 0.299805 0.623206
vt 0.311414 0.621227
vt 0.306023 0.583463
vt 0.296312 0.586083
vt 0.298413 0.602855
vt 0.308383 0.599764
vt 0.287497 0.623678
vt 0.285075 0.589084
vt 0.275337 0.592889
vt 0.287095 0.605083
vt 0.312801 0.582407
vt 0.316730 0.597347
vt 0.321254 0.619133
vt 0.276914 0.604821
vt 0.273965 0.621177
vt 0.267218 0.603756
vt 0.479396 0.763851
vt 0.481691 0.782280
vt 0.099739 0.063719
vt 0.074970 0.063356
vt 0.126928 0.068441
vt 0.044792 0.063103
vt 0.033531 0.065263
vt 0.022161 0.076831
vt 0.013832 0.743262
vt 0.006596 0.736444
vt 0.019103 0.735880
vt 0.045328 0.058400
vt 0.016096 0.096617
vt 0.070691 0.053275
vt 0.247936 0.034728
vt 0.207069 0.053180
vt 0.164194 0.062182
vt 0.128951 0.810825
vt 0.126773 0.785724
vt 0.174381 0.862963
vt 0.153349 0.914468
vt 0.300968 0.022158
vt 0.341975 0.036722
vt 0.375518 0.041805
vt 0.240556 0.026924
vt 0.205223 0.042174
vt 0.300260 0.006000
vt 0.338317 0.027402
vt 0.074267 0.949173
vt 0.038526 0.981533
vt 0.030620 0.973650
vt 0.053617 0.946591
vt 0.359607 0.028736
vt 0.119482 0.849459
vt 0.112228 0.919429
vt 0.162145 0.044513
vt 0.124811 0.055220
vt 0.098835 0.801596
vt 0.072575 0.919540
vt 0.036844 0.946535
vt 0.058820 0.902783
vt 0.089050 0.927906
vt 0.089754 0.893780
vt 0.075420 0.854515
vt 0.015354 0.112074
vt 0.039658 0.755473
vt 0.037282 0.740904
vt 0.051549 0.746318
vt 0.014112 0.133754
vt 0.098771 0.054526
vt 0.100857 0.773729
vt 0.073566 0.808008
vt 0.072006 0.757560
vt 0.079900 0.780230
vt 0.062275 0.777466
vt 0.664439 0.200312
vt 0.664678 0.206428
vt 0.665954 0.211093
vt 0.667818 0.216566
vt 0.670427 0.222211
vt 0.683550 0.223766
vt 0.677163 0.222149
vt 0.674342 0.193433
vt 0.262161 0.743911
vt 0.251043 0.735226
vt 0.244579 0.728387
vt 0.688669 0.219201
vt 0.673098 0.205147
vt 0.675336 0.213842
vt 0.681996 0.212903
vt 0.674080 0.209242
vt 0.680674 0.207292
vt 0.690563 0.205658
vt 0.504135 0.059484
vt 0.502059 0.054500
vt 0.501360 0.046119
vt 0.501492 0.039606
vt 0.253163 0.989372
vt 0.258459 0.984367
vt 0.507883 0.063573
vt 0.515788 0.066341
vt 0.525874 0.065377
vt 0.533999 0.065527
vt 0.264810 0.976111
vt 0.265757 0.994038
vt 0.268216 0.990476
vt 0.514363 0.055083
vt 0.511810 0.052857
vt 0.515364 0.050784
vt 0.516669 0.051902
vt 0.514794 0.144844
vt 0.505310 0.171390
vt 0.546181 0.176532
vt 0.566773 0.154790
vt 0.221571 0.856198
vt 0.511440 0.049335
vt 0.516368 0.048972
vt 0.519125 0.055612
vt 0.518507 0.051146
vt 0.524000 0.053255
vt 0.527521 0.049908
vt 0.513340 0.044721
vt 0.217660 0.880524
vt 0.523991 0.044077
vt 0.520822 0.048698
vt 0.262492 0.997559
vt 0.516384 0.041948
vt 0.516970 0.045904
vt 0.280069 0.000000
vt 0.280160 0.005191
vt 0.018224 0.989942
vt 0.016895 0.980256
vt 0.264219 0.001367
vt 0.274689 0.003804
vt 0.272423 0.003697
vt 0.266865 0.007791
vt 0.272634 0.006323
vt 0.275552 0.009347
vt 0.273213 0.008198
vt 0.278178 0.008573
vt 0.274057 0.006531
vt 0.270996 0.008803
vt 0.273074 0.006669
vt 0.274731 0.005454
vt 0.532437 0.171475
vt 0.552227 0.143092
vt 0.432931 0.802458
vt 0.417133 0.824761
vt 0.405469 0.816110
vt 0.445256 0.803482
vt 0.439090 0.816030
vt 0.457766 0.807031
vt 0.450404 0.824121
vt 0.489969 0.854726
vt 0.498324 0.847591
vt 0.501743 0.864206
vt 0.493058 0.869880
vt 0.486169 0.877300
vt 0.482023 0.865620
vt 0.479523 0.889126
vt 0.472716 0.879288
vt 0.495370 0.885121
vt 0.504395 0.882892
vt 0.426223 0.835428
vt 0.439126 0.844386
vt 0.392482 0.807660
vt 0.487331 0.897228
vt 0.489382 0.886155
vt 0.312396 0.786187
vt 0.305336 0.777389
vt 0.308584 0.771964
vt 0.326034 0.783223
vt 0.309410 0.762421
vt 0.325088 0.767086
vt 0.339785 0.791509
vt 0.340552 0.782316
vt 0.356299 0.782593
vt 0.369723 0.794463
vt 0.354053 0.794420
vt 0.383789 0.827149
vt 0.367108 0.817021
vt 0.413852 0.859433
vt 0.426067 0.864970
vt 0.394823 0.836326
vt 0.405141 0.846180
vt 0.385481 0.879095
vt 0.375486 0.893712
vt 0.365344 0.886544
vt 0.375979 0.871129
vt 0.350247 0.810856
vt 0.374947 0.845683
vt 0.385622 0.854609
vt 0.362425 0.836645
vt 0.366405 0.862836
vt 0.356099 0.853082
vt 0.395167 0.863719
vt 0.345445 0.846999
vt 0.348116 0.829535
vt 0.338300 0.807008
vt 0.326147 0.802426
vt 0.335994 0.824706
vt 0.403491 0.872833
vt 0.335373 0.842703
vt 0.324703 0.821325
vt 0.324344 0.840109
vt 0.314180 0.800637
vt 0.312400 0.818760
vt 0.312069 0.838743
vt 0.471245 0.903859
vt 0.479998 0.912300
vt 0.459578 0.919193
vt 0.470196 0.928730
vt 0.456461 0.942178
vt 0.447590 0.933398
vt 0.461031 0.894319
vt 0.449047 0.910172
vt 0.438798 0.925646
vt 0.415631 0.987318
vt 0.423030 0.993367
vt 0.418908 1.000000
vt 0.411523 0.994323
vt 0.358831 0.930805
vt 0.353316 0.924820
vt 0.358096 0.916578
vt 0.365477 0.923803
vt 0.374250 0.914892
vt 0.365161 0.906068
vt 0.384462 0.902158
vt 0.394199 0.887765
vt 0.409297 0.878373
vt 0.437921 0.946156
vt 0.445587 0.953626
vt 0.429157 0.940305
vt 0.324725 0.857209
vt 0.314039 0.855970
vt 0.453036 0.886229
vt 0.441346 0.903178
vt 0.465681 0.869296
vt 0.437768 0.872436
vt 0.450568 0.852436
vt 0.458817 0.860531
vt 0.446238 0.879198
vt 0.462471 0.831714
vt 0.476684 0.853188
vt 0.470282 0.841332
vt 0.470903 0.809870
vt 0.273550 0.649523
vt 0.484994 0.839149
vt 0.492249 0.830305
vt 0.277389 0.674553
vt 0.483616 0.809156
vt 0.478818 0.823595
vt 0.401561 0.988986
vt 0.407884 0.983507
vt 0.400928 0.982233
vt 0.381586 0.928404
vt 0.370711 0.933957
vt 0.363392 0.941004
vt 0.392630 0.911606
vt 0.411932 0.975654
vt 0.402435 0.975147
vt 0.420646 0.939143
vt 0.420632 0.952391
vt 0.405781 0.958674
vt 0.404923 0.950285
vt 0.420055 0.979247
vt 0.430148 0.958179
vt 0.427856 0.985253
vt 0.437809 0.964600
vt 0.432282 0.975759
vt 0.424463 0.969521
vt 0.415714 0.966262
vt 0.404289 0.967493
vt 0.315436 0.870459
vt 0.325694 0.872235
vt 0.326405 0.886680
vt 0.316280 0.883264
vt 0.335756 0.859127
vt 0.336004 0.873943
vt 0.350475 0.866762
vt 0.344419 0.861678
vt 0.344437 0.872551
vt 0.356239 0.878737
vt 0.430475 0.920397
vt 0.417953 0.884323
vt 0.390724 0.934358
vt 0.401247 0.919059
vt 0.396626 0.939296
vt 0.408263 0.925107
vt 0.402166 0.943700
vt 0.414330 0.931253
vt 0.425962 0.890342
vt 0.434008 0.896900
vt 0.423866 0.914140
vt 0.417540 0.908714
vt 0.410130 0.902710
vt 0.402178 0.895537
vt 0.948963 0.308710
vt 0.962115 0.310530
vt 0.956162 0.340187
vt 0.944047 0.340024
vt 0.931905 0.339848
vt 0.936041 0.306775
vt 0.975568 0.312311
vt 0.968305 0.340852
vt 0.867647 0.310098
vt 0.881389 0.308538
vt 0.883234 0.338398
vt 0.871085 0.339503
vt 0.895002 0.307048
vt 0.895533 0.338059
vt 0.908728 0.305795
vt 0.907950 0.338456
vt 0.922628 0.305625
vt 0.920093 0.339310
vt 0.955833 0.365901
vt 0.944089 0.365702
vt 0.932782 0.364850
vt 0.967624 0.365838
vt 0.887492 0.361532
vt 0.875978 0.363874
vt 0.899054 0.360677
vt 0.910496 0.361372
vt 0.921685 0.363082
vt 0.952841 0.393819
vt 0.942354 0.393253
vt 0.931788 0.392564
vt 0.963572 0.394790
vt 0.891187 0.390624
vt 0.880631 0.392342
vt 0.901532 0.390051
vt 0.911572 0.390543
vt 0.921700 0.391548
vt 0.949505 0.428801
vt 0.940502 0.427390
vt 0.931711 0.426060
vt 0.958692 0.430445
vt 0.896256 0.425548
vt 0.887144 0.427438
vt 0.905245 0.424429
vt 0.914105 0.424224
vt 0.922862 0.424879
vt 0.942911 0.459865
vt 0.935839 0.459241
vt 0.928671 0.458766
vt 0.949854 0.460957
vt 0.899588 0.457690
vt 0.892600 0.458748
vt 0.906801 0.457446
vt 0.914080 0.457746
vt 0.921400 0.458253
vt 0.938516 0.490286
vt 0.932616 0.490377
vt 0.926717 0.490348
vt 0.944224 0.490598
vt 0.902458 0.488338
vt 0.896658 0.488835
vt 0.908417 0.488583
vt 0.914518 0.489287
vt 0.920690 0.489955
vt 0.934625 0.518139
vt 0.929296 0.518193
vt 0.923686 0.517758
vt 0.939826 0.517869
vt 0.900820 0.515893
vt 0.895473 0.516807
vt 0.906471 0.515599
vt 0.912278 0.516113
vt 0.918000 0.516969
vt 0.933941 0.545771
vt 0.928782 0.545026
vt 0.923510 0.543980
vt 0.939045 0.546097
vt 0.902592 0.543288
vt 0.897592 0.544921
vt 0.907669 0.542392
vt 0.912825 0.542394
vt 0.918184 0.542995
vt 0.928862 0.560966
vt 0.924877 0.559409
vt 0.920953 0.558268
vt 0.932466 0.563248
vt 0.905282 0.559791
vt 0.901971 0.562528
vt 0.908979 0.557889
vt 0.912957 0.557254
vt 0.916955 0.557521
vt 0.959113 0.245864
vt 0.947530 0.242038
vt 0.951943 0.214598
vt 0.964111 0.223392
vt 0.970027 0.250832
vt 0.974256 0.231200
vt 0.967078 0.274850
vt 0.955987 0.272585
vt 0.980241 0.253935
vt 0.984415 0.236687
vt 0.980292 0.276345
vt 0.989608 0.256867
vt 0.995535 0.236679
vt 0.856506 0.252369
vt 0.845580 0.234235
vt 0.857818 0.223255
vt 0.869928 0.248938
vt 0.876199 0.274868
vt 0.859380 0.274113
vt 0.886229 0.245308
vt 0.875175 0.210179
vt 0.890875 0.272646
vt 0.900198 0.241639
vt 0.896676 0.210391
vt 0.908541 0.267839
vt 0.913056 0.240551
vt 0.911785 0.209718
vt 0.942390 0.267594
vt 0.926454 0.238167
vt 0.925314 0.207887
vt 0.927307 0.265576
vt 0.936534 0.241299
vt 0.938110 0.209635
vt 0.774176 0.176769
vt 0.785814 0.177102
vt 0.784659 0.204414
vt 0.774031 0.203851
vt 0.762773 0.204049
vt 0.760659 0.176408
vt 0.798173 0.177854
vt 0.795111 0.205303
vt 0.810812 0.179733
vt 0.805432 0.207154
vt 0.822780 0.182212
vt 0.816109 0.209355
vt 0.834844 0.185495
vt 0.827199 0.212042
vt 0.846999 0.189373
vt 0.837860 0.214928
vt 0.690372 0.191522
vt 0.701579 0.188609
vt 0.709081 0.214164
vt 0.698351 0.216348
vt 0.712101 0.186296
vt 0.718966 0.212210
vt 0.721902 0.184154
vt 0.727839 0.210469
vt 0.731615 0.181790
vt 0.736794 0.208547
vt 0.741811 0.179662
vt 0.745683 0.206658
vt 0.751386 0.177684
vt 0.754551 0.205102
vt 0.783410 0.233092
vt 0.775368 0.232482
vt 0.766814 0.232676
vt 0.792227 0.234184
vt 0.801376 0.235567
vt 0.811183 0.237267
vt 0.820899 0.238775
vt 0.830782 0.240353
vt 0.715033 0.241253
vt 0.705133 0.243231
vt 0.724485 0.239559
vt 0.733327 0.237853
vt 0.741848 0.236308
vt 0.750399 0.234841
vt 0.758361 0.233495
vt 0.784032 0.262679
vt 0.776945 0.261679
vt 0.769776 0.261132
vt 0.791288 0.263461
vt 0.798802 0.263977
vt 0.807352 0.264375
vt 0.816625 0.264422
vt 0.825639 0.264618
vt 0.720168 0.267603
vt 0.711667 0.268516
vt 0.728315 0.266936
vt 0.736300 0.265802
vt 0.744268 0.264534
vt 0.752328 0.263275
vt 0.760767 0.261754
vt 0.783542 0.291723
vt 0.776971 0.288977
vt 0.769533 0.287592
vt 0.790115 0.291754
vt 0.796799 0.291289
vt 0.804768 0.290509
vt 0.813952 0.287837
vt 0.822972 0.286317
vt 0.720398 0.291335
vt 0.711995 0.290392
vt 0.728490 0.293105
vt 0.736402 0.292527
vt 0.744274 0.291666
vt 0.752702 0.290742
vt 0.761324 0.288330
vt 0.805596 0.128398
vt 0.791162 0.126227
vt 0.801143 0.152024
vt 0.787703 0.151562
vt 0.779352 0.124402
vt 0.775342 0.150559
vt 0.767138 0.123974
vt 0.762779 0.150290
vt 0.754654 0.125126
vt 0.751053 0.151163
vt 0.741425 0.127936
vt 0.740272 0.153382
vt 0.726909 0.131158
vt 0.728707 0.156010
vt 0.713415 0.134055
vt 0.716991 0.158833
vt 0.699036 0.136574
vt 0.706611 0.161207
vt 0.684556 0.141747
vt 0.693665 0.164710
vt 0.671044 0.146848
vt 0.680106 0.169112
vt 0.864795 0.135631
vt 0.850447 0.134932
vt 0.857450 0.162983
vt 0.843496 0.159228
vt 0.836872 0.133404
vt 0.829791 0.156560
vt 0.821032 0.129740
vt 0.815824 0.153351
vt 0.777240 0.579961
vt 0.792516 0.581217
vt 0.792192 0.610962
vt 0.777677 0.611001
vt 0.762359 0.613398
vt 0.761617 0.581179
vt 0.807875 0.584023
vt 0.807088 0.611447
vt 0.823692 0.587181
vt 0.821800 0.611866
vt 0.838984 0.590656
vt 0.836620 0.612546
vt 0.623336 0.588567
vt 0.638891 0.589249
vt 0.640918 0.613334
vt 0.626522 0.610391
vt 0.655189 0.589661
vt 0.655216 0.616034
vt 0.671396 0.589533
vt 0.670733 0.618424
vt 0.686326 0.589918
vt 0.685799 0.620492
vt 0.700624 0.590294
vt 0.700596 0.622649
vt 0.715867 0.590066
vt 0.716640 0.623968
vt 0.731009 0.587795
vt 0.732095 0.620858
vt 0.746064 0.584640
vt 0.747468 0.617636
vt 0.488900 0.628681
vt 0.481297 0.640527
vt 0.796499 0.550270
vt 0.779072 0.548453
vt 0.779978 0.514956
vt 0.800944 0.518252
vt 0.483779 0.652122
vt 0.762402 0.520577
vt 0.761852 0.550735
vt 0.490185 0.660894
vt 0.746854 0.526069
vt 0.746038 0.554190
vt 0.498259 0.667041
vt 0.730679 0.557170
vt 0.715555 0.558644
vt 0.732641 0.529617
vt 0.506700 0.672307
vt 0.719289 0.530180
vt 0.516953 0.675833
vt 0.705130 0.527575
vt 0.701356 0.558241
vt 0.526649 0.677647
vt 0.692559 0.524861
vt 0.687931 0.557453
vt 0.538071 0.677136
vt 0.677815 0.522947
vt 0.673028 0.558226
vt 0.237545 0.474839
vt 0.654906 0.539093
vt 0.653746 0.562775
vt 0.232677 0.460992
vt 0.632648 0.538600
vt 0.635713 0.564873
vt 0.501106 0.619594
vt 0.814873 0.553844
vt 0.824226 0.522563
vt 0.833088 0.558931
vt 0.854694 0.520397
vt 0.238288 0.439338
vt 0.223753 0.447889
vt 0.605071 0.533154
vt 0.617797 0.565792
vt 0.529768 0.621982
vt 0.847759 0.568023
vt 0.871540 0.541816
vt 0.730730 0.653997
vt 0.711417 0.660340
vt 0.762329 0.748093
vt 0.774590 0.751748
vt 0.768410 0.777206
vt 0.758182 0.774401
vt 0.747674 0.772077
vt 0.750102 0.744231
vt 0.786040 0.755321
vt 0.778273 0.780521
vt 0.693090 0.756212
vt 0.703454 0.748128
vt 0.708877 0.776341
vt 0.699516 0.781040
vt 0.714609 0.741814
vt 0.717646 0.772668
vt 0.726416 0.740278
vt 0.726902 0.770870
vt 0.738224 0.741465
vt 0.737117 0.770735
vt 0.763402 0.802679
vt 0.755090 0.798773
vt 0.746058 0.796708
vt 0.770645 0.807761
vt 0.713379 0.805202
vt 0.705376 0.807364
vt 0.720969 0.801922
vt 0.728714 0.798753
vt 0.737075 0.796610
vt 0.753069 0.834082
vt 0.749582 0.829805
vt 0.744724 0.828198
vt 0.756073 0.840206
vt 0.724978 0.836125
vt 0.720027 0.839748
vt 0.730234 0.832641
vt 0.735243 0.829720
vt 0.739757 0.828210
vt 0.782422 0.731344
vt 0.768519 0.724277
vt 0.776069 0.705315
vt 0.791111 0.718307
vt 0.759608 0.692141
vt 0.754512 0.717554
vt 0.744068 0.683938
vt 0.741183 0.712370
vt 0.729871 0.682792
vt 0.727472 0.709905
vt 0.713346 0.686083
vt 0.710722 0.710903
vt 0.794077 0.738809
vt 0.802678 0.730194
vt 0.696780 0.726011
vt 0.686585 0.738282
vt 0.678266 0.729216
vt 0.686216 0.712383
vt 0.698953 0.696558
vt 0.689992 0.684359
vt 0.694371 0.651670
vt 0.678791 0.647692
vt 0.664017 0.643895
vt 0.667370 0.668863
vt 0.655587 0.663365
vt 0.679443 0.675210
vt 0.649714 0.640200
vt 0.641856 0.658262
vt 0.635971 0.636054
vt 0.622411 0.631121
vt 0.628721 0.652429
vt 0.839591 0.633411
vt 0.824825 0.635230
vt 0.615522 0.647258
vt 0.830956 0.652653
vt 0.847424 0.649553
vt 0.809622 0.636734
vt 0.816159 0.656635
vt 0.794601 0.638343
vt 0.801202 0.661117
vt 0.778836 0.640697
vt 0.785443 0.665361
vt 0.747893 0.652328
vt 0.762540 0.644644
vt 0.766806 0.673525
vt 0.784995 0.693543
vt 0.327889 0.899985
vt 0.315978 0.893963
vt 0.659523 0.947562
vt 0.660245 0.936232
vt 0.693868 0.936766
vt 0.693817 0.946529
vt 0.695478 0.956204
vt 0.661793 0.959432
vt 0.661061 0.923732
vt 0.694656 0.925874
vt 0.661810 0.911361
vt 0.695915 0.913383
vt 0.664037 0.898118
vt 0.697499 0.902346
vt 0.666137 0.885730
vt 0.698683 0.893108
vt 0.669267 0.981899
vt 0.665421 0.970811
vt 0.698255 0.964869
vt 0.701643 0.973554
vt 0.727300 0.937124
vt 0.727440 0.945495
vt 0.728389 0.951883
vt 0.727860 0.927148
vt 0.728908 0.916091
vt 0.730027 0.906142
vt 0.730689 0.897985
vt 0.730235 0.957775
vt 0.732423 0.964124
vt 0.759331 0.936279
vt 0.759661 0.942748
vt 0.760407 0.948085
vt 0.759395 0.927789
vt 0.759803 0.918492
vt 0.760319 0.909525
vt 0.760848 0.902112
vt 0.761336 0.953281
vt 0.762372 0.958927
vt 0.789189 0.934733
vt 0.789589 0.941049
vt 0.789961 0.946170
vt 0.788850 0.926201
vt 0.788707 0.917200
vt 0.788795 0.909468
vt 0.789051 0.903452
vt 0.790316 0.950817
vt 0.790634 0.955811
vt 0.819452 0.933868
vt 0.819826 0.939345
vt 0.820075 0.943931
vt 0.818842 0.925978
vt 0.818356 0.916589
vt 0.818352 0.908075
vt 0.818635 0.901556
vt 0.820014 0.948423
vt 0.820003 0.953490
vt 0.849400 0.931265
vt 0.850126 0.937405
vt 0.850387 0.942599
vt 0.848533 0.923803
vt 0.848128 0.915836
vt 0.848344 0.908810
vt 0.849005 0.903072
vt 0.850322 0.947465
vt 0.850214 0.952453
vt 0.882584 0.929167
vt 0.883148 0.934454
vt 0.883505 0.939357
vt 0.881922 0.923293
vt 0.881634 0.917126
vt 0.882074 0.911201
vt 0.883419 0.906016
vt 0.883821 0.944201
vt 0.884477 0.949193
vt 0.915956 0.927080
vt 0.916159 0.928910
vt 0.916869 0.930613
vt 0.915952 0.924799
vt 0.916279 0.922516
vt 0.917115 0.920636
vt 0.918606 0.919163
vt 0.917675 0.932607
vt 0.918781 0.934375
vt 0.336576 0.891933
vt 0.322230 0.910513
vt 0.313413 0.903389
vt 0.613622 0.983784
vt 0.603141 0.971552
vt 0.629972 0.964509
vt 0.634488 0.977076
vt 0.316088 0.917899
vt 0.308944 0.909891
vt 0.619198 0.995571
vt 0.639348 0.989687
vt 0.348183 0.911967
vt 0.344362 0.920596
vt 0.611795 0.887652
vt 0.615746 0.874357
vt 0.635728 0.880797
vt 0.632985 0.894134
vt 0.351508 0.899766
vt 0.604901 0.905897
vt 0.631250 0.908693
vt 0.607823 0.925267
vt 0.631798 0.923352
vt 0.346836 0.886785
vt 0.625611 0.949018
vt 0.596012 0.957382
vt 0.580535 0.931017
vt 0.591568 0.942848
vt 0.614387 0.938636
vt 0.631585 0.936585
vt 0.069022 0.389512
vt 0.082784 0.388315
vt 0.083564 0.426118
vt 0.071754 0.428496
vt 0.060735 0.432234
vt 0.055115 0.397247
vt 0.096797 0.388870
vt 0.095951 0.426306
vt 0.110428 0.391562
vt 0.108109 0.428584
vt 0.123868 0.397242
vt 0.120219 0.431761
vt 0.136080 0.402894
vt 0.130656 0.437198
vt 0.148699 0.408880
vt 0.142090 0.441781
vt 0.160966 0.414288
vt 0.153542 0.446154
vt 0.173664 0.418349
vt 0.165013 0.449027
vt 0.187429 0.420643
vt 0.177063 0.450846
vt 0.028665 0.415125
vt 0.041197 0.406643
vt 0.050045 0.438865
vt 0.038935 0.444647
vt 0.083866 0.468168
vt 0.073570 0.468985
vt 0.063684 0.471262
vt 0.094379 0.468573
vt 0.104794 0.470272
vt 0.114944 0.472868
vt 0.124915 0.475662
vt 0.135044 0.478378
vt 0.145188 0.480781
vt 0.155983 0.482401
vt 0.166962 0.484204
vt 0.053939 0.474607
vt 0.044758 0.478481
vt 0.087407 0.508781
vt 0.078587 0.509538
vt 0.070042 0.511544
vt 0.096202 0.509164
vt 0.104886 0.510717
vt 0.113475 0.513095
vt 0.121957 0.515813
vt 0.130577 0.518384
vt 0.139103 0.520422
vt 0.147671 0.521851
vt 0.156387 0.522844
vt 0.061787 0.514396
vt 0.053707 0.517466
vt 0.087385 0.545689
vt 0.079523 0.545554
vt 0.071699 0.546315
vt 0.095128 0.546653
vt 0.102765 0.548105
vt 0.110322 0.549819
vt 0.117810 0.551497
vt 0.125391 0.552818
vt 0.133081 0.553670
vt 0.140813 0.554144
vt 0.148644 0.554449
vt 0.064029 0.547978
vt 0.056488 0.550386
vt 0.085300 0.578315
vt 0.078392 0.579612
vt 0.071485 0.580469
vt 0.092187 0.576913
vt 0.099124 0.575912
vt 0.106134 0.575463
vt 0.113157 0.575363
vt 0.120085 0.576505
vt 0.126830 0.578542
vt 0.133510 0.581015
vt 0.140190 0.583577
vt 0.064540 0.580754
vt 0.057472 0.580570
vt 0.086795 0.616426
vt 0.080624 0.617007
vt 0.074567 0.617307
vt 0.093074 0.615723
vt 0.099348 0.615119
vt 0.105548 0.614720
vt 0.111915 0.614617
vt 0.118117 0.615230
vt 0.124123 0.616419
vt 0.130001 0.617997
vt 0.135779 0.619723
vt 0.068596 0.617170
vt 0.062675 0.616744
vt 0.087838 0.654474
vt 0.081993 0.654472
vt 0.076177 0.654202
vt 0.093689 0.654257
vt 0.099575 0.653838
vt 0.105439 0.653360
vt 0.111290 0.653033
vt 0.117099 0.653137
vt 0.122872 0.653746
vt 0.128528 0.654910
vt 0.134148 0.656551
vt 0.070424 0.653834
vt 0.064735 0.653530
vt 0.089975 0.697037
vt 0.085745 0.697778
vt 0.081508 0.698651
vt 0.094013 0.696506
vt 0.098231 0.696176
vt 0.102434 0.696246
vt 0.106456 0.696735
vt 0.110629 0.697747
vt 0.114590 0.699122
vt 0.118590 0.700953
vt 0.122449 0.703050
vt 0.077279 0.699662
vt 0.072957 0.700869
vt 0.277207 0.735846
vt 0.286981 0.740747
vt 0.271928 0.752038
vt 0.018628 0.352457
vt 0.034400 0.330985
vt 0.046117 0.363053
vt 0.030817 0.377802
vt 0.006857 0.370615
vt 0.018295 0.389911
vt 0.180023 0.391879
vt 0.195136 0.394089
vt 0.338117 0.770695
vt 0.346937 0.769617
vt 0.183885 0.370263
vt 0.199624 0.371786
vt 0.354434 0.765249
vt 0.169342 0.362390
vt 0.166671 0.386474
vt 0.358827 0.756466
vt 0.153947 0.350891
vt 0.152901 0.379091
vt 0.137103 0.345166
vt 0.138873 0.372526
vt 0.356409 0.728399
vt 0.355770 0.747188
vt 0.128584 0.366251
vt 0.115125 0.353538
vt 0.121311 0.311248
vt 0.338828 0.731439
vt 0.098546 0.312178
vt 0.097476 0.350398
vt 0.080754 0.313610
vt 0.081022 0.349756
vt 0.324908 0.733422
vt 0.302851 0.736945
vt 0.063830 0.347534
vt 0.313853 0.734829
vt 0.066712 0.315454
vt 0.052982 0.319451
vt 0.233209 0.340226
vt 0.254813 0.340862
vt 0.249989 0.332931
vt 0.258676 0.355683
vt 0.259963 0.373730
vt 0.262717 0.392681
vt 0.266375 0.411130
vt 0.267600 0.426486
vt 0.245585 0.417936
vt 0.252109 0.430872
vt 0.241306 0.400051
vt 0.233158 0.363221
vt 0.236146 0.382018
vt 0.253058 0.375673
vt 0.256995 0.393949
vt 0.243328 0.379021
vt 0.247020 0.397684
vt 0.250656 0.358724
vt 0.249007 0.345744
vt 0.241606 0.361828
vt 0.241820 0.346130
vt 0.243191 0.332163
vt 0.244228 0.339059
vt 0.247476 0.339258
vt 0.251585 0.414927
vt 0.260483 0.412836
vt 0.769220 0.310420
vt 0.759482 0.311963
vt 0.778074 0.313588
vt 0.749699 0.319086
vt 0.768015 0.328036
vt 0.756331 0.330149
vt 0.823238 0.304958
vt 0.814453 0.308976
vt 0.714440 0.311802
vt 0.705506 0.308130
vt 0.806601 0.317726
vt 0.826883 0.318962
vt 0.817480 0.325507
vt 0.820405 0.370554
vt 0.826940 0.370301
vt 0.833517 0.394941
vt 0.827165 0.396399
vt 0.821888 0.398793
vt 0.813660 0.371608
vt 0.784924 0.382573
vt 0.790995 0.381037
vt 0.798485 0.406083
vt 0.792688 0.406695
vt 0.796073 0.379411
vt 0.803910 0.405961
vt 0.800575 0.377671
vt 0.808813 0.405544
vt 0.804573 0.375714
vt 0.813261 0.404105
vt 0.808727 0.373547
vt 0.817303 0.401684
vt 0.840881 0.421942
vt 0.835272 0.423529
vt 0.830639 0.426623
vt 0.805355 0.433534
vt 0.799498 0.433901
vt 0.810973 0.434141
vt 0.816542 0.434437
vt 0.821872 0.433257
vt 0.826462 0.430258
vt 0.846212 0.447774
vt 0.841181 0.447897
vt 0.836549 0.449841
vt 0.813717 0.458207
vt 0.808715 0.458592
vt 0.818829 0.458237
vt 0.823775 0.457562
vt 0.828322 0.455662
vt 0.832416 0.452762
vt 0.846842 0.470643
vt 0.843661 0.470192
vt 0.840213 0.470685
vt 0.822460 0.477205
vt 0.819316 0.478853
vt 0.826010 0.475813
vt 0.829575 0.474796
vt 0.833118 0.473990
vt 0.836468 0.472044
vt 0.817069 0.347250
vt 0.808419 0.345226
vt 0.798035 0.318718
vt 0.802106 0.346264
vt 0.832154 0.329149
vt 0.827187 0.335687
vt 0.824988 0.350111
vt 0.770711 0.351694
vt 0.765146 0.349589
vt 0.766742 0.340669
vt 0.775412 0.345282
vt 0.783682 0.360322
vt 0.777670 0.363741
vt 0.779249 0.332463
vt 0.788470 0.355278
vt 0.785397 0.322012
vt 0.792847 0.350708
vt 0.792199 0.320228
vt 0.797335 0.348193
vt 0.673364 0.705818
vt 0.664659 0.694418
vt 0.654083 0.686463
vt 0.643887 0.680005
vt 0.632901 0.673487
vt 0.622343 0.668304
vt 0.609025 0.663410
vt 0.854805 0.665719
vt 0.839836 0.669793
vt 0.824060 0.674481
vt 0.810684 0.680234
vt 0.797885 0.687204
vt 0.801543 0.711423
vt 0.669183 0.726994
vt 0.813231 0.710198
vt 0.856827 0.745164
vt 0.865112 0.739124
vt 0.881829 0.770184
vt 0.874195 0.774005
vt 0.867144 0.779494
vt 0.849960 0.752401
vt 0.874430 0.734676
vt 0.890059 0.767540
vt 0.884697 0.732203
vt 0.898777 0.765752
vt 0.593616 0.730143
vt 0.602083 0.735966
vt 0.587259 0.768975
vt 0.580083 0.763757
vt 0.609800 0.742020
vt 0.594353 0.773795
vt 0.618104 0.747334
vt 0.602309 0.777550
vt 0.626841 0.751949
vt 0.610629 0.780609
vt 0.635598 0.756414
vt 0.619124 0.783360
vt 0.644407 0.760577
vt 0.627743 0.786276
vt 0.843640 0.760691
vt 0.861176 0.785841
vt 0.898629 0.800432
vt 0.891395 0.802764
vt 0.884866 0.806268
vt 0.906092 0.798690
vt 0.913565 0.796995
vt 0.574749 0.801185
vt 0.568520 0.796593
vt 0.581108 0.805004
vt 0.588289 0.807533
vt 0.595743 0.809373
vt 0.603276 0.810786
vt 0.610731 0.812407
vt 0.879074 0.811019
vt 0.839493 0.719691
vt 0.832776 0.729606
vt 0.823366 0.700002
vt 0.835127 0.691655
vt 0.848752 0.712219
vt 0.848280 0.685243
vt 0.859509 0.706428
vt 0.861759 0.681898
vt 0.870783 0.701470
vt 0.605096 0.679780
vt 0.616866 0.683582
vt 0.627866 0.688097
vt 0.613555 0.703499
vt 0.602304 0.699286
vt 0.635443 0.692832
vt 0.622565 0.707073
vt 0.642319 0.700328
vt 0.632388 0.717832
vt 0.651342 0.709181
vt 0.640350 0.725876
vt 0.658743 0.717180
vt 0.648368 0.733651
vt 0.812356 0.728502
vt 0.656967 0.739338
vt 0.827558 0.740849
vt 0.594975 0.844600
vt 0.587236 0.843935
vt 0.559865 0.832257
vt 0.553307 0.827582
vt 0.929469 0.827223
vt 0.922754 0.831146
vt 0.900823 0.839269
vt 0.894247 0.843035
vt 0.579895 0.842777
vt 0.573125 0.840206
vt 0.594350 0.861373
vt 0.585220 0.861964
vt 0.906071 0.858214
vt 0.898156 0.859749
vt 0.908084 0.836617
vt 0.915308 0.833693
vt 0.548703 0.851163
vt 0.541498 0.845741
vt 0.566564 0.836844
vt 0.915672 0.860717
vt 0.569855 0.907663
vt 0.578273 0.910253
vt 0.574338 0.930420
vt 0.566020 0.928290
vt 0.557974 0.926079
vt 0.561113 0.904905
vt 0.526650 0.902759
vt 0.535311 0.902599
vt 0.532563 0.923457
vt 0.524233 0.923174
vt 0.543582 0.902314
vt 0.540730 0.923752
vt 0.552083 0.903052
vt 0.549646 0.924509
vt 0.569359 0.952827
vt 0.562391 0.950299
vt 0.554909 0.947827
vt 0.530266 0.945789
vt 0.522668 0.946272
vt 0.538396 0.946129
vt 0.546646 0.947371
vt 0.554334 0.982992
vt 0.529157 0.979672
vt 0.575400 0.865296
vt 0.595980 0.873251
vt 0.584199 0.874714
vt 0.575488 0.889982
vt 0.566769 0.885274
vt 0.599610 0.881538
vt 0.591565 0.883584
vt 0.584145 0.894335
vt 0.537750 0.883774
vt 0.528252 0.885932
vt 0.528711 0.873014
vt 0.540690 0.865435
vt 0.564757 0.861963
vt 0.557127 0.882602
vt 0.553159 0.859500
vt 0.547407 0.881651
vt 0.935352 0.901432
vt 0.944078 0.899892
vt 0.953247 0.927012
vt 0.945230 0.927775
vt 0.938184 0.931597
vt 0.928278 0.905847
vt 0.953088 0.899654
vt 0.961594 0.927124
vt 0.962153 0.898391
vt 0.970006 0.925355
vt 0.970110 0.894731
vt 0.977606 0.921166
vt 0.921861 0.911972
vt 0.932009 0.937610
vt 0.962296 0.954568
vt 0.955699 0.956309
vt 0.950463 0.960245
vt 0.969285 0.954724
vt 0.976638 0.954138
vt 0.983773 0.951840
vt 0.945617 0.965703
vt 0.973398 0.982749
vt 0.969845 0.983204
vt 0.967211 0.985381
vt 0.977769 0.983574
vt 0.982937 0.983259
vt 0.986981 0.981596
vt 0.965137 0.988287
vt 0.899648 0.871809
vt 0.909162 0.872676
vt 0.925715 0.877988
vt 0.918680 0.884859
vt 0.934891 0.875023
vt 0.526131 0.865573
vt 0.534238 0.858788
vt 0.926854 0.855660
vt 0.939919 0.852230
vt 0.899533 0.880460
vt 0.906062 0.883279
vt 0.912795 0.892361
vt 0.956175 0.875348
vt 0.965778 0.873675
vt 0.954659 0.860187
vt 0.966103 0.861892
vt 0.957414 0.851486
vt 0.968040 0.854664
vt 0.945182 0.842118
vt 0.945404 0.874417
vt 0.710110 0.369485
vt 0.716954 0.369640
vt 0.708861 0.396172
vt 0.703107 0.395347
vt 0.697429 0.393998
vt 0.703284 0.369167
vt 0.723404 0.369924
vt 0.714848 0.396911
vt 0.729588 0.371065
vt 0.720306 0.397818
vt 0.734315 0.373618
vt 0.725171 0.399420
vt 0.738340 0.377196
vt 0.729724 0.401760
vt 0.742388 0.380789
vt 0.734022 0.404382
vt 0.697700 0.368222
vt 0.692512 0.392293
vt 0.701163 0.423551
vt 0.695873 0.422073
vt 0.690732 0.420565
vt 0.706196 0.424877
vt 0.711475 0.425212
vt 0.716430 0.426249
vt 0.721065 0.428212
vt 0.725337 0.430804
vt 0.685907 0.419156
vt 0.697298 0.321210
vt 0.706347 0.327240
vt 0.694769 0.335852
vt 0.688521 0.330133
vt 0.705994 0.347181
vt 0.698443 0.349034
vt 0.757499 0.344143
vt 0.759858 0.352390
vt 0.751230 0.362914
vt 0.747621 0.357941
vt 0.744380 0.351250
vt 0.739008 0.345833
vt 0.739658 0.318124
vt 0.731663 0.344154
vt 0.731433 0.318490
vt 0.724041 0.344058
vt 0.720896 0.319273
vt 0.715540 0.344756
vt 0.684964 0.461576
vt 0.703536 0.466855
vt 0.093288 0.713396
vt 0.091005 0.713843
vt 0.088760 0.714421
vt 0.095514 0.713266
vt 0.097672 0.713255
vt 0.099675 0.713453
vt 0.101430 0.713848
vt 0.103297 0.714781
vt 0.105289 0.715382
vt 0.107147 0.716387
vt 0.109221 0.717250
vt 0.086782 0.715299
vt 0.085006 0.716425
vt 0.916769 0.572244
vt 0.842255 0.484081
vt 0.830789 0.487610
vt 0.920698 0.926750
vt 0.092381 0.716214
vt 0.093581 0.714241
vt 0.096489 0.717305
vt 0.099345 0.714252
vt 0.100355 0.715714
vt 0.100630 0.717835
vt 0.099860 0.719812
vt 0.098079 0.721203
vt 0.095683 0.721430
vt 0.093630 0.720447
vt 0.092412 0.718547
vt 0.738860 0.843793
vt 0.970967 0.984390
vt 0.973907 0.987048
vt 0.969218 0.987845
vt 0.973069 0.991846
vt 0.967461 0.992602
vn 0.515615 0.689888 -0.508130
vn 0.741268 0.653770 -0.152011
vn 0.627286 0.777757 -0.040068
vn 0.415343 0.816724 -0.400565
vn 0.569323 0.822027 0.011947
vn 0.340045 0.852095 -0.397874
vn 0.646413 0.201876 -0.735796
vn 0.283143 0.165732 -0.944650
vn 0.475614 0.183345 -0.860335
vn 0.867605 0.259483 -0.424182
vn -0.071959 0.508222 -0.858214
vn -0.064438 0.451198 -0.890095
vn 0.771930 0.514184 0.373816
vn 0.796714 0.545387 0.260386
vn 0.823072 0.562325 0.079640
vn 0.032602 0.185216 -0.982157
vn 0.257988 0.160389 -0.952742
vn 0.068722 0.177273 -0.981759
vn -0.001280 0.242463 -0.970160
vn 0.387246 0.128743 -0.912943
vn 0.682601 0.128365 -0.719429
vn -0.181082 0.145494 -0.972646
vn -0.206280 0.235691 -0.949683
vn -0.545755 0.048630 -0.836533
vn -0.527225 0.161198 -0.834296
vn 0.686645 0.030032 -0.726372
vn 0.849548 0.056886 -0.524435
vn 0.720774 -0.116607 -0.683292
vn 0.504898 -0.136699 -0.852286
vn -0.085597 0.184626 -0.979074
vn -0.131583 0.116834 -0.984396
vn 0.521022 0.368702 -0.769802
vn 0.849935 0.303891 -0.430420
vn -0.534921 -0.028853 -0.844410
vn -0.507920 -0.167484 -0.844965
vn -0.516265 -0.456410 -0.724679
vn -0.487843 -0.151035 -0.859766
vn 0.869897 0.149147 -0.470143
vn 0.994625 0.100322 0.025611
vn 0.966256 0.257585 0.000593
vn 0.854013 0.520057 0.014268
vn 0.917817 0.344820 0.196753
vn 0.873065 0.487531 0.008446
vn 0.974496 0.202147 0.097444
vn -0.052687 0.465241 -0.883615
vn 0.884640 0.454264 0.105152
vn 0.986356 0.131957 0.098435
vn 0.844904 0.486687 -0.221976
vn 0.569758 0.490079 -0.659696
vn -0.037695 0.305903 -0.951316
vn -0.513452 0.029872 -0.857598
vn -0.488711 0.028235 -0.871989
vn -0.593329 -0.030681 -0.804375
vn 0.876899 0.480332 0.018137
vn 0.861413 0.506875 -0.032339
vn 0.854041 0.517901 -0.048910
vn 0.864066 0.493569 0.098889
vn -0.542760 0.292796 -0.787199
vn -0.257082 0.330157 -0.908243
vn 0.158074 -0.526183 0.835550
vn 0.611662 -0.662481 0.432422
vn 0.881323 -0.035745 0.471161
vn 0.318159 0.037659 0.947289
vn 0.863626 0.028115 -0.503349
vn 0.724322 0.665790 -0.179113
vn 0.604383 0.760115 0.238633
vn 0.432752 0.620824 0.653685
vn 0.065285 0.166733 0.983838
vn 0.313655 0.710009 0.630483
vn 0.732424 0.557955 -0.390181
vn 0.628136 -0.099319 -0.771739
vn 0.531974 0.830729 0.163992
vn -0.155128 0.304613 0.939759
vn 0.117555 0.766374 0.631547
vn 0.749283 0.551568 -0.366535
vn 0.651210 -0.180242 -0.737183
vn 0.000881 0.669869 0.742479
vn -0.306685 0.343347 0.887726
vn 0.469917 0.865494 0.173488
vn 0.810433 -0.171321 -0.560220
vn 0.857138 0.403232 -0.320498
vn 0.942420 0.274911 -0.190440
vn 0.977769 0.014148 -0.209207
vn 0.914780 0.271111 -0.299459
vn 0.544625 0.797433 0.259776
vn 0.733764 0.623347 0.270238
vn -0.443107 0.277719 0.852366
vn -0.402028 0.395614 0.825750
vn -0.411815 0.273114 0.869377
vn -0.397650 0.378175 0.835977
vn 0.204958 0.640738 0.739897
vn -0.327606 0.378090 0.865865
vn -0.251846 0.478612 0.841133
vn -0.129732 0.502616 0.854720
vn -0.104434 0.381111 0.918612
vn -0.250590 0.331277 0.909648
vn -0.267473 -0.068038 -0.961160
vn -0.230780 -0.528604 -0.816895
vn -0.307544 0.186598 -0.933058
vn -0.468176 0.180560 -0.864991
vn -0.384756 -0.044163 -0.921961
vn -0.205555 -0.491031 -0.846543
vn 0.119717 -0.268819 -0.955722
vn 0.115312 0.024463 -0.993028
vn 0.027506 0.145188 -0.989022
vn -0.993907 0.059340 0.092888
vn -0.754679 0.236291 -0.612067
vn -0.678765 0.487739 -0.548989
vn -0.952858 0.281426 0.113408
vn -0.854740 0.493832 0.159846
vn -0.411245 0.778815 -0.473630
vn -0.161798 0.907738 -0.387083
vn -0.139899 0.926968 -0.348079
vn -0.807605 0.580170 0.105727
vn -0.788787 0.590765 0.169741
vn -0.922330 -0.081994 0.377604
vn -0.873966 -0.022039 0.485487
vn -0.404217 0.192268 -0.894227
vn -0.438633 0.050768 -0.897231
vn -0.631831 0.113049 -0.766818
vn -0.559864 -0.048074 -0.827189
vn 0.596256 -0.144331 -0.789713
vn 0.451648 0.140797 -0.881017
vn 0.787172 -0.164608 -0.594361
vn 0.676029 0.290244 -0.677306
vn 0.267131 0.153308 -0.951387
vn 0.785015 -0.243006 -0.569825
vn 0.720099 0.326569 -0.612218
vn -0.068616 0.362668 -0.929389
vn -0.216156 0.274247 -0.937051
vn 0.101429 0.181094 -0.978221
vn 0.187588 0.509006 -0.840074
vn 0.399613 0.659497 -0.636689
vn 0.405429 0.738279 -0.539047
vn 0.339309 0.211715 0.916540
vn 0.298028 0.239030 0.924145
vn 0.555796 0.176138 0.812445
vn 0.489124 0.119256 0.864023
vn 0.339867 0.453828 0.823730
vn 0.361648 0.538700 0.760929
vn 0.566887 0.234510 0.789711
vn 0.076576 -0.075432 0.994206
vn 0.360901 -0.216672 0.907085
vn 0.295229 -0.422902 0.856735
vn 0.122508 -0.375670 0.918621
vn 0.538215 0.214306 0.815106
vn 0.330190 0.537246 0.776107
vn 0.200387 0.319086 0.926299
vn 0.407957 -0.042391 0.912017
vn -0.000559 0.174031 0.984740
vn -0.170946 0.842507 0.510842
vn -0.263026 0.807488 0.527997
vn -0.482076 0.634819 0.603828
vn -0.125419 0.783719 0.608321
vn -0.646194 0.414832 0.640584
vn 0.405896 0.217321 0.887705
vn 0.711084 -0.043736 0.701745
vn 0.595607 -0.434328 0.675731
vn 0.059982 0.376374 0.924524
vn -0.262888 0.346553 0.900439
vn -0.330444 0.013229 0.943733
vn -0.680738 0.159358 0.714983
vn -0.484285 0.272455 0.831406
vn 0.399540 0.301374 0.865760
vn 0.660267 0.132276 0.739291
vn 0.770746 0.010838 0.637051
vn 0.822294 -0.005804 0.569034
vn 0.208712 0.305313 0.929098
vn 0.732058 0.032950 0.680445
vn 0.064511 0.252439 0.965460
vn 0.698536 0.032425 0.714840
vn 0.552743 0.163844 0.817086
vn 0.621576 0.149979 0.768862
vn 0.648346 0.129561 0.750241
vn 0.677145 0.118016 0.726324
vn 0.717369 0.060216 0.694087
vn 0.260126 0.390878 0.882921
vn 0.387870 0.371521 0.843522
vn 0.508212 0.312360 0.802591
vn 0.645602 0.196321 0.738008
vn 0.733202 0.129048 0.667654
vn 0.762855 0.335247 0.552868
vn 0.831706 0.257252 0.492023
vn 0.891385 0.162516 0.423110
vn 0.938328 0.043958 0.342941
vn 0.963123 -0.076142 0.258064
vn -0.643355 -0.080487 -0.761325
vn 0.094106 0.172399 -0.980522
vn 0.429576 0.223117 -0.875034
vn 0.837949 0.247379 -0.486463
vn -0.172945 0.114683 -0.978232
vn 0.958423 0.186007 -0.216395
vn 0.974207 0.069651 -0.214639
vn -0.582967 -0.005375 -0.812478
vn 0.919869 0.370234 0.129492
vn 0.838220 0.320461 0.441238
vn 0.888072 0.151602 0.433987
vn 0.880951 0.378647 -0.283815
vn 0.471016 0.293113 -0.832003
vn 0.078806 0.162681 -0.983527
vn -0.628207 -0.071049 -0.774796
vn -0.161517 0.087016 -0.983026
vn 0.981774 0.159375 0.103536
vn 0.937990 0.306430 0.162098
vn 0.943716 0.250663 0.215798
vn 0.946397 0.320895 0.036852
vn 0.994537 -0.003576 -0.104320
vn 0.990170 0.138775 0.017457
vn 0.998947 0.032890 -0.031999
vn 0.848672 -0.049301 -0.526617
vn 0.792291 -0.190523 -0.579634
vn 0.996644 -0.052852 -0.062508
vn 0.985767 -0.147066 -0.081457
vn 0.967554 -0.223286 -0.118248
vn 0.757488 -0.288782 -0.585505
vn 0.929532 0.175435 -0.324335
vn 0.921862 0.193093 -0.335986
vn -0.831578 -0.086773 0.548588
vn -0.986144 -0.079484 0.145611
vn -0.893578 0.057073 0.445265
vn -0.707882 0.280810 0.648112
vn -0.075188 0.115769 0.990426
vn -0.802493 0.137185 0.580676
vn -0.621645 0.233522 0.747680
vn -0.034598 0.213753 0.976275
vn -0.689892 0.233950 0.685067
vn -0.060721 0.156007 0.985888
vn 0.428439 -0.045143 0.902442
vn 0.649899 0.067313 0.757034
vn 0.432201 0.245897 0.867604
vn 0.125057 0.421148 0.898329
vn 0.407403 0.554480 0.725655
vn -0.194845 0.351399 0.915726
vn 0.682381 0.406455 0.607578
vn 0.897668 0.045032 -0.438366
vn 0.962867 0.254827 0.089169
vn 0.566545 0.472329 0.675227
vn -0.018806 0.390456 0.920429
vn 0.856625 0.466496 0.220396
vn 0.898385 0.114948 -0.423901
vn 0.920957 0.106693 -0.374772
vn 0.918964 0.356848 0.167826
vn 0.548427 0.046045 0.834930
vn 0.272098 0.210297 0.939009
vn 0.428527 0.048155 -0.902245
vn 0.144732 -0.069247 -0.987045
vn 0.872638 -0.205118 0.443204
vn 0.785437 -0.004094 0.618928
vn 0.816745 0.025834 0.576421
vn 0.805407 -0.331073 -0.491640
vn 0.729093 -0.399338 -0.555835
vn 0.089307 -0.440064 -0.893514
vn 0.260174 -0.453556 -0.852406
vn 0.673941 -0.377833 -0.634859
vn 0.045671 -0.392448 -0.918640
vn 0.980954 -0.138743 0.135940
vn 0.956658 -0.231549 -0.176609
vn 0.946935 -0.181878 -0.265019
vn 0.698672 -0.295216 -0.651694
vn 0.993588 -0.107171 0.036006
vn 0.907952 -0.012638 0.418883
vn 0.030763 -0.333061 -0.942403
vn -0.323360 -0.251563 -0.912225
vn -0.077931 -0.284663 -0.955455
vn -0.814416 -0.072363 -0.575752
vn -0.348973 0.271809 -0.896849
vn -0.454633 0.283860 -0.844235
vn -0.440546 0.358260 -0.823145
vn -0.957496 -0.286760 -0.031137
vn -0.894747 0.228807 -0.383505
vn -0.964741 0.106454 -0.240713
vn -0.970260 -0.236526 -0.051493
vn -0.942117 0.219532 -0.253421
vn -0.893542 0.146189 -0.424513
vn -0.980726 -0.191251 -0.039986
vn -0.961524 -0.079558 -0.262950
vn -0.986850 -0.085300 0.137300
vn -0.946925 0.241811 -0.211804
vn -0.618917 -0.334585 0.710630
vn -0.642840 -0.401324 0.652454
vn -0.930162 -0.067061 0.360972
vn -0.267271 -0.363493 0.892435
vn -0.154879 -0.536532 0.829546
vn 0.145904 -0.593300 0.791648
vn -0.101361 -0.216417 0.971025
vn -0.104539 0.308053 -0.945608
vn -0.164245 0.226092 -0.960159
vn 0.038844 0.148832 -0.988099
vn -0.447516 0.356089 -0.820323
vn -0.700036 0.285918 -0.654370
vn -0.388102 -0.138465 -0.911155
vn -0.684969 0.443881 -0.577743
vn -0.634426 0.543929 -0.549222
vn -0.718003 0.573770 -0.394031
vn -0.794202 0.436598 -0.422640
vn -0.489805 -0.173109 -0.854473
vn -0.611422 0.787860 0.073751
vn -0.605088 0.765188 0.219898
vn -0.659417 0.749398 0.059766
vn -0.786430 0.518728 -0.335334
vn -0.810658 0.552280 -0.194472
vn -0.401303 -0.419244 0.814365
vn -0.423569 -0.493628 0.759553
vn -0.516595 -0.456505 0.724384
vn -0.659244 -0.308659 0.685658
vn -0.065858 -0.402129 0.913211
vn -0.771790 0.598303 0.215346
vn -0.837477 0.421478 0.347835
vn -0.867492 0.264161 0.421517
vn -0.854453 0.164067 0.492943
vn -0.600772 0.385564 -0.700295
vn -0.533403 0.477860 -0.697948
vn -0.345668 0.392851 -0.852163
vn -0.447862 0.462832 -0.764988
vn -0.235793 0.346793 -0.907820
vn -0.320109 0.249328 -0.913983
vn -0.750099 0.438625 -0.494933
vn -0.827444 0.502853 -0.249950
vn -0.828434 -0.167237 -0.534536
vn -0.866766 -0.146780 -0.476626
vn -0.855525 0.496613 -0.146467
vn -0.842976 0.455738 -0.285824
vn -0.805591 -0.173213 -0.566586
vn -0.915268 0.328363 -0.233370
vn -0.973670 0.014828 -0.227478
vn -0.253642 -0.491525 0.833108
vn -0.526415 -0.223014 0.820459
vn -0.955198 0.269119 -0.123179
vn -0.985521 0.165910 -0.034963
vn -0.992837 0.069654 0.097069
vn -0.939613 0.039646 0.339934
vn -0.813933 0.006120 0.580926
vn -0.870485 -0.134247 0.473533
vn -0.931248 -0.094446 0.351933
vn -0.143004 0.187728 -0.971755
vn -0.638168 -0.094485 -0.764078
vn -0.739215 -0.159450 -0.654322
vn -0.608060 -0.135616 -0.782222
vn -0.809101 -0.557733 0.185175
vn -0.506906 -0.667226 0.545761
vn -0.923538 -0.307892 -0.228647
vn -0.805191 -0.261482 -0.532254
vn -0.940026 0.256451 -0.224909
vn -0.884999 0.455338 -0.097181
vn -0.172970 -0.492189 0.853130
vn -0.018956 -0.174886 0.984406
vn -0.780108 0.605600 0.157100
vn -0.783656 0.619699 0.043087
vn 0.923954 0.381422 -0.028731
vn 0.618438 -0.220725 -0.754198
vn 0.433202 -0.361085 -0.825805
vn 0.847512 0.039654 -0.529293
vn 0.935403 0.257082 -0.242757
vn 0.901439 0.006777 -0.432854
vn 0.818405 -0.183102 -0.544690
vn 0.446898 -0.328988 -0.831895
vn 0.892184 0.441792 0.093955
vn 0.922435 0.359202 -0.141732
vn 0.867442 0.483851 -0.115894
vn -0.686533 -0.051314 -0.725285
vn 0.027498 0.160301 -0.986685
vn -0.515571 0.289645 -0.806407
vn -0.512877 0.177637 -0.839883
vn -0.319055 0.299560 -0.899148
vn -0.983652 0.056051 0.171134
vn -0.934148 0.205043 -0.292106
vn -0.994536 0.078497 0.068828
vn -0.917284 0.396568 0.036378
vn -0.901307 0.163808 0.401015
vn -0.957927 0.286790 0.011280
vn -0.743552 -0.190306 0.641025
vn -0.911575 0.410568 -0.021577
vn -0.395750 0.297568 0.868813
vn 0.065953 0.122420 0.990285
vn -0.112907 0.439159 0.891286
vn 0.351572 0.009835 0.936109
vn -0.290162 0.447774 0.845757
vn -0.222791 0.234872 0.946150
vn -0.841140 0.297648 0.451542
vn -0.541558 -0.000125 0.840664
vn -0.836244 0.527277 -0.150585
vn -0.797359 0.564369 0.213791
vn -0.864647 0.166529 0.473976
vn -0.981134 0.188834 0.041448
vn -0.947124 0.320163 0.021248
vn -0.964421 0.226011 -0.137152
vn -0.995414 0.066169 0.069085
vn -0.943230 0.143625 0.299480
vn -0.901491 0.227323 -0.368291
vn -0.750256 0.499386 -0.433279
vn -0.963222 0.058228 -0.262321
vn -0.992785 -0.080001 -0.089314
vn -0.204941 0.279415 -0.938044
vn -0.302034 0.376451 -0.875820
vn -0.431502 0.477271 -0.765519
vn -0.677680 0.107718 -0.727424
vn -0.593120 0.493900 -0.635824
vn -0.672605 0.334891 -0.659886
vn -0.936554 -0.088252 -0.339233
vn -0.972024 -0.150741 -0.180131
vn -0.987241 0.157822 0.021156
vn -0.878474 0.477600 0.013450
vn -0.839121 0.477789 0.259988
vn -0.687803 0.393410 0.610045
vn -0.565267 0.487830 -0.665203
vn -0.613077 0.334346 -0.715786
vn -0.801003 0.215212 0.558640
vn -0.587149 0.132908 0.798493
vn -0.929706 0.331269 0.160960
vn -0.905375 -0.140435 -0.400716
vn -0.837250 -0.212825 -0.503704
vn -0.949005 -0.252300 -0.189036
vn -0.674660 0.180753 -0.715655
vn -0.400258 0.458823 -0.793268
vn -0.190082 0.406573 -0.893626
vn -0.916061 0.333902 -0.222132
vn -0.797760 0.554746 -0.236296
vn -0.841427 0.540076 -0.017876
vn -0.749217 0.433440 -0.500803
vn -0.779988 0.275331 -0.561971
vn -0.894180 0.294859 0.336897
vn -0.946514 -0.272158 -0.173324
vn -0.890511 -0.274520 -0.362808
vn 0.877910 -0.429369 0.211934
vn 0.961234 -0.270488 -0.053525
vn 0.990882 -0.076959 -0.110593
vn 0.920577 -0.379915 -0.090564
vn 0.854620 -0.501155 0.135902
vn 0.941700 0.055262 -0.331883
vn 0.971831 -0.066674 -0.226053
vn 0.803950 -0.550759 0.224342
vn 0.721337 -0.521451 0.455808
vn 0.477469 -0.476275 0.738366
vn -0.857503 -0.196198 -0.475600
vn -0.427053 -0.006115 -0.904206
vn -0.025671 0.222111 -0.974683
vn -0.580422 -0.043851 -0.813134
vn -0.724154 -0.169662 -0.668443
vn -0.542897 -0.167321 -0.822962
vn -0.700370 -0.219567 -0.679170
vn -0.346046 0.157283 -0.924940
vn -0.609722 -0.348918 0.711685
vn -0.879958 -0.287854 0.377908
vn -0.777091 -0.365501 0.512385
vn -0.240095 0.252347 -0.937377
vn -0.746131 0.414761 -0.520828
vn -0.474039 0.325174 -0.818260
vn -0.963499 -0.224339 -0.146090
vn -0.994517 -0.079406 0.068048
vn -0.869304 -0.173959 0.462655
vn -0.844176 0.399923 -0.356973
vn -0.973320 0.228996 -0.014498
vn -0.932348 0.251316 -0.259939
vn -0.908704 0.399463 -0.121189
vn -0.772852 -0.193915 0.604232
vn -0.951296 0.198654 0.235737
vn -0.877785 0.464313 0.117924
vn -0.558237 -0.182917 0.809267
vn -0.827857 0.232002 0.510712
vn -0.733304 0.524366 0.432788
vn -0.313372 -0.103641 0.943958
vn -0.588799 0.289913 0.754498
vn -0.648178 0.532790 0.544060
vn -0.539139 0.537605 0.648314
vn -0.104191 -0.062975 0.992562
vn -0.363526 0.304908 0.880273
vn -0.442539 0.400003 0.802594
vn -0.342347 0.473727 0.811407
vn 0.106791 -0.080519 0.991016
vn -0.144945 0.272860 0.951072
vn 0.298207 -0.126328 0.946105
vn -0.154226 0.347893 0.924762
vn -0.300315 0.266771 0.915775
vn 0.061332 0.173591 0.982906
vn 0.546222 -0.160946 0.822033
vn 0.274461 0.116055 0.954569
vn 0.202264 -0.192944 0.960137
vn 0.769677 -0.194714 0.608016
vn 0.470852 0.067568 0.879621
vn 0.921556 -0.186705 0.340405
vn 0.697477 0.022321 0.716260
vn 0.885803 0.105311 0.451955
vn 0.998467 -0.046555 0.029923
vn 0.945595 -0.141819 -0.292811
vn 0.777513 0.291216 -0.557375
vn 0.876602 0.253486 -0.409041
vn 0.862250 0.192576 -0.468443
vn 0.928906 0.228106 -0.291722
vn 0.949727 0.284255 0.131218
vn 0.565561 0.475192 -0.674042
vn 0.728199 0.487082 -0.482160
vn 0.597085 0.559385 -0.574960
vn 0.393155 0.548193 -0.738183
vn 0.706026 0.421095 -0.569391
vn 0.601098 0.472796 -0.644317
vn 0.886290 0.429525 -0.173201
vn 0.753466 0.414750 -0.510169
vn -0.030375 -0.487021 0.872862
vn -0.340069 -0.260633 0.903562
vn -0.609718 -0.121037 0.783322
vn 0.252475 -0.649292 0.717410
vn -0.002900 -0.618927 0.785444
vn -0.276810 -0.199530 0.939981
vn -0.167308 -0.552170 0.816772
vn -0.641735 0.055528 0.764913
vn -0.369601 -0.423868 0.826881
vn -0.883204 0.126815 0.451519
vn -0.797474 0.051160 0.601180
vn -0.020723 -0.347609 0.937411
vn 0.700290 -0.304034 0.645877
vn 0.462688 -0.281041 0.840795
vn 0.683137 -0.581713 0.441513
vn 0.461216 -0.642287 0.612166
vn 0.915591 -0.173964 0.362532
vn 0.998759 -0.041323 -0.027808
vn 0.881332 -0.429777 0.196328
vn 0.956676 -0.270466 -0.107792
vn 0.894057 0.007764 -0.447886
vn 0.677570 -0.022946 -0.735100
vn 0.734318 -0.219008 -0.642505
vn 0.902513 -0.201767 -0.380473
vn -0.024822 -0.411751 0.910958
vn -0.265161 0.052364 0.962781
vn 0.295181 -0.368946 0.881333
vn 0.056626 0.026100 0.998054
vn -0.396835 0.239542 0.886082
vn -0.004157 0.044068 0.999020
vn 0.380370 -0.643121 0.664616
vn 0.302784 -0.062835 0.950985
vn 0.587130 -0.360895 0.724592
vn 0.328255 0.035671 0.943916
vn 0.842218 -0.288035 0.455746
vn 0.562836 -0.177596 -0.807264
vn -0.014880 0.352525 -0.935684
vn -0.304847 0.419770 -0.854905
vn -0.498398 0.587729 -0.637318
vn -0.352610 0.627086 -0.694572
vn -0.519264 0.747899 -0.413536
vn -0.235660 0.959492 -0.154403
vn -0.161623 0.937308 -0.308757
vn -0.504128 0.861205 0.064658
vn -0.482820 0.849474 0.212787
vn -0.528925 0.832726 -0.163724
vn -0.263067 0.784130 -0.562083
vn -0.183792 0.883203 -0.431478
vn 0.008545 -0.010024 0.999913
vn -0.064906 -0.154970 0.985785
vn -0.232350 -0.127278 0.964269
vn 0.664634 -0.746821 0.022829
vn 0.494604 -0.837693 0.231597
vn 0.239031 -0.557729 0.794860
vn -0.137815 -0.299446 0.944108
vn 0.041732 -0.250518 0.967212
vn 0.407038 -0.524354 0.747912
vn 0.514762 0.053526 -0.855661
vn 0.667244 -0.161971 -0.727015
vn 0.474055 0.122289 -0.871962
vn 0.422005 0.178241 -0.888899
vn 0.631885 -0.020483 0.774791
vn 0.636023 -0.232939 0.735673
vn 0.841740 -0.250022 -0.478500
vn 0.659321 -0.470500 -0.586451
vn 0.664819 -0.630159 -0.401142
vn 0.900597 -0.397643 0.175514
vn 0.889348 -0.084400 0.449373
vn 0.990785 -0.082994 0.107035
vn 0.964848 0.146870 -0.217942
vn 0.626101 0.162349 -0.762653
vn 0.793842 0.480601 -0.372608
vn 0.968236 -0.174679 0.178902
vn 0.648015 -0.754158 0.106409
vn 0.794011 -0.601709 -0.086566
vn 0.602116 -0.299215 -0.740220
vn 0.666675 -0.482812 0.567836
vn 0.453879 -0.440026 0.774836
vn 0.304078 -0.442473 0.843655
vn -0.136472 -0.540156 0.830426
vn 0.332246 -0.637633 0.695009
vn 0.721708 -0.435452 0.538070
vn 0.617464 -0.389079 0.683634
vn 0.829758 -0.420622 0.366849
vn 0.916314 -0.199585 0.347180
vn 0.913214 -0.168227 0.371133
vn 0.819875 -0.259510 0.510353
vn 0.875414 -0.298758 0.379991
vn 0.948251 -0.270835 0.165737
vn 0.845491 -0.461699 -0.268288
vn 0.469945 -0.082639 -0.878819
vn 0.840900 -0.226178 -0.491662
vn 0.385494 0.137362 -0.912429
vn 0.301807 0.053972 -0.951840
vn 0.761233 -0.043165 -0.647040
vn 0.168843 0.052428 -0.984248
vn 0.595157 -0.039351 -0.802645
vn 0.993200 -0.093801 -0.068953
vn 0.944880 -0.085054 -0.316176
vn 0.991325 -0.070683 -0.110809
vn 0.948627 -0.316117 -0.013284
vn 0.665924 -0.544930 0.509506
vn 0.854707 -0.442670 0.271145
vn 0.586793 -0.564608 0.580424
vn 0.183044 -0.577480 0.795620
vn -0.078101 -0.288044 0.954427
vn 0.361778 -0.345033 0.866065
vn -0.248878 -0.253657 0.934729
vn 0.191544 -0.290417 0.937533
vn -0.487991 0.043231 0.871777
vn -0.056107 -0.050378 0.997153
vn -0.694866 0.455303 0.556652
vn -0.453108 0.362409 0.814465
vn 0.273166 0.437986 0.856474
vn 0.068258 0.570554 0.818419
vn -0.146448 0.405077 0.902478
vn -0.036117 0.332555 0.942392
vn 0.399961 -0.064222 0.914279
vn 0.818736 -0.474270 0.323637
vn 0.922722 -0.383800 0.035807
vn 0.703233 -0.305213 0.642112
vn 0.899673 -0.266842 0.345521
vn 0.678701 0.034397 0.733609
vn 0.583657 -0.242385 0.774980
vn 0.812729 -0.199010 0.547601
vn 0.313125 0.114143 -0.942828
vn 0.317476 0.026866 -0.947886
vn 0.219356 -0.105413 -0.969934
vn 0.530309 -0.028663 -0.847320
vn 0.567342 0.008601 -0.823437
vn 0.502833 0.069778 -0.861562
vn 0.451406 0.136934 -0.881749
vn 0.463561 0.269827 -0.843981
vn 0.545784 0.671876 -0.500701
vn -0.052119 0.719236 -0.692808
vn 0.116389 0.825007 -0.553007
vn 0.040002 0.923354 -0.381861
vn 0.225093 0.408891 -0.884387
vn -0.184410 0.644713 -0.741848
vn 0.419252 0.756701 -0.501629
vn 0.208164 0.321032 -0.923908
vn 0.133780 0.309841 -0.941330
vn 0.112140 0.241290 -0.963952
vn 0.226996 0.120174 -0.966453
vn 0.400749 0.138364 -0.905680
vn 0.207822 0.148008 -0.966904
vn -0.518848 0.852984 -0.056701
vn -0.214111 0.890138 -0.402257
vn -0.322507 0.648224 -0.689779
vn -0.474978 0.596261 -0.647201
vn -0.547235 0.501105 -0.670394
vn -0.630232 0.751023 -0.196909
vn -0.433000 0.792531 -0.429424
vn -0.816048 0.572573 -0.078904
vn -0.506689 0.605511 -0.613696
vn -0.170769 0.824523 -0.539444
vn -0.030315 0.862655 -0.504884
vn -0.189942 0.842494 -0.504109
vn -0.107656 0.882537 -0.457754
vn -0.543704 0.298952 -0.784228
vn -0.600432 0.173062 -0.780725
vn -0.889500 0.389123 -0.239528
vn -0.793277 0.354488 -0.495024
vn -0.841095 0.203502 -0.501145
vn 0.398720 -0.097625 0.911862
vn 0.337497 -0.511033 0.790532
vn 0.382197 0.266198 0.884909
vn 0.472750 0.227570 0.851305
vn 0.440312 -0.041923 0.896866
vn 0.549251 0.149598 0.822158
vn 0.463313 0.543553 0.699922
vn 0.569540 0.469501 0.674680
vn 0.471446 -0.100609 0.876137
vn 0.363148 -0.488698 0.793283
vn 0.092963 -0.835406 0.541715
vn -0.283261 -0.929682 0.235487
vn -0.524432 -0.845410 0.101256
vn -0.623631 -0.755947 -0.199068
vn -0.648179 -0.415307 -0.638266
vn -0.560586 0.054149 -0.826324
vn -0.421065 0.562349 -0.711666
vn -0.284373 0.885794 -0.366744
vn -0.000333 0.903001 -0.429638
vn -0.316874 0.653462 -0.687443
vn -0.660485 0.135894 -0.738440
vn -0.774516 -0.438221 -0.456167
vn -0.628920 -0.772552 -0.087308
vn -0.474917 -0.876570 -0.077968
vn -0.216704 -0.975783 -0.029786
vn 0.128640 -0.898680 0.419316
vn -0.739839 0.119074 -0.662163
vn -0.248151 0.242290 -0.937932
vn -0.743973 0.189523 -0.640769
vn -0.456993 0.157118 -0.875483
vn -0.673220 0.594994 0.439041
vn 0.340156 0.553486 0.760228
vn 0.139147 0.887162 0.439980
vn 0.280366 0.883560 0.375121
vn 0.054732 0.119354 0.991342
vn -0.490065 0.681585 -0.543396
vn -0.104115 0.926960 -0.360422
vn -0.153584 0.988076 0.010837
vn 0.160030 0.978352 -0.131215
vn -0.802163 0.158102 -0.575794
vn -0.814909 -0.448374 -0.367266
vn -0.640399 -0.712132 -0.287676
vn -0.483799 -0.779804 -0.397297
vn 0.465032 0.843725 0.268094
vn 0.232586 0.963772 -0.130564
vn 0.146171 -0.865841 0.478491
vn -0.201443 -0.975754 -0.085585
vn 0.366250 -0.453031 0.812788
vn -0.823820 -0.339535 -0.453913
vn -0.826472 0.267901 -0.495149
vn -0.708401 -0.483328 -0.514356
vn -0.599470 -0.659366 -0.453732
vn -0.262475 -0.960913 0.088056
vn 0.129574 -0.817764 0.560779
vn 0.393530 -0.543645 0.741340
vn 0.595696 -0.314900 0.738907
vn 0.740628 -0.045020 0.670405
vn 0.734854 0.392134 0.553372
vn 0.433062 0.872249 0.227243
vn 0.057195 0.998191 -0.018535
vn -0.319058 0.921532 -0.221314
vn -0.602914 0.703577 -0.376132
vn 0.504163 -0.777723 -0.375455
vn 0.564086 -0.719050 -0.405924
vn 0.426554 -0.760069 -0.490251
vn 0.148869 -0.905235 -0.397979
vn -0.050171 -0.998721 -0.006305
vn -0.023479 -0.999720 -0.002989
vn -0.667146 -0.685278 0.292080
vn -0.681683 -0.585625 0.438579
vn -0.046456 -0.997565 -0.052013
vn -0.117403 -0.992779 -0.024618
vn -0.560862 -0.694095 -0.451294
vn -0.528688 -0.697505 -0.483710
vn -0.546052 -0.672530 -0.499531
vn -0.575457 -0.769498 -0.276987
vn -0.519697 -0.854337 0.004813
vn -0.002396 -0.979355 -0.202134
vn 0.369457 -0.214963 0.904043
vn 0.624100 -0.203066 0.754495
vn -0.092779 -0.992524 -0.079305
vn -0.146030 -0.970948 -0.189564
vn 0.135360 -0.978138 0.157873
vn 0.237387 -0.949295 0.206120
vn 0.594503 -0.268142 0.758067
vn 0.631579 -0.223572 0.742377
vn -0.152069 -0.966241 -0.207977
vn 0.251917 -0.941584 0.223510
vn -0.159579 -0.972931 -0.167155
vn 0.254940 -0.925123 0.281341
vn 0.693417 -0.467312 -0.548445
vn -0.081268 -0.449571 0.889540
vn -0.256654 -0.356557 0.898330
vn -0.368036 -0.256493 0.893734
vn -0.423352 -0.238059 0.874129
vn -0.450990 -0.269775 0.850782
vn -0.302474 -0.274676 0.912722
vn -0.016270 -0.183083 0.982963
vn -0.048670 -0.998814 -0.001257
vn 0.023973 -0.973560 0.227169
vn -0.102811 -0.970476 0.218189
vn -0.199939 -0.923853 0.326374
vn -0.913234 -0.236099 0.332056
vn -0.995756 0.013935 -0.090972
vn -0.918822 0.117955 0.376633
vn 0.089972 0.450005 0.888482
vn -0.638390 0.472410 0.607690
vn -0.505982 0.775689 0.377212
vn -0.281931 -0.280269 0.917586
vn -0.271722 -0.434728 0.858591
vn -0.080176 0.768866 0.634364
vn -0.587802 0.272983 0.761557
vn -0.475251 0.244217 0.845278
vn -0.568274 0.167238 0.805665
vn -0.341363 0.131644 0.930667
vn -0.530596 -0.056057 0.845769
vn -0.472472 -0.295415 0.830362
vn -0.670608 0.182146 0.719102
vn -0.526283 -0.121944 0.841520
vn -0.611680 0.053977 0.789262
vn -0.640358 0.384815 0.664724
vn -0.638034 0.309614 0.705019
vn -0.587391 0.000085 0.809303
vn -0.719705 0.590306 0.365465
vn -0.471424 0.837662 0.275829
vn -0.295934 0.953991 -0.048217
vn -0.556885 0.772227 0.305851
vn -0.594420 0.054829 0.802284
vn -0.566180 -0.002929 0.824276
vn -0.431081 -0.125421 0.893554
vn -0.481414 0.873041 0.077720
vn -0.821975 0.437417 0.364724
vn -0.814143 0.541063 0.210764
vn 0.693600 -0.504137 -0.514553
vn 0.494991 -0.501439 -0.709607
vn 0.902789 -0.406606 -0.140156
vn 0.485819 -0.432626 -0.759484
vn 0.243651 -0.951323 0.188730
vn -0.037588 -0.947534 0.317437
vn 0.189246 -0.911467 -0.365258
vn -0.117789 -0.918877 0.376550
vn 0.147261 -0.946890 -0.285856
vn 0.899208 -0.017278 0.437180
vn 0.951038 -0.263637 0.161313
vn 0.919930 -0.385640 0.070783
vn -0.029788 -0.999452 0.014406
vn -0.035037 -0.999299 -0.013218
vn -0.429780 -0.289613 -0.855227
vn -0.470358 -0.653727 -0.592793
vn -0.083487 -0.973900 -0.211067
vn 0.622530 -0.721015 0.304292
vn 0.494397 -0.866661 0.066867
vn -0.226305 -0.860533 -0.456364
vn -0.288753 -0.882196 -0.371956
vn 0.239284 -0.965334 0.104275
vn 0.206952 -0.978289 0.010986
vn -0.158456 -0.959246 -0.233962
vn -0.016175 -0.999725 -0.016956
vn 0.160076 -0.987105 -0.000495
vn 0.213036 -0.976250 -0.039386
vn -0.007626 -0.999923 -0.009799
vn 0.172940 -0.984020 -0.042376
vn -0.012909 -0.999479 -0.029578
vn -0.134460 -0.953825 0.268588
vn -0.162241 -0.938524 0.304715
vn 0.266571 -0.943878 -0.195024
vn 0.072567 -0.997096 -0.023087
vn -0.949167 -0.074882 -0.305738
vn -0.935983 0.351532 0.019026
vn -0.617798 0.659874 0.427660
vn -0.159204 0.653144 0.740308
vn 0.268270 0.483714 0.833098
vn 0.488678 -0.257372 0.833639
vn 0.394791 0.140759 0.907925
vn -0.673365 -0.678054 -0.294656
vn -0.247732 -0.968727 -0.014011
vn 0.209910 -0.829778 0.517113
vn -0.941339 -0.333604 0.050883
vn -0.218395 0.195126 0.956153
vn -0.033105 -0.583052 0.811760
vn -0.663224 0.198876 0.721514
vn -0.556986 -0.792348 0.248901
vn 0.301884 0.767866 -0.565020
vn 0.625268 0.332050 -0.706245
vn 0.696102 -0.282528 -0.660015
vn 0.405084 -0.821865 -0.400555
vn -0.104219 -0.991336 -0.079949
vn -0.183849 0.919024 -0.348704
vn -0.809727 0.586242 0.025742
vn -0.965011 -0.077735 0.250422
vn -0.630486 -0.749321 0.202497
vn -0.256823 -0.949433 -0.180605
vn -0.648269 -0.754004 0.105952
vn -0.299892 0.860398 -0.412044
vn 0.175046 0.744354 -0.644435
vn -0.012644 0.623296 -0.781883
vn -0.487144 0.663997 -0.567274
vn -0.886961 0.001123 0.461843
vn -0.918483 0.118254 0.377366
vn -0.995507 0.075272 -0.057450
vn -0.532623 -0.846328 0.006467
vn 0.485018 0.269789 -0.831848
vn -0.104760 -0.069539 -0.992063
vn -0.879287 0.470102 -0.076546
vn -0.902817 0.029356 -0.429023
vn -0.968998 -0.209906 0.130316
vn 0.545086 -0.284065 -0.788789
vn -0.607598 -0.755101 0.246264
vn -0.767758 -0.555648 -0.319066
vn 0.171933 -0.869912 -0.462269
vn -0.062509 -0.550779 -0.832307
vn -0.074558 -0.768645 -0.635316
vn -0.185585 -0.155651 -0.970222
vn 0.536807 -0.760085 0.366208
vn 0.159237 -0.878111 -0.451181
vn 0.515899 -0.815565 0.262113
vn 0.777790 -0.182024 0.601590
vn 0.813605 -0.362841 0.454306
vn 0.391106 0.799784 -0.455392
vn 0.642326 0.765774 -0.031743
vn -0.020369 0.337287 -0.941182
vn 0.264283 0.233633 -0.935719
vn 0.779723 0.490818 0.388755
vn 0.950135 0.291046 -0.111967
vn 0.158034 -0.312581 -0.936653
vn -0.982302 0.061830 0.176805
vn -0.782409 0.253094 -0.569016
vn -0.861592 0.193562 -0.469248
vn -0.892032 0.114449 -0.437241
vn -0.998477 0.055143 -0.001623
vn -0.994993 0.092572 -0.037675
vn -0.822238 -0.243429 0.514459
vn -0.848533 -0.163306 0.503312
vn 0.198149 0.130222 0.971483
vn 0.470364 0.363959 0.803923
vn 0.868209 -0.021280 0.495742
vn 0.513845 -0.105323 0.851393
vn 0.946166 -0.160221 0.281247
vn 0.567097 -0.078421 0.819909
vn 0.573795 0.540210 0.615575
vn 0.193467 0.679125 0.708067
vn -0.986419 0.154534 -0.055647
vn -0.870787 -0.000483 0.491661
vn -0.657599 0.100180 -0.746678
vn 0.994517 -0.034956 0.098560
vn 0.947563 0.139850 0.287344
vn 0.894127 0.427043 0.134802
vn 0.032666 0.860611 0.508214
vn 0.918616 0.052079 -0.391705
vn 0.560545 0.766929 -0.312425
vn 0.593642 0.354177 -0.722598
vn 0.217588 0.130378 -0.967294
vn 0.822416 0.089712 -0.561768
vn -0.756837 -0.016464 -0.653396
vn -0.040688 0.094630 -0.994681
vn -0.988440 0.141813 0.053633
vn -0.852004 0.168649 0.495628
vn -0.921246 -0.004122 -0.388958
vn -0.928823 0.080043 -0.361775
vn -0.906298 -0.402566 -0.128703
vn -0.864168 -0.492023 0.105481
vn -0.798549 -0.526704 -0.291381
vn -0.838259 -0.377667 -0.393306
vn 0.730951 0.143758 -0.667117
vn -0.806435 -0.080355 -0.585838
vn -0.908059 -0.174740 -0.380649
vn -0.223697 0.172170 -0.959332
vn -0.743924 -0.199165 -0.637896
vn -0.287027 0.228753 -0.930208
vn -0.950853 -0.176931 -0.254116
vn 0.297647 0.482346 -0.823862
vn 0.527818 0.331053 -0.782184
vn 0.905102 0.051137 -0.422108
vn 0.975352 -0.017128 -0.219989
vn 0.811424 0.258862 -0.524006
vn -0.950245 -0.235956 0.203370
vn 0.608989 0.474309 -0.635739
vn 0.904598 0.183500 -0.384747
vn 0.758292 0.481960 -0.438986
vn 0.995225 -0.087677 -0.042890
vn 0.977245 0.176852 -0.117116
vn 0.840182 0.528057 -0.123493
vn 0.953079 -0.062145 0.296275
vn 0.899315 0.239590 0.365827
vn 0.783695 0.532826 0.319249
vn 0.540465 0.061837 0.839091
vn 0.493810 0.254536 0.831483
vn 0.547062 0.395554 0.737740
vn -0.043388 0.951888 -0.303359
vn 0.151233 0.987103 0.052504
vn -0.426603 0.777025 0.462862
vn -0.664187 0.745758 0.051971
vn -0.801721 0.048501 0.595727
vn -0.912616 0.119592 0.390934
vn -0.852101 -0.258204 0.455253
vn -0.847660 -0.401346 0.346978
vn -0.825647 -0.377197 0.419559
vn -0.856444 -0.393025 0.334717
vn -0.867382 -0.084739 0.490374
vn 0.729516 0.670561 0.134737
vn 0.683285 0.717976 -0.132786
vn 0.729932 0.480054 0.486567
vn 0.619694 0.677401 -0.396368
vn 0.138031 0.091490 0.986193
vn 0.221585 0.200578 0.954290
vn 0.081578 -0.037546 0.995960
vn -0.405354 0.063136 0.911977
vn -0.463643 -0.130918 0.876297
vn -0.190878 -0.095510 0.976956
vn -0.019695 0.042028 0.998922
vn -0.563004 -0.266184 0.782414
vn -0.024907 -0.141773 0.989586
vn -0.376503 -0.205192 0.903406
vn -0.747055 -0.173112 0.641827
vn -0.797490 0.291025 0.528502
vn -0.272904 -0.057081 0.960346
vn -0.525507 0.267979 0.807483
vn -0.571793 -0.165925 0.803443
vn -0.769310 0.583552 -0.260058
vn -0.103902 0.892779 -0.438349
vn -0.202051 0.779469 -0.592962
vn -0.790419 -0.357346 0.497535
vn -0.987167 0.050951 0.151342
vn -0.698814 -0.394939 0.596391
vn 0.354336 0.785647 -0.507153
vn 0.264329 0.755710 -0.599193
vn 0.860857 0.135257 0.490541
vn 0.868248 0.489858 -0.078641
vn 0.890865 0.401946 -0.211656
vn 0.966985 0.106318 0.231596
vn 0.362444 0.830462 -0.423047
vn 0.685501 0.713244 -0.146187
vn 0.432001 0.886760 -0.164414
vn 0.586814 0.790792 -0.174060
vn 0.529880 0.820910 -0.212918
vn 0.579243 0.737749 -0.346703
vn 0.660461 0.632303 -0.404949
vn 0.625944 0.611866 -0.483544
vn 0.541809 0.769827 -0.337356
vn 0.531175 0.799048 -0.281739
vn 0.410457 0.526786 -0.744327
vn 0.373892 0.509435 -0.775036
vn -0.247674 0.150266 -0.957119
vn 0.164143 0.461116 -0.872026
vn 0.067241 0.118362 -0.990691
vn -0.534128 -0.370708 -0.759791
vn 0.494081 0.202801 0.845432
vn -0.737046 0.082530 0.670785
vn -0.350050 -0.542432 0.763696
vn -0.343951 -0.451070 0.823550
vn 0.256350 -0.467128 0.846213
vn 0.155223 -0.387766 0.908594
vn 0.710147 -0.227818 0.666176
vn 0.606704 -0.166426 0.777311
vn -0.355513 0.138152 0.924405
vn 0.096203 0.145975 0.984600
vn 0.306386 0.033462 0.951319
vn -0.104640 -0.156590 0.982105
vn -0.460192 -0.313858 0.830492
vn -0.706335 -0.369184 0.603981
vn 0.672320 0.476786 -0.566269
vn -0.036543 0.476251 -0.878550
vn 0.002553 0.489128 -0.872208
vn 0.710601 0.423555 -0.561825
vn 0.986875 0.139057 0.082100
vn 0.964335 0.257899 0.059556
vn -0.702546 0.241165 -0.669528
vn -0.684867 0.294225 -0.666625
vn -0.992033 -0.096860 -0.080558
vn -0.997154 -0.033398 -0.067589
vn -0.686204 -0.372941 0.624531
vn -0.713839 -0.312928 0.626506
vn 0.033855 -0.365675 0.930127
vn -0.017835 -0.360280 0.932674
vn 0.717040 -0.092839 0.690822
vn 0.683477 -0.182236 0.706859
vn -0.110673 0.595743 -0.795514
vn 0.618883 0.484906 -0.617941
vn 0.992040 0.103702 -0.071437
vn -0.764772 0.384447 -0.517034
vn -0.996235 -0.027474 0.082231
vn -0.623951 -0.401662 0.670337
vn 0.077811 -0.512742 0.855010
vn 0.760276 -0.325167 0.562358
vn -0.202064 0.738153 -0.643662
vn 0.529233 0.572319 -0.626389
vn 0.969517 0.082565 -0.230695
vn -0.817493 0.500903 -0.284256
vn -0.963671 -0.007532 0.266984
vn -0.536867 -0.501617 0.678347
vn 0.187577 -0.683706 0.705238
vn 0.818642 -0.458893 0.345315
vn -0.261886 0.822233 -0.505320
vn 0.460481 0.650361 -0.604142
vn 0.938587 0.111037 -0.326690
vn -0.833191 0.544093 -0.098768
vn -0.916026 -0.037591 0.399353
vn -0.439978 -0.578925 0.686488
vn 0.300430 -0.755005 0.582846
vn 0.858082 -0.481920 0.177337
vn -0.292406 0.831696 -0.471997
vn 0.439390 0.674192 -0.593634
vn 0.939836 0.125892 -0.317583
vn -0.835683 0.546294 -0.056541
vn -0.903596 -0.043226 0.426200
vn -0.413648 -0.592202 0.691514
vn 0.326330 -0.750049 0.575270
vn 0.873630 -0.456435 0.168637
vn -0.311172 0.755288 -0.576812
vn 0.464881 0.602066 -0.649155
vn 0.953533 0.090083 -0.287505
vn -0.857098 0.488089 -0.164779
vn -0.938155 -0.034187 0.344524
vn -0.452370 -0.556529 0.696876
vn 0.322067 -0.703225 0.633835
vn 0.873685 -0.428097 0.231099
vn -0.248957 0.615985 -0.747384
vn 0.545339 0.475874 -0.690036
vn 0.980776 0.051327 -0.188264
vn -0.843957 0.399472 -0.357994
vn -0.979549 -0.012067 0.200844
vn -0.543259 -0.458258 0.703470
vn 0.254669 -0.595423 0.761981
vn 0.842529 -0.372305 0.389273
vn -0.277174 0.520408 -0.807682
vn 0.529502 0.468862 -0.706963
vn 0.977295 0.142098 -0.157173
vn -0.860267 0.292272 -0.417754
vn -0.984712 -0.055609 0.165076
vn -0.533041 -0.415824 0.736856
vn 0.276010 -0.481697 0.831737
vn 0.853685 -0.244939 0.459594
vn -0.277493 0.613943 -0.738967
vn 0.549162 0.596179 -0.585654
vn 0.958623 0.283830 -0.021975
vn -0.873538 0.325933 -0.361524
vn -0.984846 -0.000240 0.173429
vn -0.570288 -0.319541 0.756747
vn 0.246864 -0.353236 0.902376
vn 0.825780 -0.092967 0.556277
vn 0.583346 0.623540 -0.520485
vn 0.868306 0.452102 -0.204079
vn 0.107125 0.676252 -0.728840
vn -0.022150 0.545018 -0.838131
vn 0.608433 0.563221 -0.559099
vn -0.308640 0.636419 -0.706903
vn -0.682391 0.295083 -0.668782
vn -0.824077 0.377306 -0.422538
vn -0.999449 -0.033188 -0.000443
vn -0.989552 -0.105471 -0.098301
vn -0.767349 -0.404987 0.497154
vn -0.696035 -0.406747 0.591686
vn -0.335989 -0.554600 0.761269
vn 0.081319 -0.392947 0.915958
vn 0.359636 -0.423492 0.831455
vn 0.926634 0.374502 -0.033114
vn 0.697556 -0.228318 0.679181
vn 0.743772 -0.081277 0.663473
vn 0.957477 0.130350 0.257386
vn -0.759093 0.205260 -0.617775
vn -0.966933 -0.067396 -0.245963
vn -0.984999 -0.096997 -0.142717
vn -0.791512 0.207982 -0.574676
vn -0.191010 0.503482 -0.842628
vn -0.176842 0.547129 -0.818154
vn -0.957228 -0.258334 0.130300
vn -0.968788 -0.232145 0.086939
vn -0.739816 -0.463697 0.487501
vn -0.825056 -0.397608 0.401485
vn -0.426984 -0.540868 0.724670
vn -0.506160 -0.480173 0.716404
vn 0.041200 -0.471217 0.881055
vn -0.056492 -0.439289 0.896568
vn 0.406050 -0.312373 0.858805
vn 0.351296 -0.307087 0.884471
vn 0.746775 -0.004920 0.665059
vn 0.766962 -0.019676 0.641391
vn 0.896025 0.381257 0.227558
vn 0.936926 0.301247 0.177255
vn 0.800001 0.580312 -0.152433
vn 0.865085 0.466432 -0.184577
vn 0.594724 0.666260 -0.449890
vn 0.673495 0.554753 -0.488522
vn 0.320855 0.670354 -0.669087
vn 0.400408 0.576169 -0.712533
vn 0.155628 0.642077 -0.750678
vn 0.198039 0.563435 -0.802073
vn -0.979937 -0.082016 -0.181651
vn -0.862624 0.130082 -0.488834
vn -0.356621 0.410078 -0.839439
vn -0.977571 -0.208149 -0.032082
vn -0.867078 -0.388936 0.311296
vn -0.523473 -0.483299 0.701711
vn -0.104859 -0.427754 0.897792
vn 0.309986 -0.266715 0.912563
vn 0.733441 0.023338 0.679352
vn 0.922801 0.312571 0.225251
vn 0.873562 0.463209 -0.149422
vn 0.705154 0.539455 -0.460160
vn 0.458637 0.545373 -0.701584
vn 0.161891 0.514369 -0.842149
vn -0.929423 -0.120035 -0.348949
vn -0.873158 0.019799 -0.487034
vn -0.509463 0.316663 -0.800107
vn -0.944510 -0.240272 -0.223988
vn -0.876509 -0.436572 0.202823
vn -0.546988 -0.503120 0.669085
vn -0.129746 -0.415254 0.900405
vn 0.280263 -0.239558 0.929551
vn 0.674600 0.018844 0.737943
vn 0.900044 0.278369 0.335309
vn 0.894009 0.442661 -0.069279
vn 0.749306 0.530399 -0.396505
vn 0.513356 0.560925 -0.649483
vn 0.093839 0.522722 -0.847323
vn -0.762377 -0.201037 -0.615115
vn -0.710715 0.020605 -0.703179
vn -0.423612 0.346002 -0.837159
vn -0.840720 -0.349513 -0.413558
vn -0.846127 -0.518521 0.123310
vn -0.575395 -0.509049 0.640148
vn -0.213144 -0.399175 0.891756
vn 0.160176 -0.273331 0.948490
vn 0.540836 -0.114251 0.833333
vn 0.847456 0.079594 0.524866
vn 0.951353 0.301664 0.062657
vn 0.789509 0.476742 -0.386514
vn 0.490382 0.565075 -0.663488
vn 0.054630 0.552880 -0.831468
vn -0.767153 -0.568968 -0.296229
vn -0.792327 -0.233619 -0.563596
vn -0.913777 -0.403924 -0.043098
vn -0.888956 -0.093444 -0.448359
vn -0.832886 -0.076874 -0.548079
vn -0.775360 0.128436 -0.618322
vn -0.669304 0.484634 -0.563171
vn -0.365581 0.581255 -0.726976
vn -0.464059 0.783671 -0.412927
vn -0.104034 0.778332 -0.619174
vn -0.282804 0.922681 -0.262073
vn 0.036410 0.864272 -0.501706
vn 0.061012 0.996835 -0.050975
vn 0.331878 0.901720 -0.277054
vn 0.422199 0.884200 0.199849
vn 0.591336 0.806330 0.012395
vn 0.757780 0.432609 0.488486
vn 0.764248 0.517761 0.384512
vn 0.752401 -0.098164 0.651350
vn 0.698029 -0.002762 0.716064
vn 0.565368 -0.431111 0.703208
vn 0.462337 -0.366858 0.807254
vn 0.330491 -0.641541 0.692243
vn 0.180031 -0.578199 0.795786
vn 0.022535 -0.793843 0.607705
vn -0.232368 -0.696323 0.679072
vn -0.392376 -0.869326 0.300524
vn -0.591190 -0.666477 0.454206
vn 0.982529 -0.065647 -0.174149
vn 0.759743 -0.569931 -0.313000
vn 0.811542 -0.567269 -0.140020
vn 0.981424 -0.157979 -0.108856
vn 0.886426 0.461203 0.039256
vn 0.817060 0.572384 0.069202
vn 0.672702 -0.691526 -0.263179
vn 0.779354 -0.621609 -0.078804
vn 0.557668 -0.801029 -0.217620
vn 0.568381 -0.813813 -0.121047
vn 0.011955 -0.954919 -0.296627
vn -0.030392 -0.971528 -0.234969
vn -0.526386 -0.777110 -0.344990
vn -0.576617 -0.768923 -0.276172
vn -0.835610 -0.426480 -0.346225
vn -0.871332 -0.412163 -0.266273
vn -0.945114 0.194509 -0.262539
vn -0.974656 0.152443 -0.163728
vn -0.722856 0.686166 -0.081583
vn -0.831343 0.555758 0.001473
vn -0.635339 0.770727 0.048220
vn -0.769229 0.631953 0.094462
vn -0.414823 0.891715 0.181015
vn -0.453116 0.865539 0.213373
vn -0.036597 0.968822 0.245039
vn 0.040054 0.968277 0.246650
vn 0.365398 0.905422 0.216092
vn 0.470852 0.864045 0.178113
vn 0.868592 -0.252985 -0.426082
vn 0.971397 0.227262 -0.068850
vn 0.787346 -0.463135 -0.406930
vn 0.989730 0.078546 -0.119434
vn 0.722663 0.680502 0.121141
vn 0.721515 0.667777 0.183003
vn 0.411969 0.903144 0.120882
vn 0.309982 0.905639 0.289359
vn 0.222888 0.974226 0.034697
vn 0.013458 0.971267 0.237613
vn -0.245083 0.966470 0.076616
vn 0.035974 0.992397 -0.117704
vn -0.089521 0.965043 -0.246330
vn -0.361344 0.927500 -0.095788
vn -0.284850 0.871740 -0.398660
vn -0.522777 0.811261 -0.261840
vn -0.854376 0.300354 -0.424062
vn -0.618976 0.086007 -0.780687
vn -0.810842 -0.327690 -0.484928
vn -0.181791 -0.151949 -0.971527
vn -0.517295 -0.655363 -0.550368
vn 0.618178 -0.410580 -0.670283
vn 0.602924 -0.610428 -0.513673
vn 0.481395 -0.664336 -0.571766
vn 0.234246 0.468972 -0.851583
vn 0.388342 -0.058729 -0.919642
vn 0.021229 -0.779639 -0.625870
vn 0.020377 0.873255 0.486837
vn -0.655965 0.677568 0.332583
vn 0.966665 -0.249138 0.059075
vn 0.651835 -0.138117 -0.745677
vn 0.701819 -0.106711 -0.704317
vn 0.988551 -0.104153 0.109179
vn 0.672797 0.004555 0.739814
vn 0.678927 -0.144709 0.719804
vn -0.056812 0.134427 -0.989294
vn -0.036047 0.024482 -0.999050
vn -0.633667 0.359017 -0.685254
vn -0.617439 0.185242 -0.764497
vn -0.884811 0.465932 -0.004135
vn -0.939158 0.322986 -0.116883
vn -0.601762 0.358527 0.713682
vn -0.705710 0.312690 0.635766
vn 0.079488 0.092005 0.992581
vn 0.007214 0.169811 0.985450
vn 0.721934 -0.021403 -0.691631
vn 0.988080 0.118257 0.098557
vn 0.672824 0.230569 0.702955
vn -0.016800 -0.125370 -0.991968
vn -0.643392 -0.128796 -0.754624
vn -0.998493 0.020526 -0.050887
vn -0.705534 0.222341 0.672894
vn 0.009445 0.291443 0.956542
vn 0.626719 0.017744 -0.779043
vn 0.962978 0.269574 -0.001659
vn 0.658199 0.420422 0.624516
vn -0.060610 -0.161300 -0.985043
vn -0.698772 -0.149747 -0.699495
vn -0.998922 0.045820 -0.007495
vn -0.653198 0.303058 0.693894
vn 0.033142 0.443122 0.895848
vn 0.640339 -0.088652 -0.762959
vn 0.963780 -0.266410 -0.012413
vn 0.987106 -0.157912 -0.026177
vn 0.718582 0.006765 -0.695409
vn 0.840220 -0.020412 0.541861
vn 0.737684 -0.186115 0.648987
vn 0.485616 0.280630 0.827903
vn 0.243799 0.048036 0.968635
vn -0.195987 0.493837 0.847180
vn -0.459341 0.330955 0.824302
vn -0.720864 0.453722 0.523919
vn -0.870848 0.465938 0.156607
vn -0.075098 0.236129 -0.968816
vn -0.054204 0.387138 -0.920427
vn -0.685668 0.422989 -0.592401
vn -0.742902 0.444818 -0.500233
vn -0.923995 0.375255 -0.073603
vn -0.912586 0.408613 0.014871
vn -0.839673 0.535900 0.088091
vn -0.894417 0.447094 -0.011178
vn -0.987314 0.097942 -0.124979
vn -0.924379 0.380711 -0.024134
vn -0.991238 0.097111 -0.089534
vn -0.886499 0.462475 0.015413
vn -0.903874 -0.383957 -0.188650
vn -0.920811 -0.350025 -0.172018
vn -0.600930 -0.772118 -0.206682
vn -0.040955 -0.982337 -0.182586
vn -0.597971 -0.768009 -0.229331
vn 0.539760 -0.838017 -0.079922
vn -0.011575 -0.970183 -0.242098
vn 0.556168 -0.816695 -0.153904
vn 0.818718 -0.574194 -0.001253
vn 0.851829 -0.520869 -0.055517
vn 0.874346 -0.484770 -0.022710
vn 0.929074 -0.366525 -0.049808
vn 0.989869 -0.137316 0.036103
vn 0.989655 -0.138193 0.038538
vn 0.533334 0.734303 0.419946
vn 0.909117 0.388814 0.149429
vn 0.935033 0.143137 0.324385
vn 0.995158 -0.061828 -0.076407
vn 0.532117 0.819989 -0.210878
vn 0.538488 0.243072 -0.806813
vn 0.176342 -0.393993 -0.902039
vn 0.214721 -0.280117 -0.935644
vn 0.559420 0.302574 -0.771685
vn 0.588469 0.783564 -0.199327
vn 0.593545 0.753761 -0.282044
vn -0.326651 -0.816045 -0.476833
vn -0.348168 -0.735756 -0.580897
vn -0.678037 -0.706253 0.203648
vn -0.724445 -0.660087 0.198659
vn -0.641747 -0.112896 0.758561
vn -0.619845 -0.111317 0.776789
vn -0.189028 0.557487 0.808379
vn -0.196488 0.502063 0.842215
vn 0.271303 0.864264 0.423606
vn 0.280479 0.847368 0.450886
vn 0.245923 -0.175860 -0.953203
vn 0.649519 0.382819 -0.656943
vn 0.665570 0.743836 -0.061029
vn -0.406329 -0.621902 -0.669428
vn -0.802688 -0.585150 0.115288
vn -0.612681 -0.095880 0.784493
vn -0.080811 0.451644 0.888531
vn 0.406348 0.762268 0.503815
vn 0.299064 -0.122373 -0.946354
vn 0.782289 0.332427 -0.526799
vn 0.816659 0.571836 0.077914
vn -0.451094 -0.502376 -0.737653
vn -0.881454 -0.471386 0.028886
vn -0.656649 -0.059487 0.751846
vn 0.003864 0.397440 0.917620
vn 0.554553 0.597709 0.578978
vn 0.322667 -0.111244 -0.939953
vn 0.840025 0.228479 -0.492093
vn 0.909294 0.407846 0.082742
vn -0.506550 -0.403879 -0.761767
vn -0.933703 -0.355308 0.044209
vn -0.630966 -0.028552 0.775285
vn 0.068507 0.300379 0.951357
vn 0.649994 0.440135 0.619507
vn 0.293341 -0.108627 -0.949817
vn 0.855642 0.090698 -0.509559
vn 0.974984 0.217250 0.046989
vn -0.582865 -0.265092 -0.768112
vn -0.978379 -0.196576 0.064286
vn -0.597709 0.031842 0.801081
vn 0.128835 0.224854 0.965838
vn 0.727730 0.283037 0.624739
vn 0.196546 -0.092801 -0.976093
vn 0.831146 -0.021380 -0.555643
vn 0.995518 0.063703 0.069897
vn -0.634869 -0.108103 -0.765020
vn -0.999091 -0.027361 0.032676
vn -0.617880 0.095786 0.780416
vn 0.113403 0.161115 0.980399
vn 0.730535 0.141228 0.668111
vn 0.098576 -0.007103 -0.995104
vn 0.792919 -0.010617 -0.609234
vn 0.997738 0.026103 0.061953
vn -0.665034 0.039703 -0.745757
vn -0.994877 0.101006 0.004146
vn -0.643534 0.141789 0.752170
vn 0.074493 0.133961 0.988183
vn 0.718763 0.086448 0.689860
vn 0.048325 0.081206 -0.995525
vn 0.768230 0.031287 -0.639409
vn 0.999071 0.040595 0.014478
vn -0.664053 0.160758 -0.730199
vn -0.973094 0.230291 -0.007395
vn -0.615243 0.236316 0.752084
vn 0.103829 0.172077 0.979596
vn 0.759351 0.095689 0.643606
vn 0.474956 0.447534 -0.757713
vn 0.268770 0.922578 0.276790
vn 0.579830 0.768804 -0.269699
vn 0.278197 0.884214 0.375196
vn -0.244862 0.682646 0.688503
vn -0.188852 0.604578 0.773835
vn -0.717203 -0.108775 0.688323
vn -0.657750 -0.150360 0.738076
vn -0.750644 -0.651606 0.109285
vn -0.657052 -0.734513 0.169626
vn -0.395091 -0.737100 -0.548258
vn -0.352219 -0.834892 -0.422964
vn 0.075014 -0.098997 -0.992256
vn 0.547284 0.349406 -0.760524
vn 0.095715 -0.308495 -0.946398
vn 0.112412 -0.469987 -0.875486
vn 0.870791 -0.056413 0.488406
vn 0.906480 -0.371045 0.201542
vn 0.865090 -0.340786 0.368082
vn 0.792064 -0.018557 0.610157
vn 0.432491 0.449384 0.781668
vn 0.457202 0.474598 0.752146
vn 0.855336 -0.518073 -0.000855
vn 0.822469 -0.567046 0.044756
vn 0.697222 -0.626930 -0.347621
vn 0.626116 -0.662982 -0.410406
vn 0.312344 -0.580325 -0.752107
vn 0.257359 -0.553605 -0.792015
vn -0.236500 -0.278734 -0.930793
vn -0.176177 -0.303227 -0.936491
vn -0.642935 0.102833 -0.758987
vn -0.583810 0.038410 -0.810981
vn -0.811631 0.426143 -0.399572
vn -0.810235 0.395657 -0.432407
vn -0.779680 0.622617 -0.066691
vn -0.773776 0.632655 -0.031917
vn -0.588150 0.754032 0.292431
vn -0.530634 0.771988 0.349944
vn -0.193456 0.766474 0.612448
vn -0.109300 0.739788 0.663903
vn 0.830066 -0.300772 0.469603
vn 0.678697 0.024176 0.734020
vn 0.314764 0.428090 0.847150
vn 0.821817 -0.567559 0.049934
vn 0.571955 -0.679406 -0.459646
vn 0.200930 -0.582415 -0.787668
vn -0.170018 -0.358615 -0.917872
vn -0.530590 -0.003251 -0.847623
vn -0.757123 0.420750 -0.499734
vn -0.715805 0.697933 -0.022655
vn -0.485883 0.785301 0.383693
vn -0.127300 0.702624 0.700081
vn 0.837172 -0.330335 0.435916
vn 0.670713 0.002508 0.741713
vn 0.320883 0.378014 0.868412
vn 0.808917 -0.587918 -0.002374
vn 0.551649 -0.693263 -0.463755
vn 0.174716 -0.601861 -0.779254
vn -0.221462 -0.345357 -0.911967
vn -0.568560 0.039253 -0.821705
vn -0.752671 0.454120 -0.476720
vn -0.699978 0.714088 -0.010418
vn -0.498329 0.774737 0.389166
vn -0.136053 0.671553 0.728359
vn 0.840704 -0.310248 0.443806
vn 0.638763 0.014022 0.769276
vn 0.279690 0.346371 0.895433
vn 0.840798 -0.541112 -0.015990
vn 0.636934 -0.610542 -0.470696
vn 0.290319 -0.526041 -0.799372
vn -0.159643 -0.295361 -0.941953
vn -0.586087 0.053676 -0.808468
vn -0.810426 0.376543 -0.448805
vn -0.810301 0.585910 -0.011029
vn -0.626831 0.673612 0.391573
vn -0.226023 0.614828 0.755579
vn 0.854379 -0.174118 0.489612
vn 0.556955 0.079558 0.826724
vn 0.115198 0.328389 0.937491
vn 0.923878 -0.382328 -0.016581
vn 0.742288 -0.457799 -0.489314
vn 0.451489 -0.419458 -0.787536
vn 0.007703 -0.274801 -0.961470
vn -0.519124 0.007831 -0.854663
vn -0.816588 0.265674 -0.512447
vn -0.888274 0.455668 -0.057759
vn -0.728826 0.545728 0.413513
vn -0.368872 0.506195 0.779551
vn 0.906024 -0.130817 0.402501
vn 0.605845 0.051843 0.793892
vn 0.126083 0.229172 0.965186
vn 0.953847 -0.280428 -0.107411
vn 0.749597 -0.347422 -0.563385
vn 0.415987 -0.320734 -0.850931
vn -0.072615 -0.190558 -0.978987
vn -0.595734 0.026557 -0.802743
vn -0.879405 0.207675 -0.428391
vn -0.940734 0.335232 0.051379
vn -0.755350 0.383877 0.531116
vn -0.372751 0.346269 0.860903
vn 0.948767 -0.128189 0.288805
vn 0.695922 0.010875 0.718035
vn 0.247590 0.157275 0.956015
vn 0.952026 -0.223290 -0.209257
vn 0.712288 -0.251587 -0.655248
vn 0.289756 -0.203016 -0.935322
vn -0.244538 -0.080617 -0.966283
vn -0.695505 0.069176 -0.715183
vn -0.932128 0.197007 -0.303853
vn -0.940326 0.286994 0.182813
vn -0.701052 0.314691 0.639919
vn -0.267725 0.268214 0.925411
vn 0.972075 -0.074228 0.222621
vn 0.746857 0.062556 0.662036
vn 0.318073 0.211388 0.924200
vn 0.949732 -0.161447 -0.268223
vn 0.685008 -0.183040 -0.705167
vn 0.236689 -0.131312 -0.962671
vn -0.281853 -0.017033 -0.959306
vn -0.704023 0.122150 -0.699593
vn -0.927983 0.252193 -0.274312
vn -0.909864 0.349256 0.223981
vn -0.645819 0.380229 0.662075
vn -0.199157 0.331089 0.922343
vn 0.324962 0.565004 0.758400
vn 0.366007 0.554514 0.747364
vn -0.284281 0.788138 0.545915
vn -0.216952 0.974963 0.048783
vn -0.614423 0.747835 0.251452
vn -0.777591 0.621432 -0.095784
vn -0.473800 0.761881 -0.441646
vn -0.521100 0.298935 -0.799433
vn -0.806109 0.390908 -0.444274
vn -0.392217 -0.024953 -0.919534
vn -0.647083 0.010400 -0.762348
vn 0.134252 -0.399589 -0.906810
vn -0.295277 -0.338897 -0.893287
vn 0.860627 -0.311927 -0.402520
vn 0.339281 -0.602898 -0.722082
vn 0.671925 -0.599304 -0.435146
vn 0.912334 -0.396554 -0.101938
vn 0.884506 -0.459923 -0.078234
vn 0.946327 -0.284260 0.153827
vn 0.932398 -0.340944 0.119966
vn 0.720731 0.177933 0.669991
vn 0.866137 0.013985 0.499611
vn 0.913831 -0.202766 0.351851
vn 0.927856 -0.075543 -0.365208
vn -0.244948 -0.218775 -0.944531
vn 0.041694 -0.328699 -0.943514
vn -0.357857 -0.122069 -0.925763
vn -0.414964 -0.042231 -0.908857
vn -0.472747 0.007391 -0.881167
vn -0.581305 0.018606 -0.813473
vn -0.492167 0.202231 -0.846684
vn 0.106960 0.435662 -0.893733
vn -0.033708 0.439037 -0.897837
vn 0.287552 0.410545 -0.865313
vn 0.849813 0.129613 -0.510900
vn 0.585860 0.308454 -0.749416
vn -0.091726 0.175528 -0.980192
vn -0.075805 0.288506 -0.954473
vn 0.339633 0.361352 -0.868374
vn 0.147084 0.420255 -0.895406
vn -0.052285 0.009058 -0.998591
vn -0.020496 -0.147175 -0.988898
vn 0.637427 0.226607 -0.736435
vn 0.844612 0.067453 -0.531113
vn 0.770159 -0.261676 -0.581706
vn 0.749918 -0.276440 -0.601003
vn 0.007965 -0.337198 -0.941400
vn 0.061507 0.462435 -0.884517
vn -0.049799 0.401756 -0.914392
vn -0.191574 0.410007 -0.891736
vn 0.049348 0.526331 -0.848846
vn -0.382981 0.169823 -0.908012
vn 0.436303 0.499351 -0.748524
vn -0.080594 0.554558 -0.828233
vn -0.100384 0.549580 -0.829388
vn -0.061626 -0.281229 0.957660
vn -0.293134 -0.354639 0.887865
vn 0.275590 -0.213092 0.937359
vn -0.539135 -0.572405 0.617808
vn -0.264624 -0.106597 0.958442
vn -0.216759 -0.167534 0.961742
vn -0.192524 -0.144374 0.970614
vn 0.294920 0.539614 0.788568
vn 0.250353 0.541791 0.802363
vn -0.249168 -0.108504 0.962363
vn -0.575949 -0.657257 0.486104
vn -0.543892 -0.667343 0.508758
vn 0.557459 0.830201 -0.002456
vn 0.572339 0.816351 0.077458
vn 0.422825 0.569410 -0.704976
vn 0.523137 0.562957 -0.639850
vn 0.078008 0.072130 -0.994340
vn 0.212252 0.033207 -0.976651
vn -0.320690 -0.452633 -0.832034
vn -0.216951 -0.515417 -0.829022
vn -0.584229 -0.766558 -0.266581
vn -0.547180 -0.798788 -0.250064
vn 0.178187 0.560479 0.808773
vn -0.291058 -0.068591 0.954244
vn -0.575952 -0.644293 0.503156
vn 0.527074 0.838922 0.135656
vn 0.540889 0.604410 -0.584917
vn 0.255263 0.047660 -0.965696
vn -0.173982 -0.538854 -0.824237
vn -0.518640 -0.827285 -0.215899
vn 0.110957 0.573967 0.811327
vn -0.321157 -0.036296 0.946330
vn -0.591823 -0.609905 0.527031
vn 0.456512 0.864977 0.208357
vn 0.519129 0.665214 -0.536651
vn 0.250795 0.087435 -0.964084
vn -0.184638 -0.516195 -0.836333
vn -0.544062 -0.813958 -0.203638
vn 0.026206 0.582425 0.812462
vn -0.387723 0.013215 0.921681
vn -0.668606 -0.542369 0.508726
vn 0.369328 0.893248 0.256330
vn 0.457259 0.734487 -0.501441
vn 0.197856 0.164180 -0.966384
vn -0.240970 -0.440737 -0.864687
vn -0.619618 -0.747307 -0.240014
vn -0.135899 -0.129714 0.982194
vn -0.467411 -0.630541 0.619633
vn -0.731982 -0.680057 0.041548
vn -0.613777 -0.777875 -0.134863
vn -0.414643 0.538814 0.733315
vn 0.114919 0.611497 0.782857
vn 0.289619 0.584194 0.758181
vn -0.148561 0.827211 -0.541896
vn 0.257663 0.872380 -0.415406
vn 0.464468 0.866285 -0.183902
vn 0.034694 0.474533 -0.879554
vn 0.255023 0.542785 -0.800218
vn -0.463147 -0.149712 -0.873545
vn -0.111680 0.037760 -0.993027
vn -0.661683 -0.481310 -0.574905
vn -0.463288 -0.495295 -0.734879
vn -0.796876 0.544553 -0.261631
vn -0.870545 0.491764 -0.017861
vn -0.930060 0.367248 0.010862
vn -0.994263 0.065525 -0.084549
vn -0.902858 -0.355412 -0.241930
vn -0.587858 -0.725089 -0.358703
vn 0.020205 -0.913025 -0.407403
vn 0.566412 -0.758636 -0.321945
vn 0.875734 -0.442187 -0.193807
vn 0.968407 -0.192997 -0.157922
vn 0.979452 -0.098508 -0.175983
vn 0.809440 0.047437 -0.585284
vn 0.245192 0.861962 -0.443738
vn 0.939918 0.224954 -0.256807
vn 0.971594 -0.022521 -0.235580
vn 0.731339 -0.450855 -0.511736
vn 0.708686 -0.503464 -0.494256
vn 0.973104 -0.053181 -0.224146
vn 0.841234 0.512767 0.171450
vn 0.845354 0.513869 0.145996
vn 0.352842 -0.680362 -0.642347
vn 0.333355 -0.723272 -0.604774
vn -0.089127 -0.764266 -0.638713
vn -0.039797 -0.790513 -0.611152
vn -0.588343 -0.653168 -0.476681
vn -0.551360 -0.672961 -0.493079
vn -0.984643 -0.159048 -0.071986
vn -0.985597 -0.138370 -0.097222
vn -0.905931 0.337941 0.255118
vn -0.887035 0.382670 0.258329
vn -0.598252 0.672517 0.435679
vn -0.592214 0.677639 0.435991
vn -0.171768 0.849571 0.498724
vn -0.157668 0.846436 0.508612
vn 0.366309 0.831376 0.417891
vn 0.356581 0.825452 0.437583
vn 0.728810 -0.527333 -0.436757
vn 0.987635 -0.046927 -0.149581
vn 0.841250 0.494501 0.218557
vn 0.317496 -0.759886 -0.567248
vn -0.088550 -0.798311 -0.595700
vn -0.597367 -0.635043 -0.489769
vn -0.981644 -0.153624 -0.113025
vn -0.891950 0.348173 0.288447
vn -0.581572 0.646536 0.493726
vn -0.118357 0.816948 0.564435
vn 0.389782 0.788996 0.474928
vn 0.972781 0.015120 -0.231231
vn 0.869715 0.493550 -0.001812
vn 0.975573 -0.029870 -0.217635
vn 0.850201 -0.398758 -0.343731
vn 0.788693 -0.402036 -0.465113
vn 0.529153 -0.690938 -0.492546
vn 0.429068 -0.657892 -0.618933
vn 0.004481 -0.817101 -0.576478
vn -0.063564 -0.756104 -0.651358
vn -0.574592 -0.671525 -0.467867
vn -0.881516 -0.387516 -0.269743
vn -0.596295 -0.638329 -0.486795
vn -0.998407 0.037239 -0.042388
vn -0.963312 -0.227997 -0.141590
vn -0.946245 0.311253 0.087991
vn -0.942331 0.267890 0.200617
vn -0.794600 0.585230 0.161605
vn -0.672501 0.643599 0.365407
vn -0.488877 0.863522 0.123810
vn -0.266984 0.888480 0.373260
vn 0.374592 0.899324 0.225604
vn 0.412010 0.717094 0.562160
vn -0.028463 0.742337 0.669422
vn -0.656682 -0.583511 -0.477791
vn -0.271754 -0.777394 -0.567281
vn 0.208186 -0.835081 -0.509214
vn 0.796232 0.474514 0.375301
vn -0.534229 0.556818 0.636045
vn -0.933522 0.184984 0.307111
vn 0.490113 0.651749 0.578802
vn 0.248181 0.659977 0.709110
vn 0.692209 0.497126 0.523176
vn 0.995746 -0.047375 0.079025
vn 0.746335 -0.599773 -0.288542
vn -0.655438 -0.469656 -0.591459
vn -0.468067 -0.577677 -0.668732
vn -0.947361 -0.266578 -0.177323
vn 0.925241 -0.048858 0.376220
vn 0.286558 0.510222 0.810900
vn 0.950314 0.305811 0.058167
vn 0.950990 0.287217 0.114563
vn 0.263915 0.510599 0.818314
vn -0.678513 0.232618 0.696785
vn -0.661469 0.219758 0.717053
vn 0.631618 -0.180331 -0.754015
vn 0.685297 -0.206162 -0.698473
vn -0.309247 -0.457943 -0.833459
vn -0.257877 -0.483379 -0.836567
vn -0.959026 -0.263162 -0.104955
vn -0.955075 -0.265145 -0.132402
vn 0.943726 0.316750 0.095134
vn 0.279463 0.561871 0.778589
vn -0.680253 0.339864 0.649421
vn 0.661325 -0.142110 -0.736515
vn -0.303564 -0.364116 -0.880493
vn -0.973925 -0.132432 -0.184206
vn -0.281192 0.827689 -0.485656
vn -0.412127 0.409692 0.813820
vn 0.539092 0.749917 0.383413
vn 0.492306 0.596994 0.633430
vn 0.404040 0.528111 0.746894
vn -0.494313 0.299372 0.816107
vn 0.157062 0.874698 -0.458514
vn 0.809237 0.472448 -0.349181
vn 0.943052 0.314182 -0.109285
vn 0.412436 -0.183675 -0.892278
vn -0.140619 -0.159345 -0.977157
vn -0.962981 -0.049696 0.264950
vn -0.979851 -0.182963 0.080098
vn -0.825569 -0.375578 -0.421162
vn -0.552360 -0.415999 -0.722387
vn 0.765742 -0.084814 0.637531
vn 0.655671 -0.753556 -0.047432
vn 0.690605 -0.722458 0.033453
vn 0.709377 -0.030492 0.704170
vn 0.081976 0.699660 0.709758
vn 0.164805 0.680246 0.714217
vn -0.095696 -0.668766 -0.737289
vn -0.018704 -0.680029 -0.732947
vn -0.721953 0.094487 -0.685461
vn -0.654230 0.052889 -0.754444
vn -0.621445 0.782371 0.041252
vn -0.640330 0.767525 -0.029701
vn 0.701756 -0.704075 0.108705
vn 0.641993 0.021988 0.766395
vn 0.047093 0.720911 0.691426
vn 0.053608 -0.663332 -0.746403
vn -0.547169 0.088045 -0.832379
vn -0.589124 0.798601 -0.123163
vn 0.672170 -0.740392 0.002625
vn 0.631963 -0.039699 0.773981
vn 0.108502 0.692753 0.712966
vn 0.049598 -0.523883 -0.850345
vn -0.434463 0.206200 -0.876769
vn -0.474829 0.866576 -0.153570
vn 0.472813 0.707244 0.525598
vn 0.834823 -0.060688 0.547163
vn 0.309178 0.686665 0.657952
vn 0.646679 -0.755317 -0.106315
vn -0.469290 0.032233 -0.882455
vn 0.678672 -0.717760 -0.155643
vn -0.064412 -0.754513 -0.653116
vn -0.337306 0.934814 -0.111118
vn -0.545949 0.837370 0.027406
vn -0.716016 0.098558 -0.691091
vn -0.624535 0.027365 -0.780518
vn -0.103794 -0.681368 -0.724544
vn 0.323204 -0.321609 0.890004
vn 0.909182 -0.078018 0.409025
vn 0.897328 -0.057141 0.437651
vn 0.295021 -0.313860 0.902471
vn -0.541186 -0.350990 0.764149
vn -0.516193 -0.318657 0.794986
vn 0.919976 0.241190 -0.308986
vn 0.941162 0.228509 -0.248995
vn 0.358788 0.442351 -0.821947
vn 0.421092 0.398439 -0.814818
vn -0.383313 0.410216 -0.827523
vn -0.372497 0.329391 -0.867610
vn -0.887169 0.198401 -0.416616
vn -0.890453 0.096806 -0.444660
vn -0.981810 -0.072288 0.175569
vn -0.975996 -0.154638 0.153356
vn 0.884383 0.027528 0.465950
vn 0.279900 -0.239108 0.929776
vn -0.546855 -0.306573 0.779078
vn 0.937255 0.292311 -0.190020
vn 0.452690 0.452099 -0.768556
vn -0.357781 0.364293 -0.859816
vn -0.892468 0.114743 -0.436275
vn -0.972041 -0.141769 0.187185
vn -0.194073 -0.221774 0.955590
vn -0.830071 0.234811 0.505812
vn -0.406445 -0.269316 0.873082
vn -0.953311 0.047164 0.298283
vn -0.561040 0.636662 -0.529051
vn -0.808872 0.400228 -0.430749
vn -0.276832 0.510353 -0.814189
vn 0.340558 0.464564 -0.817435
vn 0.832181 0.358470 -0.423054
vn 0.882600 0.265419 -0.388034
vn 0.969870 0.075673 0.231574
vn 0.934731 -0.067724 0.348844
vn 0.635762 -0.163213 0.754432
vn 0.388577 -0.306362 0.868994
vn -0.057941 0.922444 0.381759
vn 0.986347 0.136422 0.092240
vn 0.790538 0.287594 0.540685
vn 0.365599 0.442686 0.818759
vn 0.926684 0.047081 -0.372880
vn 0.643342 0.023434 -0.765221
vn 0.225510 0.066889 -0.971942
vn -0.209820 0.154776 -0.965412
vn -0.611604 0.294380 -0.734358
vn -0.847700 0.422257 -0.321096
vn -0.821389 0.544309 0.170431
vn -0.558659 0.577046 0.595750
vn -0.158549 0.557684 0.814770
vn -0.108193 0.821675 0.559592
vn -0.843043 0.501508 -0.194340
vn -0.031328 0.999419 0.013426
vn 0.249257 0.955632 -0.156969
vn 0.103397 0.949090 -0.297554
vn 0.912984 0.399690 -0.081908
s 1
g polySurface6 lol:lol:Mesh5
usemtl initialShadingGroup
f 3/1/1 24/2/2 55/3/3 50/4/4
f 55/3/3 25/5/5 2/6/6 50/4/4
f 20/7/7 5/8/8 62/9/9 61/10/10
f 94/11/11 50/4/4 2/6/6 88/12/12
f 92/13/13 25/5/5 55/3/3 95/14/14
f 95/14/14 55/3/3 24/2/2 93/15/15
f 120/16/16 64/17/17 67/18/18 121/19/19
f 125/20/20 81/21/21 64/17/17 120/16/16
f 67/18/18 97/22/22 124/23/23 121/19/19
f 124/23/23 97/22/22 70/24/24 122/25/25
f 127/26/26 101/27/27 81/21/21 125/20/20
f 82/28/28 101/27/27 127/26/26 126/29/29
f 85/30/30 86/31/31 5/8/8 4/32/32
f 4/32/32 5/8/8 20/7/7 21/33/33
f 8/34/34 51/35/35 52/36/36 12/37/37
f 21/33/33 20/7/7 61/10/10 60/38/38
f 60/38/38 99/39/39 91/40/40 21/33/33
f 23/41/41 56/42/42 95/14/14 93/15/15
f 114/43/43 115/44/44 56/42/42 23/41/41
f 94/11/11 51/35/35 8/34/34 87/45/45
f 3/1/1 50/4/4 94/11/11 87/45/45
f 111/46/46 110/47/47 115/44/44 114/43/43
f 133/48/48 24/2/2 3/1/1 128/49/49
f 128/49/49 3/1/1 87/45/45 134/50/50
f 4/32/32 21/33/33 133/48/48 128/49/49
f 128/49/49 134/50/50 85/30/30 4/32/32
f 129/51/51 8/34/34 12/37/37 130/52/52
f 134/50/50 87/45/45 8/34/34 129/51/51
f 9/53/53 85/30/30 134/50/50 129/51/51
f 23/41/41 93/15/15 135/54/54 132/55/55
f 132/55/55 138/56/56 114/43/43 23/41/41
f 135/54/54 93/15/15 24/2/2 133/48/48
f 21/33/33 91/40/40 135/54/54 133/48/48
f 137/57/57 111/46/46 114/43/43 138/56/56
f 124/23/23 122/25/25 71/58/58 98/59/59
f 149/60/60 178/61/61 177/62/62 150/63/63
f 177/62/62 151/64/64 180/65/65 179/66/66
f 179/66/66 184/67/67 150/63/63 177/62/62
f 170/68/68 150/63/63 184/67/67 183/69/69
f 181/70/70 180/65/65 151/64/64 154/71/71
f 179/66/66 180/65/65 181/70/70 182/72/72
f 182/72/72 183/69/69 184/67/67 179/66/66
f 167/73/73 170/68/68 183/69/69 176/74/74
f 185/75/75 181/70/70 154/71/71 156/76/76
f 189/77/77 187/78/78 167/73/73 176/74/74
f 186/79/79 176/74/74 183/69/69 182/72/72
f 182/72/72 181/70/70 185/75/75 186/79/79
f 185/75/75 156/76/76 191/80/80 192/81/81
f 106/82/82 107/83/83 110/47/47 111/46/46
f 192/81/81 191/80/80 107/83/83 203/84/84
f 193/85/85 186/79/79 185/75/75 192/81/81
f 193/85/85 192/81/81 203/84/84 195/86/86
f 189/77/77 176/74/74 186/79/79 193/85/85
f 166/87/87 187/78/78 189/77/77 175/88/88
f 163/89/89 166/87/87 175/88/88 174/90/90
f 189/77/77 193/85/85 195/86/86 194/91/91
f 196/92/92 175/88/88 189/77/77 194/91/91
f 173/93/93 172/94/94 159/95/95 162/96/96
f 162/96/96 163/89/89 174/90/90 173/93/93
f 15/97/97 12/37/37 52/36/36 53/98/98
f 130/52/52 12/37/37 15/97/97 131/99/99
f 214/100/100 131/99/99 15/97/97 210/101/101
f 210/101/101 15/97/97 53/98/98 213/102/102
f 210/101/101 213/102/102 54/103/103 17/104/104
f 17/104/104 139/105/105 214/100/100 210/101/101
f 48/106/106 39/107/107 141/108/108 142/109/109
f 47/110/110 142/109/109 141/108/108 38/111/111
f 237/112/112 37/113/113 46/114/114 238/115/115
f 237/112/112 238/115/115 47/110/110 38/111/111
f 238/115/115 46/114/114 222/116/116 241/117/117
f 123/118/118 122/25/25 70/24/24 73/119/119
f 273/120/120 123/118/118 73/119/119 76/121/121
f 17/104/104 54/103/103 57/122/122 28/123/123
f 28/123/123 57/122/122 239/124/124 236/125/125
f 140/126/126 139/105/105 17/104/104 28/123/123
f 236/125/125 239/124/124 58/127/127 31/128/128
f 313/129/129 141/108/108 39/107/107 309/130/130
f 34/131/131 140/126/126 313/129/129 309/130/130
f 310/132/132 38/111/111 141/108/108 313/129/129
f 314/133/133 237/112/112 38/111/111 310/132/132
f 310/132/132 313/129/129 140/126/126 28/123/123
f 28/123/123 236/125/125 314/133/133 310/132/132
f 311/134/134 37/113/113 237/112/112 314/133/133
f 311/134/134 314/133/133 236/125/125 31/128/128
f 158/135/135 159/95/95 172/94/94 171/136/136
f 266/137/137 158/138/135 171/139/136 330/140/138
f 258/141/139 257/142/140 265/143/141 266/137/137
f 325/144/142 326/145/143 322/146/144 321/147/145
f 264/148/146 265/143/141 257/142/140 256/149/147
f 329/150/148 330/140/138 331/151/149 332/152/150
f 258/141/139 266/137/137 330/140/138 329/150/148
f 346/153/151 257/142/140 258/141/139 345/154/152
f 345/154/152 258/141/139 329/150/148 349/155/153
f 347/156/154 256/149/147 257/142/140 346/153/151
f 329/150/148 332/152/150 350/157/155 349/155/153
f 341/158/156 342/159/157 327/160/158 326/145/143
f 340/161/159 341/158/156 326/145/143 325/144/142
f 354/162/160 340/161/159 325/144/142 339/163/161
f 339/163/161 338/164/162 353/165/163 354/162/160
f 341/158/156 340/161/159 356/166/164 357/167/165
f 357/167/165 356/166/164 368/168/166 371/169/167
f 356/166/164 340/161/159 354/162/160 355/170/168
f 367/171/169 368/168/166 356/166/164 355/170/168
f 355/170/168 354/162/160 353/165/163 344/172/170
f 364/173/171 367/171/169 355/170/168 344/172/170
f 367/171/169 364/173/171 365/174/172 366/175/173
f 369/176/174 368/168/166 367/171/169 366/175/173
f 371/169/167 368/168/166 369/176/174 370/177/175
f 342/159/157 341/158/156 357/167/165 358/178/176
f 358/178/176 357/167/165 371/169/167 370/177/175
f 366/179/173 365/180/172 373/181/177 374/182/178
f 369/183/174 366/179/173 374/182/178 375/184/179
f 370/185/175 369/183/174 375/184/179 376/186/180
f 358/187/176 370/185/175 376/186/180 377/188/181
f 382/189/182 383/190/183 374/182/178 373/181/177
f 375/184/179 374/182/178 383/190/183 384/191/184
f 376/186/180 375/184/179 384/191/184 385/192/185
f 377/188/181 376/186/180 385/192/185 386/193/186
f 86/31/31 85/30/30 9/53/53 10/194/187
f 68/195/188 67/18/18 64/17/17 63/196/189
f 63/196/189 64/17/17 81/21/21 80/197/190
f 96/198/191 97/22/22 67/18/18 68/195/188
f 80/197/190 81/21/21 101/27/27 102/199/192
f 102/199/192 101/27/27 82/28/28 83/200/193
f 69/201/194 70/24/24 97/22/22 96/198/191
f 100/202/195 78/203/196 77/204/197 99/39/39
f 100/202/195 99/39/39 60/38/38 61/10/10
f 403/205/198 61/10/10 62/9/9 398/206/199
f 398/206/199 62/9/9 5/8/8 401/207/200
f 398/206/199 401/207/200 68/195/188 63/196/189
f 63/196/189 80/197/190 403/205/198 398/206/199
f 399/208/201 69/201/194 96/198/191 404/209/202
f 399/208/201 404/209/202 86/31/31 10/194/187
f 401/207/200 5/8/8 86/31/31 404/209/202
f 401/207/200 404/209/202 96/198/191 68/195/188
f 406/210/203 79/211/204 78/203/196 402/212/205
f 402/212/205 78/203/196 100/202/195 405/213/206
f 402/212/205 405/213/206 102/199/192 83/200/193
f 83/200/193 84/214/207 406/210/203 402/212/205
f 405/213/206 100/202/195 61/10/10 403/205/198
f 80/197/190 102/199/192 405/213/206 403/205/198
f 383/190/183 382/189/182 391/215/208 390/216/209
f 390/216/209 391/215/208 394/217/210 397/218/211
f 389/219/212 384/191/184 383/190/183 390/216/209
f 385/192/185 384/191/184 389/219/212 388/220/213
f 386/193/186 385/192/185 388/220/213 387/221/214
f 389/219/212 390/216/209 397/218/211 395/222/215
f 202/223/216 203/84/84 107/83/83 106/82/82
f 106/82/82 111/46/46 137/57/57 136/224/217
f 226/225/218 49/226/219 48/106/106 225/227/220
f 351/228/221 350/157/155 332/152/150 333/229/222
f 353/165/163 338/164/162 337/230/223 352/231/224
f 343/232/225 344/172/170 353/165/163 352/231/224
f 417/233/226 351/228/221 333/229/222 418/234/227
f 343/232/225 352/231/224 417/233/226 418/234/227
f 334/235/228 333/229/222 332/152/150 331/151/149
f 363/236/229 364/173/171 344/172/170 343/232/225
f 365/174/172 364/173/171 363/236/229 362/237/230
f 372/238/231 373/181/177 365/180/172 362/239/230
f 200/240/232 199/241/233 196/92/92 194/91/91
f 381/242/234 382/189/182 373/181/177 372/238/231
f 393/243/235 394/217/210 391/215/208 392/244/236
f 422/245/237 381/242/234 372/238/231 421/246/238
f 422/245/237 421/246/238 199/241/233 200/240/232
f 201/247/239 200/240/232 194/91/91 195/86/86
f 195/86/86 203/84/84 202/223/216 201/247/239
f 392/244/236 391/215/208 382/189/182 381/242/234
f 136/224/217 105/248/240 393/243/235 409/249/241
f 409/249/241 393/243/235 392/244/236 423/250/242
f 423/250/242 201/247/239 202/223/216 409/249/241
f 409/249/241 202/223/216 106/82/82 136/224/217
f 423/250/242 392/244/236 381/242/234 422/245/237
f 423/250/242 422/245/237 200/240/232 201/247/239
f 418/234/227 333/229/222 334/235/228 419/251/243
f 363/236/229 343/232/225 418/234/227 419/251/243
f 420/252/244 362/237/230 363/236/229 419/251/243
f 421/246/238 372/238/231 362/239/230 420/253/244
f 126/29/29 127/26/26 118/254/245 117/255/246
f 360/256/247 342/159/157 358/178/176 359/257/248
f 359/258/248 358/187/176 377/188/181 378/259/249
f 395/222/215 408/260/250 388/220/213 389/219/212
f 387/221/214 388/220/213 408/260/250 396/261/251
f 443/262/252 396/261/251 408/260/250 442/263/253
f 439/264/254 396/261/251 443/262/252 444/265/255
f 378/259/249 377/188/181 386/193/186 435/266/256
f 438/267/257 435/266/256 386/193/186 387/221/214
f 438/267/257 387/221/214 396/261/251 439/264/254
f 446/268/258 438/267/257 439/264/254 440/269/259
f 446/268/258 445/270/260 435/266/256 438/267/257
f 379/271/261 378/259/249 435/266/256 445/270/260
f 441/272/262 440/269/259 439/264/254 444/265/255
f 459/273/263 441/272/262 444/265/255 208/274/264
f 426/275/265 424/276/266 425/277/267 148/278/268
f 429/279/269 430/280/270 432/281/271 431/282/272
f 453/283/273 452/284/274 464/285/275 473/286/276
f 433/287/277 432/281/271 430/280/270 271/288/278
f 497/289/279 480/290/280 433/287/277 494/291/281
f 481/292/282 480/290/280 497/289/279 498/293/283
f 501/294/284 484/295/285 481/292/282 498/293/283
f 120/16/16 121/19/19 66/296/286 65/297/287
f 65/297/287 119/298/288 125/20/20 120/16/16
f 66/296/286 121/19/19 124/23/23 98/59/59
f 72/299/289 71/58/58 122/25/25 123/118/118
f 72/299/289 123/118/118 273/120/120 274/300/290
f 209/301/291 117/255/246 118/254/245 119/298/288
f 119/298/288 118/254/245 127/26/26 125/20/20
f 146/302/292 145/303/293 268/304/294 267/305/295
f 208/274/264 126/29/29 117/255/246 209/301/291
f 460/306/296 459/273/263 208/274/264 209/301/291
f 253/307/297 252/308/298 347/156/154 346/153/151
f 346/153/151 345/154/152 254/309/299 253/307/297
f 275/310/300 276/311/301 268/304/294 145/303/293
f 324/312/302 319/313/303 300/314/304 299/315/305
f 339/163/161 325/144/142 321/147/145 320/316/306
f 254/309/299 345/154/152 349/155/153 328/317/307
f 328/317/307 349/155/153 350/157/155 335/318/308
f 335/318/308 350/157/155 351/228/221 336/319/309
f 416/320/310 336/319/309 351/228/221 417/233/226
f 417/233/226 352/231/224 337/230/223 416/320/310
f 516/321/311 71/58/58 72/299/289 519/322/312
f 517/323/313 98/59/59 71/58/58 516/321/311
f 516/321/311 519/322/312 145/303/293 146/302/292
f 146/302/292 147/324/314 517/323/313 516/321/311
f 518/325/315 66/296/286 98/59/59 517/323/313
f 147/324/314 148/278/268 518/325/315 517/323/313
f 518/325/315 148/278/268 425/277/267 538/326/316
f 518/325/315 538/326/316 65/297/287 66/296/286
f 524/327/317 275/310/300 145/303/293 519/322/312
f 72/299/289 274/300/290 524/327/317 519/322/312
f 521/328/318 246/329/319 247/330/320 523/331/321
f 522/332/322 243/333/323 246/329/319 521/328/318
f 521/328/318 523/331/321 252/308/298 253/307/297
f 253/307/297 254/309/299 522/332/322 521/328/318
f 522/332/322 254/309/299 328/317/307 531/334/324
f 522/332/322 531/334/324 242/335/325 243/333/323
f 530/336/326 319/313/303 324/312/302 536/337/327
f 530/336/326 536/337/327 339/163/161 320/316/306
f 328/317/307 335/318/308 532/338/328 531/334/324
f 335/318/308 336/319/309 533/339/329 532/338/328
f 533/339/329 336/319/309 416/320/310 537/340/330
f 534/341/331 337/230/223 338/164/162 535/342/332
f 537/340/330 416/320/310 337/230/223 534/341/331
f 298/343/333 415/344/334 537/340/330 534/341/331
f 535/342/332 338/164/162 339/163/161 536/337/327
f 538/326/316 425/277/267 424/276/266 539/345/335
f 538/326/316 539/345/335 119/298/288 65/297/287
f 539/345/335 424/276/266 426/275/265 540/346/336
f 539/345/335 540/346/336 209/301/291 119/298/288
f 540/346/336 426/275/265 461/347/337 542/348/338
f 540/346/336 542/348/338 460/306/296 209/301/291
f 475/349/339 433/287/277 480/290/280 479/350/340
f 432/281/271 433/287/277 475/349/339 476/351/341
f 431/282/272 432/281/271 476/351/341 474/352/342
f 431/282/272 474/352/342 473/286/276
f 473/286/276 464/285/275 431/282/272
f 478/353/343 477/354/344 453/283/273 473/286/276
f 479/350/340 480/290/280 481/292/282 482/355/345
f 482/355/345 481/292/282 484/295/285 483/356/346
f 454/357/347 477/354/344 478/353/343 472/358/348
f 22/359/349 132/55/55 135/54/54 91/40/40
f 22/359/349 77/204/197 78/203/196 79/211/204
f 91/40/40 99/39/39 77/204/197 22/359/349
f 395/222/215 397/218/211 407/360/350 103/361/351
f 442/263/253 408/260/250 395/222/215 103/361/351
f 394/217/210 393/243/235 105/248/240 104/362/352
f 407/360/350 397/218/211 394/217/210 104/362/352
f 564/363/353 79/211/204 406/210/203 566/364/354
f 564/363/353 566/364/354 407/360/350 104/362/352
f 103/361/351 407/360/350 566/364/354 565/365/355
f 207/366/356 84/214/207 83/200/193 82/28/28
f 565/365/355 84/214/207 207/366/356
f 207/366/356 82/28/28 126/29/29 208/274/264
f 207/366/356 208/274/264 444/265/255 443/262/252
f 443/262/252 442/263/253 103/361/351 207/366/356
f 207/366/356 103/361/351 565/365/355
f 566/364/354 406/210/203 84/214/207 565/365/355
f 112/367/357 105/248/240 136/224/217 137/57/57
f 564/363/353 104/362/352 105/248/240 563/368/358
f 563/368/358 112/367/357 113/369/359
f 563/368/358 105/248/240 112/367/357
f 22/359/349 79/211/204 564/363/353 563/368/358
f 113/369/359 22/359/349 563/368/358
f 9/53/53 129/51/51 130/52/52 11/370/360
f 139/105/105 140/126/126 34/131/131 143/371/361
f 212/372/362 214/100/100 139/105/105 143/371/361
f 212/372/362 143/371/361 567/373/363
f 567/373/363 27/374/364 212/372/362
f 220/375/365 228/376/366 532/338/328 533/339/329
f 228/376/366 242/335/325 531/334/324 532/338/328
f 232/377/367 242/335/325 228/376/366 230/378/368
f 226/225/218 225/227/220 219/379/369 220/375/365
f 220/375/365 219/379/369 568/380/370
f 415/344/334 414/381/371 226/225/218 220/375/365
f 568/380/370 228/376/366 220/375/365
f 533/339/329 537/340/330 415/344/334 220/375/365
f 230/378/368 228/376/366 568/380/370
f 219/379/369 229/382/372 568/380/370
f 568/380/370 229/382/372 230/378/368
f 174/90/90 175/88/88 196/92/92 197/383/373
f 198/384/374 199/241/233 421/246/238 420/253/244
f 420/252/244 419/251/243 334/235/228 198/385/374
f 171/136/136 172/94/94 205/386/375 204/387/376
f 331/151/149 330/140/138 171/139/136 204/388/376
f 206/389/377 205/386/375 172/94/94 173/93/93
f 206/389/377 173/93/93 174/90/90 197/383/373
f 569/390/378 204/387/376 205/386/375
f 198/384/374 197/383/373 196/92/92 199/241/233
f 569/390/378 197/383/373 198/384/374
f 198/384/374 204/387/376 569/390/378
f 334/235/228 331/151/149 204/388/376 198/385/374
f 569/390/378 205/386/375 206/389/377
f 206/389/377 197/383/373 569/390/378
f 497/289/279 494/291/281 495/391/379 496/392/380
f 529/393/381 316/394/382 280/395/383 525/396/384
f 287/397/385 275/310/300 524/327/317 526/398/386
f 585/399/387 525/396/384 280/395/383 584/400/388
f 585/399/387 584/400/388 287/397/385 526/398/386
f 281/401/389 317/402/390 529/393/381 525/396/384
f 286/403/391 526/398/386 524/327/317 274/300/290
f 586/404/392 281/401/389 525/396/384 585/399/387
f 586/404/392 585/399/387 526/398/386 286/403/391
f 307/405/393 410/406/394 306/407/395 43/408/396
f 318/409/397 317/402/390 281/401/389 282/410/398
f 286/403/391 274/300/290 273/120/120 285/411/399
f 306/407/395 318/409/397 282/410/398 43/408/396
f 43/408/396 282/410/398 587/412/400
f 586/404/392 286/403/391 285/411/399 587/412/400
f 282/410/398 281/401/389 586/404/392 587/412/400
f 495/391/379 494/291/281 270/413/401 269/414/402
f 269/414/402 277/415/403 574/416/404 495/391/379
f 494/291/281 433/287/277 271/288/278 270/413/401
f 272/417/405 147/324/314 146/302/292 267/305/295
f 428/418/406 148/278/268 147/324/314 272/417/405
f 277/415/403 284/419/407 575/420/408 574/416/404
f 276/311/301 275/310/300 287/397/385 288/421/409
f 426/275/265 148/278/268 428/418/406 427/422/410
f 462/423/411 461/347/337 426/275/265 427/422/410
f 463/424/412 464/285/275 452/284/274 451/425/413
f 451/425/413 452/284/274 470/426/414 469/427/415
f 429/279/269 431/282/272 464/285/275 463/424/412
f 590/428/416 267/305/295 268/304/294 588/429/417
f 588/429/417 268/304/294 276/311/301 591/430/418
f 269/414/402 270/413/401 590/428/416 588/429/417
f 588/429/417 591/430/418 277/415/403 269/414/402
f 590/428/416 270/413/401 271/288/278 589/431/419
f 589/431/419 271/288/278 430/280/270 594/432/420
f 272/417/405 267/305/295 590/428/416 589/431/419
f 589/431/419 594/432/420 428/418/406 272/417/405
f 591/430/418 592/433/421 284/419/407 277/415/403
f 594/432/420 430/280/270 429/279/269 593/434/422
f 593/434/422 429/279/269 463/424/412 595/435/423
f 427/422/410 428/418/406 594/432/420 593/434/422
f 593/434/422 595/435/423 462/423/411 427/422/410
f 592/433/421 591/430/418 276/311/301 288/421/409
f 359/258/248 378/259/249 379/271/261 380/436/424
f 380/436/424 379/271/261 434/437/425
f 434/437/425 379/271/261 445/270/260 436/438/426
f 605/439/427 602/440/428 380/441/424 434/442/425
f 434/437/425 436/438/426 506/443/429 505/444/430
f 361/445/431 360/256/247 359/257/248 380/441/424
f 327/160/158 342/159/157 360/256/247 361/445/431
f 361/445/431 380/441/424 602/440/428 601/446/432
f 323/447/433 322/146/144 326/145/143 327/160/158
f 323/447/433 327/160/158 361/445/431 601/446/432
f 283/448/434 285/411/399 273/120/120 76/121/121
f 567/373/363 143/371/361 144/449/435
f 144/449/435 143/371/361 34/131/131 35/450/436
f 74/451/437 73/119/119 70/24/24 69/201/194
f 400/452/438 75/453/439 74/451/437
f 74/451/437 69/201/194 399/208/201 400/452/438
f 144/449/435 10/194/187 9/53/53 11/370/360
f 400/452/438 399/208/201 10/194/187 144/449/435
f 144/449/435 11/370/360 567/373/363
f 283/448/434 43/408/396 587/412/400 285/411/399
f 76/121/121 73/119/119 74/451/437 75/453/439
f 75/453/439 400/452/438 144/449/435 608/454/440
f 144/449/435 35/450/436 36/455/441
f 36/455/441 43/408/396 283/448/434 608/454/440
f 307/405/393 43/408/396 36/455/441
f 608/454/440 144/449/435 36/455/441
f 608/454/440 283/448/434 76/121/121 75/453/439
f 27/374/364 11/370/360 130/52/52 131/99/99
f 567/373/363 11/370/360 27/374/364
f 131/99/99 214/100/100 212/372/362 27/374/364
f 113/369/359 138/56/56 132/55/55 22/359/349
f 112/367/357 137/57/57 138/56/56 113/369/359
f 414/381/371 415/344/334 298/343/333 297/456/442
f 299/315/305 300/314/304 297/456/442
f 299/315/305 298/343/333 534/341/331 535/342/332
f 535/342/332 536/337/327 324/312/302 299/315/305
f 297/456/442 298/343/333 299/315/305
f 413/457/443 414/381/371 297/456/442
f 297/456/442 290/458/444 413/457/443
f 413/457/443 49/226/219 226/225/218 414/381/371
f 308/459/445 35/450/436 34/131/131 309/130/130
f 307/405/393 36/455/441 35/450/436 308/459/445
f 42/460/446 306/407/395 410/406/394 411/461/447
f 412/462/448 413/457/443 290/458/444 289/463/449
f 289/463/449 290/458/444 291/464/450
f 291/464/450 290/458/444 297/456/442 300/314/304
f 292/465/451 318/409/397 306/407/395 42/460/446
f 611/466/452 292/465/451 42/460/446 610/467/453
f 611/466/452 610/467/453 289/463/449 291/464/450
f 317/402/390 318/409/397 292/465/451 293/468/454
f 301/469/455 291/464/450 300/314/304 319/313/303
f 612/470/456 293/468/454 292/465/451 611/466/452
f 612/470/456 611/466/452 291/464/450 301/469/455
f 529/393/381 317/402/390 293/468/454 527/471/457
f 528/472/458 301/469/455 319/313/303 530/336/326
f 613/473/459 527/471/457 293/468/454 612/470/456
f 613/473/459 612/470/456 301/469/455 528/472/458
f 294/474/460 316/394/382 529/393/381 527/471/457
f 528/472/458 530/336/326 320/316/306 302/475/461
f 614/476/462 294/474/460 527/471/457 613/473/459
f 614/476/462 613/473/459 528/472/458 302/475/461
f 315/477/463 316/394/382 294/474/460 295/478/464
f 303/479/465 302/475/461 320/316/306 321/147/145
f 615/480/466 295/478/464 294/474/460 614/476/462
f 615/480/466 614/476/462 302/475/461 303/479/465
f 571/481/467 315/477/463 295/478/464 296/482/468
f 304/483/469 303/479/465 321/147/145 322/146/144
f 616/484/470 296/482/468 295/478/464 615/480/466
f 616/484/470 615/480/466 303/479/465 304/483/469
f 305/485/471 304/483/469 322/146/144 323/447/433
f 578/486/472 577/487/473 571/481/467 296/482/468
f 617/488/474 578/486/472 296/482/468 616/484/470
f 617/488/474 616/484/470 304/483/469 305/485/471
f 305/485/471 323/447/433 601/446/432 600/489/475
f 618/490/476 617/488/474 305/485/471 600/489/475
f 570/491/477 578/486/472 617/488/474 618/490/476
f 600/489/475 601/446/432 602/440/428 603/492/478
f 619/493/479 618/490/476 600/489/475 603/492/478
f 604/494/480 603/492/478 602/440/428 605/439/427
f 620/495/481 619/493/479 603/492/478 604/494/480
f 621/496/482 620/495/481 604/494/480 607/497/483
f 607/497/483 604/494/480 605/439/427 606/498/484
f 606/498/484 605/439/427 434/442/425 505/499/430
f 505/444/430 506/443/429 544/500/485 545/501/486
f 628/502/487 606/498/484 505/499/430 545/503/486
f 627/504/488 607/497/483 606/498/484 628/502/487
f 627/504/488 626/505/489 621/496/482 607/497/483
f 545/501/486 544/500/485 507/506/490 508/507/491
f 509/508/492 508/507/491 507/506/490 510/509/493
f 632/510/494 628/502/487 545/503/486 508/511/491
f 632/510/494 508/511/491 509/512/492 633/513/495
f 630/514/496 626/505/489 627/504/488 631/515/497
f 627/504/488 628/502/487 632/510/494 631/515/497
f 577/487/473 578/486/472 570/491/477
f 577/487/473 570/491/477 576/516/498
f 581/517/499 575/420/408 284/419/407 580/518/500
f 576/516/498 570/491/477 648/519/501 649/520/502
f 571/481/467 577/487/473 576/516/498 278/521/503
f 649/520/502 581/517/499 580/518/500 650/522/504
f 278/521/503 576/516/498 649/520/502 650/522/504
f 315/477/463 571/481/467 278/521/503 279/523/505
f 279/523/505 278/521/503 650/522/504 651/524/506
f 583/525/507 584/400/388 280/395/383 279/523/505
f 279/523/505 280/395/383 316/394/382 315/477/463
f 651/524/506 579/526/508 583/525/507 279/523/505
f 579/526/508 580/518/500 284/419/407 592/433/421
f 651/524/506 650/522/504 580/518/500 579/526/508
f 592/433/421 288/421/409 583/525/507 579/526/508
f 583/525/507 288/421/409 287/397/385 584/400/388
f 582/527/509 581/517/499 649/520/502 648/519/501
f 619/493/479 620/495/481 623/528/510 624/529/511
f 624/529/511 623/528/510 646/530/512 647/531/513
f 647/531/513 648/519/501 570/491/477 624/529/511
f 624/529/511 570/491/477 618/490/476 619/493/479
f 623/528/510 620/495/481 621/496/482 622/532/514
f 625/533/515 622/532/514 621/496/482 626/505/489
f 645/534/516 646/530/512 623/528/510 622/532/514
f 644/535/517 645/534/516 622/532/514 625/533/515
f 629/536/518 625/533/515 626/505/489 630/514/496
f 635/537/519 629/536/518 630/514/496 631/515/497
f 629/536/518 635/537/519 642/538/520 643/539/521
f 643/539/521 644/535/517 625/533/515 629/536/518
f 499/540/522 498/293/283 497/289/279 496/392/380
f 572/541/523 575/420/408 581/517/499 582/527/509
f 582/527/509 648/519/501 647/531/513 636/542/524
f 653/543/525 572/541/523 582/527/509 636/542/524
f 574/416/404 575/420/408 572/541/523 573/544/526
f 496/392/380 495/391/379 574/416/404 573/544/526
f 573/544/526 572/541/523 653/543/525 652/545/527
f 652/545/527 499/540/522 496/392/380 573/544/526
f 501/294/284 498/293/283 499/540/522 500/546/528
f 500/546/528 499/540/522 652/545/527 655/547/529
f 637/548/530 636/542/524 647/531/513 646/530/512
f 655/547/529 652/545/527 653/543/525 654/549/531
f 654/549/531 653/543/525 636/542/524 637/548/530
f 637/548/530 646/530/512 645/534/516 638/550/532
f 635/537/519 631/515/497 634/551/533
f 511/552/534 469/427/415 470/426/414 514/553/535
f 471/554/536 470/426/414 452/284/274 453/283/273
f 671/555/537 514/553/535 470/426/414 471/554/536
f 493/556/538 471/554/536 453/283/273 477/354/344
f 675/557/539 674/558/540 559/559/541 491/560/542
f 493/556/538 477/354/344 454/357/347 455/561/543
f 672/562/544 671/555/537 471/554/536 493/556/538
f 672/562/544 493/556/538 455/561/543 673/563/545
f 455/561/543 559/559/541 674/558/540 673/563/545
f 486/564/546 483/356/346 484/295/285 485/565/547
f 680/566/548 486/564/546 485/565/547
f 500/546/528 504/567/549 503/568/550
f 502/569/551 501/294/284 500/546/528 503/568/550
f 485/565/547 484/295/285 501/294/284 502/569/551
f 707/570/552 680/566/548 485/565/547 708/571/553
f 708/571/553 485/565/547 502/569/551 709/572/554
f 740/573/555 739/574/556 729/575/557 726/576/558
f 657/577/559 654/549/531 637/548/530 638/550/532
f 655/547/529 654/549/531 657/577/559 656/578/560
f 656/578/560 504/567/549 500/546/528 655/547/529
f 738/579/561 731/580/562 711/581/563 741/582/564
f 741/582/564 736/583/565 737/584/566 738/579/561
f 738/579/561 737/584/566 661/585/567
f 738/579/561 732/586/568 729/575/557 739/574/556
f 661/585/567 662/587/569 732/586/568 738/579/561
f 741/582/564 656/578/560 657/577/559 736/583/565
f 711/581/563 504/567/549 656/578/560 741/582/564
f 736/583/565 657/577/559 638/550/532 639/588/570
f 710/589/571 709/572/554 502/569/551 503/568/550
f 710/589/571 503/568/550 504/567/549 711/581/563
f 742/590/572 710/589/571 711/581/563 731/580/562
f 730/591/573 731/580/562 738/579/561 739/574/556
f 719/592/574 709/572/554 710/589/571 742/590/572
f 708/571/553 709/572/554 719/592/574 718/593/575
f 707/570/552 708/571/553 718/593/575 717/594/576
f 706/595/577 707/570/552 717/594/576 716/596/578
f 745/597/579 746/598/580 717/594/576 718/593/575
f 744/599/581 745/597/579 718/593/575 719/592/574
f 755/600/582 756/601/583 749/602/584 750/603/585
f 750/603/585 749/602/584 746/598/580 745/597/579
f 745/597/579 744/599/581 751/604/586 750/603/585
f 744/599/581 719/592/574 742/590/572 743/605/587
f 743/605/587 742/590/572 731/580/562 730/591/573
f 730/591/573 739/574/556 740/573/555 725/606/588
f 752/607/589 743/605/587 730/591/573 725/606/588
f 752/607/589 751/604/586 744/599/581 743/605/587
f 722/608/590 724/609/591 725/606/588 740/573/555
f 740/573/555 726/576/558 722/608/590
f 753/610/592 752/607/589 725/606/588 724/609/591
f 760/611/593 759/612/594 753/610/592 724/609/591
f 639/588/570 638/550/532 645/534/516 644/535/517
f 639/588/570 640/613/595 737/584/566 736/583/565
f 640/613/595 639/588/570 644/535/517 643/539/521
f 643/539/521 642/538/520 641/614/596 640/613/595
f 640/613/595 641/614/596 661/585/567 737/584/566
f 751/604/586 752/607/589 753/610/592 754/615/597
f 754/615/597 755/600/582 750/603/585 751/604/586
f 757/616/598 756/601/583 755/600/582 754/615/597
f 716/596/578 717/594/576 746/598/580 747/617/599
f 748/618/600 747/617/599 746/598/580 749/602/584
f 748/618/600 749/602/584 756/601/583 757/616/598
f 770/619/601 715/620/602 716/596/578 747/617/599
f 714/621/603 715/620/602 770/619/601 771/622/604
f 713/623/605 714/621/603 771/622/604 772/624/606
f 712/625/607 713/623/605 772/624/606 773/626/608
f 457/627/609 712/625/607 773/626/608 774/628/610
f 766/629/611 692/630/612 691/631/613 779/632/614
f 778/633/615 779/632/614 774/628/610 773/626/608
f 775/634/616 748/618/600 757/616/598 767/635/617
f 770/619/601 747/617/599 748/618/600 775/634/616
f 771/622/604 770/619/601 775/634/616 776/636/618
f 776/636/618 775/634/616 767/635/617 768/637/619
f 769/638/620 766/629/611 779/632/614 778/633/615
f 772/624/606 771/622/604 776/636/618 777/639/621
f 777/639/621 776/636/618 768/637/619 780/640/622
f 777/639/621 778/633/615 773/626/608 772/624/606
f 780/640/622 769/638/620 778/633/615 777/639/621
f 761/641/623 760/611/593 724/609/591 722/608/590
f 704/642/624 721/643/625 759/612/594 760/611/593
f 783/644/626 761/641/623 722/608/590 723/645/627
f 704/642/624 760/611/593 761/641/623 783/644/626
f 723/645/627 722/608/590 726/576/558 727/646/628
f 727/646/628 726/576/558 729/575/557 728/647/629
f 728/647/629 729/575/557 732/586/568 733/648/630
f 733/648/630 732/586/568 662/587/569 734/649/631
f 782/650/632 666/651/633 669/652/634
f 784/653/635 666/651/633 782/650/632 791/654/636
f 784/653/635 733/648/630 734/649/631 665/655/637
f 784/653/635 665/655/637 666/651/633
f 728/647/629 733/648/630 784/653/635 785/656/638
f 727/646/628 728/647/629 785/656/638 786/657/639
f 723/645/627 727/646/628 786/657/639 787/658/640
f 783/644/626 723/645/627 787/658/640 788/659/641
f 788/659/641 704/642/624 783/644/626
f 701/660/642 704/642/624 788/659/641 789/661/643
f 674/558/540 675/557/539 677/662/644 678/663/645
f 785/656/638 784/653/635 791/654/636 792/664/646
f 792/664/646 793/665/647 786/657/639 785/656/638
f 793/665/647 794/666/648 787/658/640 786/657/639
f 678/667/645 677/668/644 799/669/649 798/670/650
f 799/669/649 800/671/651 793/665/647 792/664/646
f 515/672/652 671/555/537 672/562/544 670/673/653
f 670/673/653 672/562/544 673/563/545 679/674/654
f 673/563/545 674/558/540 678/663/645 679/674/654
f 799/669/649 792/664/646 791/654/636 798/670/650
f 798/670/650 791/654/636 782/650/632 804/675/655
f 804/675/655 679/676/654 678/667/645 798/670/650
f 804/675/655 782/650/632 669/652/634 802/677/656
f 804/675/655 802/677/656 670/678/653 679/676/654
f 788/659/641 787/658/640 794/666/648 795/679/657
f 795/679/657 796/680/658 789/661/643 788/659/641
f 801/681/659 794/666/648 793/665/647 800/671/651
f 796/680/658 795/679/657 805/682/660 806/683/661
f 549/684/662 548/685/663 483/686/346 486/687/546
f 549/688/662 550/689/664 827/690/665 832/691/666
f 826/692/667 827/690/665 828/693/668 823/694/669
f 831/695/670 832/691/666 827/690/665 826/692/667
f 548/685/663 549/684/662 832/696/666 833/697/671
f 482/698/345 483/686/346 548/685/663 547/699/672
f 479/700/340 482/698/345 547/699/672 546/701/673
f 475/702/339 479/700/340 546/701/673 558/703/674
f 476/704/341 475/702/339 558/703/674 557/705/675
f 474/706/342 476/704/341 557/705/675 556/707/676
f 473/708/276 474/706/342 556/707/676 555/709/677
f 478/710/343 473/708/276 555/709/677 554/711/678
f 472/712/348 478/710/343 554/711/678 553/713/679
f 836/714/680 553/713/679 554/711/678 837/715/681
f 838/716/682 837/715/681 554/711/678 555/709/677
f 839/717/683 838/716/682 555/709/677 556/707/676
f 840/718/684 839/717/683 556/707/676 557/705/675
f 841/719/685 840/718/684 557/705/675 558/703/674
f 842/720/686 841/719/685 558/703/674 546/701/673
f 843/721/687 842/720/686 546/701/673 547/699/672
f 547/699/672 548/685/663 833/697/671 843/721/687
f 413/457/443 412/462/448 40/722/688
f 40/722/688 49/226/219 413/457/443
f 41/723/689 307/405/393 308/459/445
f 610/467/453 42/460/446 411/461/447 609/724/690
f 609/724/690 412/462/448 289/463/449 610/467/453
f 41/723/689 411/461/447 410/406/394 307/405/393
f 308/459/445 309/130/130 39/107/107 40/722/688
f 40/722/688 39/107/107 48/106/106 49/226/219
f 862/725/691 41/723/689 308/459/445 40/722/688
f 40/722/688 412/462/448 609/724/690 862/725/691
f 862/725/691 609/724/690 411/461/447 41/723/689
f 560/726/692 559/559/541 455/561/543 454/357/347
f 828/693/668 827/690/665 550/689/664 551/727/693
f 551/727/693 552/728/694 829/729/695 828/693/668
f 550/689/664 549/688/662 486/730/546 487/731/696
f 850/732/697 851/733/698 836/714/680 837/715/681
f 562/734/699 553/713/679 836/714/680 835/735/700
f 829/729/695 552/728/694 562/734/699 835/735/700
f 849/736/701 850/732/697 837/715/681 838/716/682
f 848/737/702 849/736/701 838/716/682 839/717/683
f 847/738/703 848/737/702 839/717/683 840/718/684
f 846/739/704 847/738/703 840/718/684 841/719/685
f 822/740/705 829/729/695 835/735/700
f 835/735/700 836/714/680 851/733/698 852/741/706
f 822/740/705 823/694/669 828/693/668 829/729/695
f 822/740/705 835/735/700 852/741/706
f 842/720/686 843/721/687 844/742/707 845/743/708
f 845/743/708 846/739/704 841/719/685 842/720/686
f 834/744/709 833/697/671 832/696/666 831/745/670
f 844/742/707 843/721/687 833/697/671 834/744/709
f 849/736/701 848/737/702 855/746/710 856/747/711
f 854/748/712 855/746/710 848/737/702 847/738/703
f 853/749/713 854/748/712 847/738/703 846/739/704
f 853/749/713 846/739/704 845/743/708 867/750/714
f 866/751/715 867/750/714 845/743/708 844/742/707
f 866/751/715 844/742/707 834/744/709 861/752/716
f 861/752/716 834/744/709 831/745/670 830/753/717
f 830/754/717 831/695/670 826/692/667 825/755/718
f 824/756/719 823/694/669 822/740/705
f 825/755/718 826/692/667 823/694/669 824/756/719
f 824/756/719 822/740/705 860/757/720
f 859/758/721 860/757/720 822/740/705 852/741/706
f 858/759/722 859/758/721 852/741/706 851/733/698
f 850/732/697 849/736/701 856/747/711 857/760/723
f 857/760/723 858/759/722 851/733/698 850/732/697
f 30/761/724 58/127/127 239/124/124 235/762/725
f 29/763/726 235/762/725 239/124/124 57/122/122
f 29/763/726 57/122/122 54/103/103 16/764/727
f 29/765/726 16/766/727 882/767/728 883/768/729
f 241/117/117 222/116/116 216/769/730 240/770/731
f 884/771/732 883/768/729 240/772/731
f 235/773/725 29/765/726 883/768/729 884/771/732
f 885/774/733 884/771/732 240/772/731 216/775/730
f 30/776/724 235/773/725 884/771/732 885/774/733
f 248/777/734 247/330/320 246/329/319 245/778/735
f 245/778/735 246/329/319 243/333/323 244/779/736
f 244/779/736 243/333/323 242/335/325 227/780/737
f 233/781/738 227/780/737 242/335/325 232/377/367
f 211/782/739 16/764/727 54/103/103 213/102/102
f 157/783/740 158/138/135 266/137/137 262/784/741
f 244/785/736 227/786/737 887/787/742 888/788/743
f 896/789/744 157/783/740 262/784/741 897/790/745
f 888/788/743 887/787/742 896/791/744 897/792/745
f 260/793/746 261/794/747 265/143/141 264/148/146
f 261/794/747 262/784/741 266/137/137 265/143/141
f 245/795/735 244/785/736 888/788/743 889/796/748
f 898/797/749 889/796/748 888/788/743 897/792/745
f 898/798/749 897/790/745 262/784/741 261/794/747
f 248/799/734 245/795/735 889/796/748 890/800/750
f 898/798/749 261/794/747 260/793/746 899/801/751
f 890/800/750 889/796/748 898/797/749 899/802/751
f 152/803/752 151/64/64 177/62/62 178/61/61
f 149/60/60 150/63/63 170/68/68 169/804/753
f 168/805/754 167/73/73 187/78/78 188/806/755
f 169/804/753 170/68/68 167/73/73 168/805/754
f 188/806/755 187/78/78 166/87/87 165/807/756
f 165/807/756 166/87/87 163/89/89 164/808/757
f 164/808/757 163/89/89 162/96/96 161/809/758
f 160/810/759 159/95/95 158/135/135 157/811/740
f 161/809/758 162/96/96 159/95/95 160/810/759
f 887/787/742 227/786/737 233/812/738 892/813/760
f 160/810/759 157/811/740 896/814/744 895/815/761
f 161/809/758 160/810/759 895/815/761 894/816/762
f 895/817/761 896/791/744 887/787/742 892/813/760
f 901/818/763 164/808/757 161/809/758 894/816/762
f 805/682/660 795/679/657 794/666/648 801/681/659
f 910/819/764 909/820/765 801/681/659 684/821/766
f 865/822/767 551/727/693 550/689/664 487/731/696
f 491/560/542 559/559/541 560/726/692 490/823/768
f 561/824/769 472/712/348 553/713/679 562/734/699
f 488/825/770 487/826/696 486/564/546 680/566/548
f 488/825/770 680/566/548 707/570/552 706/595/577
f 705/827/771 706/595/577 716/596/578 715/620/602
f 561/828/769 560/726/692 454/357/347 472/358/348
f 489/829/772 561/824/769 562/734/699 552/728/694
f 914/830/773 561/828/769 489/831/772
f 490/823/768 560/726/692 561/828/769 914/830/773
f 489/829/772 552/728/694 551/727/693 865/822/767
f 917/832/774 916/833/775 914/830/773 489/831/772
f 865/834/767 487/826/696 488/825/770 913/835/776
f 489/831/772 865/834/767 913/835/776
f 918/836/777 913/835/776 488/825/770 915/837/778
f 918/836/777 917/832/774 489/831/772 913/835/776
f 682/838/779 681/839/780 713/623/605 712/625/607
f 490/823/768 914/830/773 863/840/781 864/841/782
f 922/842/783 921/843/784 681/839/780 682/838/779
f 682/838/779 712/625/607 457/627/609 456/844/785
f 492/845/786 491/560/542 490/823/768 864/841/782
f 676/846/787 675/557/539 491/560/542 492/845/786
f 923/847/788 492/845/786 864/841/782 922/842/783
f 923/847/788 922/842/783 682/838/779 456/844/785
f 922/842/783 864/841/782 863/840/781 921/843/784
f 916/833/775 917/832/774 918/836/777 919/848/789
f 863/840/781 914/830/773 916/833/775 919/848/789
f 915/837/778 488/825/770 706/595/577 705/827/771
f 920/849/790 921/843/784 863/840/781 919/848/789
f 714/621/603 713/623/605 681/839/780 683/850/791
f 683/850/791 681/839/780 921/843/784 920/849/790
f 683/850/791 705/827/771 715/620/602 714/621/603
f 920/849/790 915/837/778 705/827/771 683/850/791
f 920/849/790 919/848/789 918/836/777 915/837/778
f 924/851/792 676/846/787 492/845/786 923/847/788
f 685/852/793 924/851/792 923/847/788 456/844/785
f 677/662/644 675/557/539 676/846/787 925/853/794
f 925/853/794 676/846/787 924/851/792
f 800/671/651 799/669/649 677/668/644 925/854/794
f 685/855/793 684/821/766 925/854/794
f 925/854/794 684/821/766 801/681/659 800/671/651
f 925/853/794 924/851/792 685/852/793
f 190/856/795 191/80/80 156/76/76 155/857/796
f 108/858/797 107/83/83 191/80/80 190/856/795
f 154/71/71 151/64/64 152/803/752 153/859/798
f 155/857/796 156/76/76 154/71/71 153/859/798
f 152/803/752 178/61/61 149/60/60 906/860/799
f 905/861/800 906/860/799 149/60/60 169/804/753
f 926/862/801 906/863/799 905/864/800
f 926/865/801 153/859/798 152/803/752 906/860/799
f 904/866/802 905/861/800 169/804/753 168/805/754
f 155/857/796 153/859/798 926/865/801 927/867/803
f 92/13/13 95/14/14 56/42/42 26/868/804
f 26/868/804 56/42/42 115/44/44 116/869/805
f 110/47/47 107/83/83 108/858/797 109/870/806
f 116/869/805 115/44/44 110/47/47 109/870/806
f 907/871/807 894/872/762 895/817/761 892/813/760
f 893/873/808 882/767/728 16/766/727 211/874/739
f 7/875/809 51/35/35 94/11/11 88/12/12
f 52/36/36 51/35/35 7/875/809 13/876/810
f 211/782/739 213/102/102 53/98/98 14/877/811
f 932/878/812 26/868/804 116/869/805 931/879/813
f 13/876/810 7/875/809 936/880/814 937/881/815
f 937/882/815 936/883/814 938/884/816 939/885/817
f 53/98/98 52/36/36 13/876/810 14/877/811
f 14/877/811 13/876/810 937/881/815 941/886/818
f 933/887/819 893/873/808 211/874/739 14/888/811
f 930/889/820 931/879/813 116/869/805 109/870/806
f 930/889/820 109/870/806 108/858/797 929/890/821
f 908/891/822 907/871/807 933/887/819
f 933/887/819 907/871/807 892/813/760 893/873/808
f 940/892/823 939/885/817 932/893/812 931/894/813
f 941/895/818 937/882/815 939/885/817 940/892/823
f 942/896/824 14/888/811 941/895/818 940/892/823
f 940/892/823 931/894/813 930/897/820 942/896/824
f 930/897/820 933/887/819 14/888/811 942/896/824
f 904/866/802 168/805/754 188/806/755 903/898/825
f 927/899/803 904/900/802 903/901/825
f 927/899/803 926/862/801 905/864/800 904/900/802
f 902/902/826 903/898/825 188/806/755 165/807/756
f 928/903/827 929/890/821 108/858/797 190/856/795
f 901/904/763 894/872/762 907/871/807 908/891/822
f 933/887/819 930/897/820 929/905/821 908/891/822
f 928/903/827 190/856/795 155/857/796 927/867/803
f 165/807/756 164/808/757 901/818/763 902/902/826
f 902/906/826 901/904/763 908/891/822 943/907/828
f 928/908/827 927/899/803 903/901/825 902/906/826
f 943/907/828 928/908/827 902/906/826
f 943/907/828 908/891/822 929/905/821 928/908/827
f 523/331/321 247/330/320 250/909/829 520/910/830
f 251/911/831 252/308/298 523/331/321 520/910/830
f 348/912/832 255/913/833 256/149/147 347/156/154
f 348/912/832 347/156/154 252/308/298 251/911/831
f 259/914/834 260/793/746 264/148/146 263/915/835
f 250/909/829 247/330/320 248/777/734 249/916/836
f 249/917/836 248/799/734 890/800/750 891/918/837
f 900/919/838 891/918/837 890/800/750 899/802/751
f 900/920/838 899/801/751 260/793/746 259/914/834
f 944/921/839 520/910/830 250/909/829 249/916/836
f 263/915/835 264/148/146 256/149/147 255/913/833
f 263/915/835 255/913/833 348/912/832 946/922/840
f 948/923/841 263/915/835 946/922/840
f 948/923/841 900/920/838 259/914/834 263/915/835
f 251/911/831 520/910/830 944/921/839 945/924/842
f 945/924/842 944/921/839 947/925/843
f 946/922/840 348/912/832 251/911/831 945/924/842
f 947/925/843 948/923/841 946/922/840 945/924/842
f 891/926/837 900/920/838 948/923/841 947/925/843
f 944/921/839 249/916/836 891/926/837 947/925/843
f 312/927/844 311/134/134 31/128/128 32/928/845
f 59/929/846 32/928/845 31/128/128 58/127/127
f 59/929/846 58/127/127 30/761/724 33/930/847
f 33/931/847 30/776/724 885/774/733 886/932/848
f 44/933/849 37/113/113 311/134/134 312/927/844
f 46/114/114 37/113/113 44/933/849 45/934/850
f 221/935/851 222/116/116 46/114/114 45/934/850
f 215/936/852 216/769/730 222/116/116 221/935/851
f 886/932/848 885/774/733 216/775/730 215/937/852
f 949/938/853 886/932/848 215/937/852 954/939/854
f 957/940/855 44/933/849 312/927/844 953/941/856
f 957/940/855 953/941/856 958/942/857 961/943/858
f 223/944/859 224/945/860 142/109/109 47/110/110
f 223/944/859 47/110/110 238/115/115 241/117/117
f 225/227/220 48/106/106 142/109/109 224/945/860
f 232/377/367 230/378/368 229/382/372 231/946/861
f 234/947/862 233/781/738 232/377/367 231/946/861
f 893/873/808 892/813/760 233/812/738 234/948/862
f 952/949/863 953/941/856 312/927/844 32/928/845
f 959/950/864 958/942/857 953/941/856 952/949/863
f 45/934/850 44/933/849 957/940/855 956/951/865
f 956/951/865 957/940/855 961/943/858 960/952/866
f 961/943/858 958/942/857 959/950/864 960/952/866
f 955/953/867 954/954/854 215/936/852 221/935/851
f 221/935/851 45/934/850 956/951/865 955/953/867
f 951/955/868 952/949/863 32/928/845 59/929/846
f 882/767/728 893/873/808 234/948/862 217/956/869
f 949/957/853 954/954/854 955/953/867 963/958/870
f 955/953/867 956/951/865 960/952/866 963/958/870
f 33/931/847 886/932/848 949/938/853 950/959/871
f 950/960/871 949/957/853 963/958/870 962/961/872
f 950/960/871 951/955/868 59/929/846 33/930/847
f 962/961/872 951/955/868 950/960/871
f 962/961/872 963/958/870 960/952/866 959/950/864
f 962/961/872 959/950/864 952/949/863 951/955/868
f 935/962/873 936/880/814 7/875/809 6/963/874
f 938/884/816 936/883/814 935/964/873 934/965/875
f 934/966/875 935/962/873 968/967/876 967/968/877
f 18/969/878 26/868/804 932/878/812 934/966/875
f 934/965/875 932/893/812 939/885/817 938/884/816
f 967/968/877 966/970/879 18/969/878 934/966/875
f 1/971/880 2/6/6 25/5/5 19/972/881
f 89/973/882 88/12/12 2/6/6 1/971/880
f 6/963/874 7/875/809 88/12/12 89/973/882
f 1/971/880 965/974/883 89/973/882
f 92/13/13 26/868/804 18/969/878 90/975/884
f 90/975/884 18/969/878 966/970/879 964/976/885
f 19/972/881 25/5/5 92/13/13 90/975/884
f 964/976/885 19/972/881 90/975/884
f 964/976/885 965/974/883 1/971/880 19/972/881
f 969/977/886 965/974/883 964/976/885 966/970/879
f 6/963/874 89/973/882 965/974/883 969/977/886
f 969/977/886 966/970/879 967/968/877 968/967/876
f 969/977/886 968/967/876 935/962/873 6/963/874
f 218/978/887 224/945/860 223/944/859 217/979/869
f 217/979/869 223/944/859 241/117/117 240/770/731
f 217/956/869 240/772/731 883/768/729 882/767/728
f 217/979/869 234/947/862 231/946/861 218/978/887
f 218/978/887 219/379/369 225/227/220 224/945/860
f 231/946/861 229/382/372 219/379/369 218/978/887
f 806/683/661 805/682/660 801/681/659 816/980/888
f 816/980/888 817/981/889 807/982/890 806/683/661
f 816/980/888 801/681/659 909/820/765 912/983/891
f 972/984/892 816/980/888 912/983/891
f 912/983/891 909/820/765 910/819/764 911/985/893
f 971/986/894 972/984/892 912/983/891 911/985/893
f 690/987/895 691/988/613 692/989/612 693/990/896
f 984/991/897 992/992/898 690/987/895 693/990/896
f 984/991/897 983/993/899 991/994/900 992/992/898
f 694/995/901 693/990/896 692/989/612 695/996/902
f 973/997/903 972/984/892 971/986/894 978/998/904
f 817/981/889 816/980/888 972/984/892 973/997/903
f 797/999/905 796/680/658 806/683/661 807/982/890
f 988/1000/906 983/993/899 984/991/897 987/1001/907
f 987/1001/907 984/991/897 693/990/896 694/995/901
f 988/1002/906 987/1003/907 694/1004/901 985/1005/908
f 694/1004/901 695/1006/902 696/1007/909 985/1005/908
f 1008/1008/910 985/1005/908 697/1009/911
f 700/1010/912 701/660/642 789/661/643 790/1011/913
f 790/1011/913 789/661/643 796/680/658 797/999/905
f 1009/1012/914 700/1010/912 790/1011/913
f 1008/1008/910 697/1009/911 700/1010/912 1009/1012/914
f 790/1011/913 797/999/905 809/1013/915 1005/1014/916
f 974/1015/917 973/997/903 978/998/904 979/1016/918
f 809/1013/915 797/999/905 807/982/890 808/1017/919
f 808/1017/919 807/982/890 817/981/889 818/1018/920
f 819/1019/921 820/1020/922 812/1021/923 811/1022/924
f 1010/1023/925 1009/1012/914 790/1011/913 1005/1014/916
f 1014/1024/926 809/1013/915 808/1017/919 1015/1025/927
f 1018/1026/928 1005/1014/916 809/1013/915 1014/1024/926
f 1014/1024/926 1015/1025/927 811/1022/924 810/1027/929
f 810/1027/929 1006/1028/930 1018/1026/928 1014/1024/926
f 1016/1029/931 819/1019/921 811/1022/924 1015/1025/927
f 808/1017/919 818/1018/920 1016/1029/931 1015/1025/927
f 1018/1026/928 1006/1028/930 1013/1030/932 1019/1031/933
f 1010/1023/925 1005/1014/916 1018/1026/928 1019/1031/933
f 1007/1032/934 986/1033/935 985/1005/908 1008/1008/910
f 1008/1008/910 1009/1012/914 1010/1023/925 1007/1032/934
f 1007/1032/934 1010/1023/925 1019/1031/933 1020/1034/936
f 818/1018/920 817/981/889 973/997/903 974/1015/917
f 1017/1035/937 1016/1029/931 818/1018/920 974/1015/917
f 1020/1034/936 1019/1031/933 1013/1030/932 1023/1036/938
f 1021/1037/939 1020/1034/936 1023/1036/938 1022/1038/940
f 986/1033/935 1007/1032/934 1020/1034/936 1021/1037/939
f 989/1039/941 988/1002/906 985/1005/908 986/1033/935
f 989/1039/941 986/1033/935 1021/1037/939 1029/1040/942
f 1021/1037/939 1022/1038/940 1030/1041/943 1029/1040/942
f 982/1042/944 983/993/899 988/1000/906 989/1043/941
f 1028/1044/945 1029/1045/942 1030/1046/943 1031/1047/946
f 982/1042/944 989/1043/941 1029/1045/942 1028/1044/945
f 990/1048/947 991/994/900 983/993/899 982/1042/944
f 990/1048/947 982/1042/944 1028/1044/945 1034/1049/948
f 1028/1044/945 1031/1047/946 1035/1050/949 1034/1049/948
f 1002/1051/950 1003/1052/951 1000/1053/952 1001/1054/953
f 1001/1055/953 1000/1056/952 997/1057/954 996/1058/955
f 995/1059/956 996/1058/955 997/1057/954 821/1060/957
f 994/1061/958 995/1059/956 821/1060/957 820/1020/922
f 993/1062/959 994/1061/958 820/1020/922 819/1019/921
f 993/1062/959 819/1019/921 1016/1029/931 1017/1035/937
f 1024/1063/960 1017/1035/937 974/1015/917
f 1032/1064/961 1031/1047/946 1030/1046/943 1033/1065/962
f 1036/1066/963 1035/1050/949 1031/1047/946 1032/1064/961
f 1030/1041/943 1022/1038/940 1027/1067/964 1033/1068/962
f 981/1069/965 990/1048/947 1034/1049/948 1038/1070/966
f 976/1071/967 991/994/900 990/1048/947 981/1069/965
f 980/1072/968 979/1016/918 978/998/904 977/1073/969
f 1066/1074/970 976/1071/967 981/1069/965 1065/1075/971
f 1066/1074/970 1065/1075/971 980/1072/968 977/1073/969
f 977/1073/969 978/998/904 971/986/894 970/1076/972
f 975/1077/973 976/1071/967 1066/1074/970 1067/1078/974
f 992/992/898 991/994/900 976/1071/967 975/1077/973
f 1067/1078/974 1066/1074/970 977/1073/969 970/1076/972
f 911/985/893 910/819/764 684/821/766 686/1079/975
f 970/1076/972 971/986/894 911/985/893 686/1079/975
f 685/852/793 456/844/785 457/627/609 687/1080/976
f 691/988/613 690/987/895 689/1081/977 688/1082/978
f 774/628/610 779/632/614 691/631/613 688/1083/978
f 689/1081/977 690/987/895 992/992/898 975/1077/973
f 687/1084/976 686/1079/975 684/821/766 685/855/793
f 1068/1085/979 686/1079/975 687/1084/976
f 687/1084/976 688/1082/978 689/1081/977 1068/1085/979
f 457/627/609 774/628/610 688/1083/978 687/1080/976
f 1068/1085/979 689/1081/977 975/1077/973 1067/1078/974
f 1068/1085/979 1067/1078/974 970/1076/972 686/1079/975
f 1043/1086/980 1044/1087/981 1002/1051/950 1001/1054/953
f 1062/1088/982 1044/1087/981 1043/1086/980
f 1041/1089/983 1042/1090/984 996/1058/955 995/1059/956
f 1042/1090/984 1043/1091/980 1001/1055/953 996/1058/955
f 995/1059/956 994/1061/958 1040/1092/985 1041/1089/983
f 1045/1093/986 1044/1087/981 1062/1088/982 1061/1094/987
f 1055/1095/988 1036/1066/963 1059/1096/989
f 1059/1096/989 1060/1097/990 1054/1098/991 1055/1095/988
f 1002/1051/950 1044/1087/981 1045/1093/986 1046/1099/992
f 1058/1100/993 1059/1096/989 1036/1066/963 1032/1064/961
f 1003/1052/951 1002/1051/950 1046/1099/992 1047/1101/994
f 1057/1102/995 1058/1100/993 1032/1064/961 1033/1065/962
f 1083/1103/996 1082/1104/997 1058/1100/993 1057/1102/995
f 1082/1104/997 1046/1099/992 1045/1093/986 1081/1105/998
f 1081/1105/998 1045/1093/986 1061/1094/987 1080/1106/999
f 1081/1105/998 1080/1106/999 1060/1097/990 1059/1096/989
f 1081/1105/998 1059/1096/989 1058/1100/993 1082/1104/997
f 1083/1103/996 1047/1101/994 1046/1099/992 1082/1104/997
f 1057/1107/995 1033/1068/962 1027/1067/964 1056/1108/1000
f 1084/1109/1001 1083/1110/996 1057/1107/995 1056/1108/1000
f 1026/1111/1002 1027/1067/964 1022/1038/940 1023/1036/938
f 1085/1112/1003 1056/1108/1000 1027/1067/964 1026/1111/1002
f 1013/1030/932 1006/1028/930 1011/1113/1004 1012/1114/1005
f 1026/1111/1002 1023/1036/938 1013/1030/932 1012/1114/1005
f 1012/1114/1005 1011/1113/1004 1088/1115/1006
f 1088/1115/1006 1085/1112/1003 1026/1111/1002 1012/1114/1005
f 1011/1113/1004 1006/1028/930 810/1027/929 813/1116/1007
f 1037/1117/1008 1038/1070/966 1034/1049/948 1035/1050/949
f 1025/1118/1009 1024/1063/960 974/1015/917 979/1016/918
f 1051/1119/1010 1041/1089/983 1040/1092/985 1048/1120/1011
f 1050/1121/1012 1051/1119/1010 1048/1120/1011 1049/1122/1013
f 1055/1095/988 1054/1098/991 1053/1123/1014 1052/1124/1015
f 1063/1125/1016 1025/1118/1009 979/1016/918 980/1072/968
f 1052/1124/1015 1053/1123/1014 1050/1121/1012 1049/1122/1013
f 1065/1075/971 981/1069/965 1038/1070/966 1064/1126/1017
f 1064/1126/1017 1063/1125/1016 980/1072/968 1065/1075/971
f 1035/1050/949 1036/1066/963 1055/1095/988 1037/1117/1008
f 1037/1117/1008 1055/1095/988 1052/1124/1015 1092/1127/1018
f 1092/1127/1018 1064/1126/1017 1038/1070/966 1037/1117/1008
f 1092/1127/1018 1091/1128/1019 1063/1125/1016 1064/1126/1017
f 1090/1129/1020 1025/1118/1009 1063/1125/1016 1091/1128/1019
f 1092/1127/1018 1052/1124/1015 1049/1122/1013 1091/1128/1019
f 1039/1130/1021 1040/1092/985 994/1061/958 993/1062/959
f 1090/1129/1020 1048/1120/1011 1040/1092/985 1039/1130/1021
f 1039/1130/1021 993/1062/959 1017/1035/937 1024/1063/960
f 1039/1130/1021 1024/1063/960 1025/1118/1009 1090/1129/1020
f 1091/1128/1019 1049/1122/1013 1048/1120/1011 1090/1129/1020
f 1101/1131/1022 1102/1132/1023 1110/1133/1024 1109/1134/1025
f 1109/1134/1025 1116/1135/1026 1108/1136/1027 1101/1131/1022
f 1102/1132/1023 1103/1137/1028 1111/1138/1029 1110/1133/1024
f 1103/1139/1028 1104/1140/1030 1112/1141/1031 1111/1142/1029
f 1104/1140/1030 1105/1143/1032 1113/1144/1033 1112/1141/1031
f 1105/1143/1032 1106/1145/1034 1114/1146/1035 1113/1144/1033
f 1106/1145/1034 1107/1147/1036 1115/1148/1037 1114/1146/1035
f 1107/1147/1036 1108/1136/1027 1116/1135/1026 1115/1148/1037
f 1109/1134/1025 1110/1133/1024 1118/1149/1038 1117/1150/1039
f 1117/1150/1039 1124/1151/1040 1116/1135/1026 1109/1134/1025
f 1110/1133/1024 1111/1138/1029 1119/1152/1041 1118/1149/1038
f 1111/1142/1029 1112/1141/1031 1120/1153/1042 1119/1154/1041
f 1112/1141/1031 1113/1144/1033 1121/1155/1043 1120/1153/1042
f 1113/1144/1033 1114/1146/1035 1122/1156/1044 1121/1155/1043
f 1114/1146/1035 1115/1148/1037 1123/1157/1045 1122/1156/1044
f 1115/1148/1037 1116/1135/1026 1124/1151/1040 1123/1157/1045
f 1117/1150/1039 1118/1149/1038 1126/1158/1046 1125/1159/1047
f 1125/1159/1047 1132/1160/1048 1124/1151/1040 1117/1150/1039
f 1118/1149/1038 1119/1152/1041 1127/1161/1049 1126/1158/1046
f 1119/1154/1041 1120/1153/1042 1128/1162/1050 1127/1163/1049
f 1120/1153/1042 1121/1155/1043 1129/1164/1051 1128/1162/1050
f 1121/1155/1043 1122/1156/1044 1130/1165/1052 1129/1164/1051
f 1122/1156/1044 1123/1157/1045 1131/1166/1053 1130/1165/1052
f 1123/1157/1045 1124/1151/1040 1132/1160/1048 1131/1166/1053
f 1125/1159/1047 1126/1158/1046 1134/1167/1054 1133/1168/1055
f 1133/1168/1055 1140/1169/1056 1132/1160/1048 1125/1159/1047
f 1126/1158/1046 1127/1161/1049 1135/1170/1057 1134/1167/1054
f 1127/1163/1049 1128/1162/1050 1136/1171/1058 1135/1172/1057
f 1128/1162/1050 1129/1164/1051 1137/1173/1059 1136/1171/1058
f 1129/1164/1051 1130/1165/1052 1138/1174/1060 1137/1173/1059
f 1130/1165/1052 1131/1166/1053 1139/1175/1061 1138/1174/1060
f 1131/1166/1053 1132/1160/1048 1140/1169/1056 1139/1175/1061
f 1133/1168/1055 1134/1167/1054 1142/1176/1062 1141/1177/1063
f 1141/1177/1063 1148/1178/1064 1140/1169/1056 1133/1168/1055
f 1134/1167/1054 1135/1170/1057 1143/1179/1065 1142/1176/1062
f 1135/1172/1057 1136/1171/1058 1144/1180/1066 1143/1181/1065
f 1136/1171/1058 1137/1173/1059 1145/1182/1067 1144/1180/1066
f 1137/1173/1059 1138/1174/1060 1146/1183/1068 1145/1182/1067
f 1138/1174/1060 1139/1175/1061 1147/1184/1069 1146/1183/1068
f 1139/1175/1061 1140/1169/1056 1148/1178/1064 1147/1184/1069
f 1141/1177/1063 1142/1176/1062 1150/1185/1070 1149/1186/1071
f 1149/1186/1071 1156/1187/1072 1148/1178/1064 1141/1177/1063
f 1142/1176/1062 1143/1179/1065 1151/1188/1073 1150/1185/1070
f 1143/1181/1065 1144/1180/1066 1152/1189/1074 1151/1190/1073
f 1144/1180/1066 1145/1182/1067 1153/1191/1075 1152/1189/1074
f 1145/1182/1067 1146/1183/1068 1154/1192/1076 1153/1191/1075
f 1146/1183/1068 1147/1184/1069 1155/1193/1077 1154/1192/1076
f 1147/1184/1069 1148/1178/1064 1156/1187/1072 1155/1193/1077
f 1149/1186/1071 1150/1185/1070 1158/1194/1078 1157/1195/1079
f 1157/1195/1079 1164/1196/1080 1156/1187/1072 1149/1186/1071
f 1150/1185/1070 1151/1188/1073 1159/1197/1081 1158/1194/1078
f 1151/1190/1073 1152/1189/1074 1160/1198/1082 1159/1199/1081
f 1152/1189/1074 1153/1191/1075 1161/1200/1083 1160/1198/1082
f 1153/1191/1075 1154/1192/1076 1162/1201/1084 1161/1200/1083
f 1154/1192/1076 1155/1193/1077 1163/1202/1085 1162/1201/1084
f 1155/1193/1077 1156/1187/1072 1164/1196/1080 1163/1202/1085
f 1157/1195/1079 1158/1194/1078 1166/1203/1086 1165/1204/1087
f 1165/1204/1087 1172/1205/1088 1164/1196/1080 1157/1195/1079
f 1158/1194/1078 1159/1197/1081 1167/1206/1089 1166/1203/1086
f 1159/1199/1081 1160/1198/1082 1168/1207/1090 1167/1208/1089
f 1160/1198/1082 1161/1200/1083 1169/1209/1091 1168/1207/1090
f 1161/1200/1083 1162/1201/1084 1170/1210/1092 1169/1209/1091
f 1162/1201/1084 1163/1202/1085 1171/1211/1093 1170/1210/1092
f 1163/1202/1085 1164/1196/1080 1172/1205/1088 1171/1211/1093
f 1165/1204/1087 1166/1203/1086 1174/1212/1094 1173/1213/1095
f 1173/1213/1095 1180/1214/1096 1172/1205/1088 1165/1204/1087
f 1166/1203/1086 1167/1206/1089 1175/1215/1097 1174/1212/1094
f 1167/1208/1089 1168/1207/1090 1176/1216/1098 1175/1217/1097
f 1168/1207/1090 1169/1209/1091 1177/1218/1099 1176/1216/1098
f 1169/1209/1091 1170/1210/1092 1178/1219/1100 1177/1218/1099
f 1170/1210/1092 1171/1211/1093 1179/1220/1101 1178/1219/1100
f 1171/1211/1093 1172/1205/1088 1180/1214/1096 1179/1220/1101
f 1076/1221/1102 1075/1222/1103 1060/1223/990 1080/1224/999
f 1077/1225/1104 1076/1221/1102 1080/1224/999 1061/1226/987
f 1094/1227/1105 1093/1228/1106 1076/1221/1102 1077/1225/1104
f 1102/1132/1023 1101/1131/1022 1093/1228/1106 1094/1227/1105
f 1078/1229/1107 1077/1225/1104 1061/1226/987 1062/1230/982
f 1103/1137/1028 1102/1132/1023 1094/1227/1105 1095/1231/1108
f 1079/1232/1109 1078/1229/1107 1062/1230/982 1043/1233/980
f 1095/1231/1108 1078/1229/1107 1079/1232/1109
f 1095/1231/1108 1094/1227/1105 1077/1225/1104 1078/1229/1107
f 1079/1234/1109 1043/1235/980 1042/1236/984 1069/1237/1110
f 1096/1238/1111 1095/1239/1108 1079/1234/1109 1069/1237/1110
f 1104/1140/1030 1103/1139/1028 1095/1239/1108 1096/1238/1111
f 1070/1240/1112 1069/1237/1110 1042/1236/984 1041/1241/983
f 1097/1242/1113 1096/1238/1111 1069/1237/1110 1070/1240/1112
f 1105/1143/1032 1104/1140/1030 1096/1238/1111 1097/1242/1113
f 1071/1243/1114 1070/1240/1112 1041/1241/983 1051/1244/1010
f 1106/1145/1034 1105/1143/1032 1097/1242/1113 1098/1245/1115
f 1072/1246/1116 1071/1243/1114 1051/1244/1010 1050/1247/1012
f 1098/1245/1115 1071/1243/1114 1072/1246/1116
f 1098/1245/1115 1097/1242/1113 1070/1240/1112 1071/1243/1114
f 1075/1222/1103 1076/1221/1102 1093/1228/1106 1100/1248/1117
f 1073/1249/1118 1072/1246/1116 1050/1247/1012 1053/1250/1014
f 1107/1147/1036 1106/1145/1034 1098/1245/1115 1099/1251/1119
f 1074/1252/1120 1075/1222/1103 1100/1248/1117
f 1100/1248/1117 1093/1228/1106 1101/1131/1022 1108/1136/1027
f 1074/1252/1120 1073/1249/1118 1053/1250/1014 1054/1253/991
f 1099/1251/1119 1073/1249/1118 1074/1252/1120
f 1054/1253/991 1060/1223/990 1075/1222/1103 1074/1252/1120
f 1074/1252/1120 1100/1248/1117 1099/1251/1119
f 1099/1251/1119 1098/1245/1115 1072/1246/1116 1073/1249/1118
f 1099/1251/1119 1100/1248/1117 1108/1136/1027 1107/1147/1036
f 1195/1254/1121 1196/1255/1122 1210/1256/1123 1209/1257/1124
f 1209/1257/1124 1222/1258/1125 1208/1259/1126 1195/1254/1121
f 1196/1255/1122 1197/1260/1127 1211/1261/1128 1210/1256/1123
f 1197/1260/1127 1198/1262/1129 1212/1263/1130 1211/1261/1128
f 1198/1262/1129 1199/1264/1131 1213/1265/1132 1212/1263/1130
f 1199/1264/1131 1200/1266/1133 1214/1267/1134 1213/1265/1132
f 1200/1266/1133 1201/1268/1135 1215/1269/1136 1214/1267/1134
f 1201/1270/1135 1202/1271/1137 1216/1272/1138 1215/1273/1136
f 1202/1271/1137 1203/1274/1139 1217/1275/1140 1216/1272/1138
f 1203/1274/1139 1204/1276/1141 1218/1277/1142 1217/1275/1140
f 1204/1276/1141 1205/1278/1143 1219/1279/1144 1218/1277/1142
f 1205/1278/1143 1206/1280/1145 1220/1281/1146 1219/1279/1144
f 1206/1280/1145 1207/1282/1147 1221/1283/1148 1220/1281/1146
f 1207/1282/1147 1208/1259/1126 1222/1258/1125 1221/1283/1148
f 1209/1257/1124 1210/1256/1123 1224/1284/1149 1223/1285/1150
f 1223/1285/1150 1236/1286/1151 1222/1258/1125 1209/1257/1124
f 1210/1256/1123 1211/1261/1128 1225/1287/1152 1224/1284/1149
f 1211/1261/1128 1212/1263/1130 1226/1288/1153 1225/1287/1152
f 1212/1263/1130 1213/1265/1132 1227/1289/1154 1226/1288/1153
f 1213/1265/1132 1214/1267/1134 1228/1290/1155 1227/1289/1154
f 1214/1267/1134 1215/1269/1136 1229/1291/1156 1228/1290/1155
f 1215/1273/1136 1216/1272/1138 1230/1292/1157 1229/1293/1156
f 1216/1272/1138 1217/1275/1140 1231/1294/1158 1230/1292/1157
f 1217/1275/1140 1218/1277/1142 1232/1295/1159 1231/1294/1158
f 1218/1277/1142 1219/1279/1144 1233/1296/1160 1232/1295/1159
f 1219/1279/1144 1220/1281/1146 1234/1297/1161 1233/1296/1160
f 1220/1281/1146 1221/1283/1148 1235/1298/1162 1234/1297/1161
f 1221/1283/1148 1222/1258/1125 1236/1286/1151 1235/1298/1162
f 1223/1285/1150 1224/1284/1149 1238/1299/1163 1237/1300/1164
f 1237/1300/1164 1250/1301/1165 1236/1286/1151 1223/1285/1150
f 1224/1284/1149 1225/1287/1152 1239/1302/1166 1238/1299/1163
f 1225/1287/1152 1226/1288/1153 1240/1303/1167 1239/1302/1166
f 1226/1288/1153 1227/1289/1154 1241/1304/1168 1240/1303/1167
f 1227/1289/1154 1228/1290/1155 1242/1305/1169 1241/1304/1168
f 1228/1290/1155 1229/1291/1156 1243/1306/1170 1242/1305/1169
f 1229/1293/1156 1230/1292/1157 1244/1307/1171 1243/1308/1170
f 1230/1292/1157 1231/1294/1158 1245/1309/1172 1244/1307/1171
f 1231/1294/1158 1232/1295/1159 1246/1310/1173 1245/1309/1172
f 1232/1295/1159 1233/1296/1160 1247/1311/1174 1246/1310/1173
f 1233/1296/1160 1234/1297/1161 1248/1312/1175 1247/1311/1174
f 1234/1297/1161 1235/1298/1162 1249/1313/1176 1248/1312/1175
f 1235/1298/1162 1236/1286/1151 1250/1301/1165 1249/1313/1176
f 1237/1300/1164 1238/1299/1163 1252/1314/1177 1251/1315/1178
f 1251/1315/1178 1264/1316/1179 1250/1301/1165 1237/1300/1164
f 1238/1299/1163 1239/1302/1166 1253/1317/1180 1252/1314/1177
f 1239/1302/1166 1240/1303/1167 1254/1318/1181 1253/1317/1180
f 1240/1303/1167 1241/1304/1168 1255/1319/1182 1254/1318/1181
f 1241/1304/1168 1242/1305/1169 1256/1320/1183 1255/1319/1182
f 1242/1305/1169 1243/1306/1170 1257/1321/1184 1256/1320/1183
f 1243/1308/1170 1244/1307/1171 1258/1322/1185 1257/1323/1184
f 1244/1307/1171 1245/1309/1172 1259/1324/1186 1258/1322/1185
f 1245/1309/1172 1246/1310/1173 1260/1325/1187 1259/1324/1186
f 1246/1310/1173 1247/1311/1174 1261/1326/1188 1260/1325/1187
f 1247/1311/1174 1248/1312/1175 1262/1327/1189 1261/1326/1188
f 1248/1312/1175 1249/1313/1176 1263/1328/1190 1262/1327/1189
f 1249/1313/1176 1250/1301/1165 1264/1316/1179 1263/1328/1190
f 854/748/712 853/749/713 877/1329/1191 878/1330/1192
f 878/1330/1192 877/1329/1191 1183/1331/1193 1182/1332/1194
f 1182/1332/1194 1183/1331/1193 1197/1260/1127 1196/1255/1122
f 855/746/710 854/748/712 878/1330/1192 879/1333/1195
f 879/1333/1195 878/1330/1192 1182/1332/1194 1181/1334/1196
f 1181/1334/1196 1182/1332/1194 1196/1255/1122 1195/1254/1121
f 856/747/711 855/746/710 879/1333/1195 880/1335/1197
f 880/1335/1197 879/1333/1195 1181/1334/1196 1194/1336/1198
f 1194/1336/1198 1181/1334/1196 1195/1254/1121 1208/1259/1126
f 857/760/723 856/747/711 880/1335/1197 881/1337/1199
f 881/1337/1199 880/1335/1197 1194/1336/1198 1193/1338/1200
f 1193/1338/1200 1194/1336/1198 1208/1259/1126 1207/1282/1147
f 868/1339/1201 858/759/722 857/760/723 881/1337/1199
f 868/1339/1201 881/1337/1199 1193/1338/1200 1192/1340/1202
f 1192/1340/1202 1193/1338/1200 1207/1282/1147 1206/1280/1145
f 859/758/721 858/759/722 868/1339/1201 869/1341/1203
f 869/1341/1203 868/1339/1201 1192/1340/1202 1191/1342/1204
f 1191/1342/1204 1192/1340/1202 1206/1280/1145 1205/1278/1143
f 860/757/720 859/758/721 869/1341/1203 870/1343/1205
f 870/1343/1205 869/1341/1203 1191/1342/1204 1190/1344/1206
f 1190/1344/1206 1191/1342/1204 1205/1278/1143 1204/1276/1141
f 824/756/719 860/757/720 870/1343/1205 871/1345/1207
f 871/1345/1207 870/1343/1205 1190/1344/1206 1189/1346/1208
f 1189/1346/1208 1190/1344/1206 1204/1276/1141 1203/1274/1139
f 825/755/718 824/756/719 871/1345/1207 872/1347/1209
f 872/1347/1209 871/1345/1207 1189/1346/1208 1188/1348/1210
f 1188/1348/1210 1189/1346/1208 1203/1274/1139 1202/1271/1137
f 830/754/717 825/755/718 872/1347/1209 873/1349/1211
f 873/1349/1211 872/1347/1209 1188/1348/1210 1187/1350/1212
f 1187/1350/1212 1188/1348/1210 1202/1271/1137 1201/1270/1135
f 861/752/716 830/753/717 873/1351/1211 874/1352/1213
f 874/1352/1213 873/1351/1211 1187/1353/1212 1186/1354/1214
f 1186/1354/1214 1187/1353/1212 1201/1268/1135 1200/1266/1133
f 866/751/715 861/752/716 874/1352/1213 875/1355/1215
f 875/1355/1215 874/1352/1213 1186/1354/1214 1185/1356/1216
f 1185/1356/1216 1186/1354/1214 1200/1266/1133 1199/1264/1131
f 867/750/714 866/751/715 875/1355/1215 876/1357/1217
f 876/1357/1217 875/1355/1215 1185/1356/1216 1184/1358/1218
f 876/1357/1217 877/1329/1191 853/749/713 867/750/714
f 1184/1358/1218 1183/1331/1193 877/1329/1191 876/1357/1217
f 1198/1262/1129 1197/1260/1127 1183/1331/1193 1184/1358/1218
f 1184/1358/1218 1185/1356/1216 1199/1264/1131 1198/1262/1129
f 1293/1359/1219 1294/1360/1220 1308/1361/1221 1307/1362/1222
f 1307/1362/1222 1320/1363/1223 1306/1364/1224 1293/1359/1219
f 1294/1360/1220 1295/1365/1225 1309/1366/1226 1308/1361/1221
f 1295/1365/1225 1296/1367/1227 1310/1368/1228 1309/1366/1226
f 1296/1367/1227 1297/1369/1229 1311/1370/1230 1310/1368/1228
f 1297/1371/1229 1298/1372/1231 1312/1373/1232 1311/1374/1230
f 1298/1372/1231 1299/1375/1233 1313/1376/1234 1312/1373/1232
f 1299/1375/1233 1300/1377/1235 1314/1378/1236 1313/1376/1234
f 1300/1377/1235 1301/1379/1237 1315/1380/1238 1314/1378/1236
f 1301/1379/1237 1302/1381/1239 1316/1382/1240 1315/1380/1238
f 1302/1381/1239 1303/1383/1241 1317/1384/1242 1316/1382/1240
f 1303/1383/1241 1304/1385/1243 1318/1386/1244 1317/1384/1242
f 1304/1385/1243 1305/1387/1245 1319/1388/1246 1318/1386/1244
f 1305/1387/1245 1306/1364/1224 1320/1363/1223 1319/1388/1246
f 659/1389/1247 660/1390/1248 661/585/567 641/614/596
f 1280/1391/1249 1279/1392/1250 660/1393/1248 659/1394/1247
f 1294/1360/1220 1293/1359/1219 1279/1392/1250 1280/1391/1249
f 663/1395/1251 662/587/569 661/585/567 660/1390/1248
f 663/1396/1251 660/1393/1248 1279/1392/1250 1292/1397/1252
f 1292/1397/1252 1279/1392/1250 1293/1359/1219 1306/1364/1224
f 734/649/631 662/587/569 663/1395/1251 735/1398/1253
f 735/1399/1253 663/1396/1251 1292/1397/1252 1291/1400/1254
f 1291/1400/1254 1292/1397/1252 1306/1364/1224 1305/1387/1245
f 664/1401/1255 665/655/637 734/649/631 735/1398/1253
f 1290/1402/1256 1291/1400/1254 1305/1387/1245 1304/1385/1243
f 1289/1403/1257 1290/1402/1256 1304/1385/1243 1303/1383/1241
f 664/1404/1255 735/1399/1253 1291/1400/1254 1290/1402/1256
f 667/1405/1258 666/651/633 665/655/637 664/1401/1255
f 667/1406/1258 664/1404/1255 1290/1402/1256 1289/1403/1257
f 669/652/634 666/651/633 667/1405/1258 668/1407/1259
f 668/1408/1259 667/1406/1258 1289/1403/1257 1288/1409/1260
f 1288/1409/1260 1289/1403/1257 1303/1383/1241 1302/1381/1239
f 802/677/656 669/652/634 668/1407/1259 803/1410/1261
f 803/1411/1261 668/1408/1259 1288/1409/1260 1287/1412/1262
f 1287/1412/1262 1288/1409/1260 1302/1381/1239 1301/1379/1237
f 515/1413/652 670/678/653 802/677/656 803/1410/1261
f 515/1414/652 803/1411/1261 1287/1412/1262 1286/1415/1263
f 1286/1415/1263 1287/1412/1262 1301/1379/1237 1300/1377/1235
f 513/1416/1264 514/553/535 671/555/537 515/672/652
f 513/1417/1264 515/1414/652 1286/1415/1263 1285/1418/1265
f 1285/1418/1265 1286/1415/1263 1300/1377/1235 1299/1375/1233
f 512/1419/1266 511/552/534 514/553/535 513/1416/1264
f 512/1420/1266 513/1417/1264 1285/1418/1265 1284/1421/1267
f 1284/1421/1267 1285/1418/1265 1299/1375/1233 1298/1372/1231
f 659/1389/1247 641/614/596 642/538/520 658/1422/1268
f 1281/1423/1269 1280/1391/1249 659/1394/1247 658/1424/1268
f 1295/1365/1225 1294/1360/1220 1280/1391/1249 1281/1423/1269
f 631/515/497 632/510/494 633/513/495 634/551/533
f 658/1422/1268 642/538/520 635/537/519 634/551/533
f 1282/1425/1270 1281/1423/1269 658/1424/1268 634/1426/533
f 1296/1367/1227 1295/1365/1225 1281/1423/1269 1282/1425/1270
f 598/1427/1271 511/552/534 512/1419/1266 599/1428/1272
f 599/1429/1272 512/1420/1266 1284/1421/1267 1283/1430/1273
f 509/508/492 510/509/493 598/1427/1271 599/1428/1272
f 634/551/533 633/513/495 509/512/492 599/1431/1272
f 1283/1432/1273 1282/1425/1270 634/1426/533 599/1433/1272
f 1297/1369/1229 1296/1367/1227 1282/1425/1270 1283/1432/1273
f 1283/1430/1273 1284/1421/1267 1298/1372/1231 1297/1371/1229
f 1317/1384/1242 1318/1386/1244 1332/1434/1274 1331/1435/1275
f 1357/1436/1276 1358/1437/1277 1366/1438/1278 1365/1439/1279
f 1365/1439/1279 1372/1440/1280 1364/1441/1281 1357/1436/1276
f 1358/1437/1277 1359/1442/1282 1367/1443/1283 1366/1438/1278
f 1359/1444/1282 1360/1445/1284 1368/1446/1285 1367/1447/1283
f 1360/1445/1284 1361/1448/1286 1369/1449/1287 1368/1446/1285
f 1361/1448/1286 1362/1450/1288 1370/1451/1289 1369/1449/1287
f 1362/1450/1288 1363/1452/1290 1371/1453/1291 1370/1451/1289
f 1363/1452/1290 1364/1441/1281 1372/1440/1280 1371/1453/1291
f 1365/1439/1279 1366/1438/1278 1374/1454/1292 1373/1455/1293
f 1373/1455/1293 1380/1456/1294 1372/1440/1280 1365/1439/1279
f 1366/1438/1278 1367/1443/1283 1375/1457/1295 1374/1454/1292
f 1367/1447/1283 1368/1446/1285 1376/1458/1296 1375/1459/1295
f 1368/1446/1285 1369/1449/1287 1377/1460/1297 1376/1458/1296
f 1369/1449/1287 1370/1451/1289 1378/1461/1298 1377/1460/1297
f 1370/1451/1289 1371/1453/1291 1379/1462/1299 1378/1461/1298
f 1371/1453/1291 1372/1440/1280 1380/1456/1294 1379/1462/1299
f 1373/1455/1293 1374/1454/1292 1382/1463/1300 1381/1464/1301
f 1381/1464/1301 1388/1465/1302 1380/1456/1294 1373/1455/1293
f 1374/1454/1292 1375/1457/1295 1383/1466/1303 1382/1463/1300
f 1375/1459/1295 1376/1458/1296 1384/1467/1304 1383/1468/1303
f 1376/1458/1296 1377/1460/1297 1385/1469/1305 1384/1467/1304
f 1377/1460/1297 1378/1461/1298 1386/1470/1306 1385/1469/1305
f 1378/1461/1298 1379/1462/1299 1387/1471/1307 1386/1470/1306
f 1379/1462/1299 1380/1456/1294 1388/1465/1302 1387/1471/1307
f 1350/1472/1308 1349/1473/1309 1341/1474/1310 1342/1475/1311
f 1358/1437/1277 1357/1436/1276 1349/1473/1309 1350/1472/1308
f 1340/1476/1312 1341/1474/1310 1349/1473/1309 1356/1477/1313
f 1356/1477/1313 1349/1473/1309 1357/1436/1276 1364/1441/1281
f 1339/1478/1314 1340/1476/1312 1356/1477/1313 1355/1479/1315
f 1355/1479/1315 1356/1477/1313 1364/1441/1281 1363/1452/1290
f 1338/1480/1316 1339/1478/1314 1355/1479/1315 1354/1481/1317
f 1354/1481/1317 1355/1479/1315 1363/1452/1290 1362/1450/1288
f 1331/1435/1275 1332/1434/1274 1338/1480/1316 1337/1482/1318
f 1353/1483/1319 1354/1481/1317 1362/1450/1288 1361/1448/1286
f 1351/1484/1320 1350/1472/1308 1342/1475/1311 1343/1485/1321
f 1359/1442/1282 1358/1437/1277 1350/1472/1308 1351/1484/1320
f 1352/1486/1322 1351/1487/1320 1343/1488/1321 1335/1489/1323
f 1360/1445/1284 1359/1444/1282 1351/1487/1320 1352/1486/1322
f 1353/1483/1319 1352/1486/1322 1335/1489/1323 1336/1490/1324
f 1336/1490/1324 1337/1482/1318 1353/1483/1319
f 1361/1448/1286 1360/1445/1284 1352/1486/1322 1353/1483/1319
f 1337/1482/1318 1338/1480/1316 1354/1481/1317 1353/1483/1319
f 1347/1491/1325 1331/1435/1275 1337/1482/1318 1336/1490/1324
f 1316/1382/1240 1317/1384/1242 1331/1435/1275 1330/1492/1326
f 1314/1378/1236 1315/1380/1238 1329/1493/1327 1328/1494/1328
f 1328/1494/1328 1329/1493/1327 1391/1495/1329 1394/1496/1330
f 1330/1492/1326 1329/1493/1327 1315/1380/1238 1316/1382/1240
f 1390/1497/1331 1391/1495/1329 1329/1493/1327 1330/1492/1326
f 1330/1492/1326 1331/1435/1275 1347/1491/1325 1390/1497/1331
f 1313/1376/1234 1314/1378/1236 1328/1494/1328 1327/1498/1332
f 1327/1498/1332 1328/1494/1328 1394/1496/1330 1395/1499/1333
f 1311/1374/1230 1312/1373/1232 1326/1500/1334 1325/1501/1335
f 1312/1373/1232 1313/1376/1234 1327/1498/1332 1326/1500/1334
f 1326/1500/1334 1327/1498/1332 1395/1499/1333 1398/1502/1336
f 1310/1368/1228 1311/1370/1230 1325/1503/1335 1324/1504/1337
f 1325/1501/1335 1326/1500/1334 1398/1502/1336 1399/1505/1338
f 1402/1506/1339 1324/1504/1337 1325/1503/1335 1399/1507/1338
f 1309/1366/1226 1310/1368/1228 1324/1504/1337 1323/1508/1340
f 1323/1508/1340 1324/1504/1337 1402/1506/1339 1403/1509/1341
f 1308/1361/1221 1309/1366/1226 1323/1508/1340 1322/1510/1342
f 1322/1510/1342 1323/1508/1340 1403/1509/1341 1406/1511/1343
f 1307/1362/1222 1308/1361/1221 1322/1510/1342 1321/1512/1344
f 1321/1512/1344 1322/1510/1342 1406/1511/1343 1407/1513/1345
f 1333/1514/1346 1332/1434/1274 1318/1386/1244 1319/1388/1246
f 1339/1478/1314 1338/1480/1316 1332/1434/1274 1333/1514/1346
f 1320/1363/1223 1307/1362/1222 1321/1512/1344 1334/1515/1347
f 1334/1515/1347 1333/1514/1346 1319/1388/1246 1320/1363/1223
f 1344/1516/1348 1333/1514/1346 1334/1515/1347
f 1334/1515/1347 1321/1512/1344 1407/1513/1345 1344/1516/1348
f 1344/1516/1348 1340/1476/1312 1339/1478/1314 1333/1514/1346
f 1345/1517/1349 1341/1474/1310 1340/1476/1312 1344/1516/1348
f 1087/1518/1350 1047/1519/994 1083/1110/996 1084/1109/1001
f 1417/1520/1351 1418/1521/1352 1426/1522/1353 1425/1523/1354
f 1425/1523/1354 1432/1524/1355 1424/1525/1356 1417/1520/1351
f 1418/1521/1352 1419/1526/1357 1427/1527/1358 1426/1522/1353
f 1419/1526/1357 1420/1528/1359 1428/1529/1360 1427/1527/1358
f 1420/1528/1359 1421/1530/1361 1429/1531/1362 1428/1529/1360
f 1421/1530/1361 1422/1532/1363 1430/1533/1364 1429/1531/1362
f 1422/1534/1363 1423/1535/1365 1431/1536/1366 1430/1537/1364
f 1423/1535/1365 1424/1525/1356 1432/1524/1355 1431/1536/1366
f 1425/1523/1354 1426/1522/1353 1434/1538/1367 1433/1539/1368
f 1433/1539/1368 1440/1540/1369 1432/1524/1355 1425/1523/1354
f 1426/1522/1353 1427/1527/1358 1435/1541/1370 1434/1538/1367
f 1427/1527/1358 1428/1529/1360 1436/1542/1371 1435/1541/1370
f 1428/1529/1360 1429/1531/1362 1437/1543/1372 1436/1542/1371
f 1429/1531/1362 1430/1533/1364 1438/1544/1373 1437/1543/1372
f 1430/1537/1364 1431/1536/1366 1439/1545/1374 1438/1546/1373
f 1431/1536/1366 1432/1524/1355 1440/1540/1369 1439/1545/1374
f 1433/1539/1368 1434/1538/1367 1442/1547/1375 1441/1548/1376
f 1441/1548/1376 1448/1549/1377 1440/1540/1369 1433/1539/1368
f 1434/1538/1367 1435/1541/1370 1443/1550/1378 1442/1547/1375
f 1435/1541/1370 1436/1542/1371 1444/1551/1379 1443/1550/1378
f 1436/1542/1371 1437/1543/1372 1445/1552/1380 1444/1551/1379
f 1437/1543/1372 1438/1544/1373 1446/1553/1381 1445/1552/1380
f 1438/1546/1373 1439/1545/1374 1447/1554/1382 1446/1555/1381
f 1439/1545/1374 1440/1540/1369 1448/1549/1377 1447/1554/1382
f 1441/1548/1376 1442/1547/1375 1450/1556/1383 1449/1557/1384
f 1449/1557/1384 1456/1558/1385 1448/1549/1377 1441/1548/1376
f 1442/1547/1375 1443/1550/1378 1451/1559/1386 1450/1556/1383
f 1443/1550/1378 1444/1551/1379 1452/1560/1387 1451/1559/1386
f 1444/1551/1379 1445/1552/1380 1453/1561/1388 1452/1560/1387
f 1445/1552/1380 1446/1553/1381 1454/1562/1389 1453/1561/1388
f 1446/1555/1381 1447/1554/1382 1455/1563/1390 1454/1564/1389
f 1447/1554/1382 1448/1549/1377 1456/1558/1385 1455/1563/1390
f 1449/1557/1384 1450/1556/1383 1458/1565/1391 1457/1566/1392
f 1457/1566/1392 1464/1567/1393 1456/1558/1385 1449/1557/1384
f 1450/1556/1383 1451/1559/1386 1459/1568/1394 1458/1565/1391
f 1451/1559/1386 1452/1560/1387 1460/1569/1395 1459/1568/1394
f 1452/1560/1387 1453/1561/1388 1461/1570/1396 1460/1569/1395
f 1453/1561/1388 1454/1562/1389 1462/1571/1397 1461/1570/1396
f 1454/1564/1389 1455/1563/1390 1463/1572/1398 1462/1573/1397
f 1455/1563/1390 1456/1558/1385 1464/1567/1393 1463/1572/1398
f 1457/1566/1392 1458/1565/1391 1466/1574/1399 1465/1575/1400
f 1465/1575/1400 1472/1576/1401 1464/1567/1393 1457/1566/1392
f 1458/1565/1391 1459/1568/1394 1467/1577/1402 1466/1574/1399
f 1459/1568/1394 1460/1569/1395 1468/1578/1403 1467/1577/1402
f 1460/1569/1395 1461/1570/1396 1469/1579/1404 1468/1578/1403
f 1461/1570/1396 1462/1571/1397 1470/1580/1405 1469/1579/1404
f 1462/1573/1397 1463/1572/1398 1471/1581/1406 1470/1582/1405
f 1463/1572/1398 1464/1567/1393 1472/1576/1401 1471/1581/1406
f 1465/1575/1400 1466/1574/1399 1474/1583/1407 1473/1584/1408
f 1473/1584/1408 1480/1585/1409 1472/1576/1401 1465/1575/1400
f 1466/1574/1399 1467/1577/1402 1475/1586/1410 1474/1583/1407
f 1467/1577/1402 1468/1578/1403 1476/1587/1411 1475/1586/1410
f 1468/1578/1403 1469/1579/1404 1477/1588/1412 1476/1587/1411
f 1469/1579/1404 1470/1580/1405 1478/1589/1413 1477/1588/1412
f 1470/1582/1405 1471/1581/1406 1479/1590/1414 1478/1591/1413
f 1471/1581/1406 1472/1576/1401 1480/1585/1409 1479/1590/1414
f 1473/1584/1408 1474/1583/1407 1482/1592/1415 1481/1593/1416
f 1481/1593/1416 1488/1594/1417 1480/1585/1409 1473/1584/1408
f 1474/1583/1407 1475/1586/1410 1483/1595/1418 1482/1592/1415
f 1475/1586/1410 1476/1587/1411 1484/1596/1419 1483/1595/1418
f 1476/1587/1411 1477/1588/1412 1485/1597/1420 1484/1596/1419
f 1477/1588/1412 1478/1589/1413 1486/1598/1421 1485/1597/1420
f 1478/1591/1413 1479/1590/1414 1487/1599/1422 1486/1600/1421
f 1479/1590/1414 1480/1585/1409 1488/1594/1417 1487/1599/1422
f 1087/1518/1350 1084/1109/1001 1086/1601/1423
f 1004/1602/1424 1003/1603/951 1047/1519/994 1087/1518/1350
f 1004/1604/1424 1087/1605/1350 1416/1606/1425 1415/1607/1426
f 1415/1607/1426 1416/1606/1425 1424/1525/1356 1423/1535/1365
f 999/1608/1427 1000/1609/952 1003/1603/951 1004/1602/1424
f 999/1610/1427 1004/1604/1424 1415/1607/1426 1414/1611/1428
f 1414/1611/1428 1415/1607/1426 1423/1535/1365 1422/1534/1363
f 998/1612/1429 997/1057/954 1000/1056/952 999/1613/1427
f 998/1614/1429 999/1615/1427 1414/1616/1428 1413/1617/1430
f 1413/1617/1430 1414/1616/1428 1422/1532/1363 1421/1530/1361
f 815/1618/1431 812/1021/923 820/1020/922 821/1060/957
f 815/1618/1431 821/1060/957 997/1057/954 998/1612/1429
f 815/1619/1431 998/1614/1429 1413/1617/1430 1412/1620/1432
f 1412/1620/1432 1413/1617/1430 1421/1530/1361 1420/1528/1359
f 814/1621/1433 815/1619/1431 1412/1620/1432 1411/1622/1434
f 1411/1622/1434 1412/1620/1432 1420/1528/1359 1419/1526/1357
f 1084/1109/1001 1056/1108/1000 1085/1112/1003 1086/1601/1423
f 1086/1601/1423 1085/1112/1003 1088/1115/1006 1089/1623/1435
f 1409/1624/1436 1416/1606/1425 1087/1605/1350 1086/1625/1423
f 1089/1623/1435 1088/1115/1006 1011/1113/1004 813/1116/1007
f 1417/1520/1351 1424/1525/1356 1416/1606/1425 1409/1624/1436
f 814/1621/1433 813/1626/1007 815/1619/1431
f 1409/1624/1436 1086/1625/1423 1089/1627/1435 1489/1628/1437
f 1418/1521/1352 1417/1520/1351 1409/1624/1436 1410/1629/1438
f 1410/1629/1438 1409/1624/1436 1489/1628/1437
f 1410/1629/1438 1411/1622/1434 1419/1526/1357 1418/1521/1352
f 1489/1628/1437 814/1621/1433 1411/1622/1434 1410/1629/1438
f 1489/1628/1437 1089/1627/1435 813/1626/1007 814/1621/1433
f 1502/1630/1439 1503/1631/1440 1515/1632/1441 1514/1633/1442
f 1514/1633/1442 1525/1634/1443 1513/1635/1444 1502/1630/1439
f 1503/1631/1440 1504/1636/1445 1516/1637/1446 1515/1632/1441
f 1504/1636/1445 1505/1638/1447 1517/1639/1448 1516/1637/1446
f 1505/1638/1447 1506/1640/1449 1518/1641/1450 1517/1639/1448
f 1506/1640/1449 1507/1642/1451 1519/1643/1452 1518/1641/1450
f 1507/1642/1451 1508/1644/1453 1520/1645/1454 1519/1643/1452
f 1508/1644/1453 1509/1646/1455 1521/1647/1456 1520/1645/1454
f 1509/1646/1455 1510/1648/1457 1522/1649/1458 1521/1647/1456
f 1510/1648/1457 1511/1650/1459 1523/1651/1460 1522/1649/1458
f 1511/1652/1459 1512/1653/1461 1524/1654/1462 1523/1655/1460
f 1512/1653/1461 1513/1635/1444 1525/1634/1443 1524/1654/1462
f 1514/1633/1442 1515/1632/1441 1527/1656/1463 1526/1657/1464
f 1526/1657/1464 1537/1658/1465 1525/1634/1443 1514/1633/1442
f 1515/1632/1441 1516/1637/1446 1528/1659/1466 1527/1656/1463
f 1516/1637/1446 1517/1639/1448 1529/1660/1467 1528/1659/1466
f 1517/1639/1448 1518/1641/1450 1530/1661/1468 1529/1660/1467
f 1518/1641/1450 1519/1643/1452 1531/1662/1469 1530/1661/1468
f 1519/1643/1452 1520/1645/1454 1532/1663/1470 1531/1662/1469
f 1520/1645/1454 1521/1647/1456 1533/1664/1471 1532/1663/1470
f 1521/1647/1456 1522/1649/1458 1534/1665/1472 1533/1664/1471
f 1522/1649/1458 1523/1651/1460 1535/1666/1473 1534/1665/1472
f 1523/1655/1460 1524/1654/1462 1536/1667/1474 1535/1668/1473
f 1524/1654/1462 1525/1634/1443 1537/1658/1465 1536/1667/1474
f 1526/1657/1464 1527/1656/1463 1539/1669/1475 1538/1670/1476
f 1538/1670/1476 1549/1671/1477 1537/1658/1465 1526/1657/1464
f 1527/1656/1463 1528/1659/1466 1540/1672/1478 1539/1669/1475
f 1528/1659/1466 1529/1660/1467 1541/1673/1479 1540/1672/1478
f 1529/1660/1467 1530/1661/1468 1542/1674/1480 1541/1673/1479
f 1530/1661/1468 1531/1662/1469 1543/1675/1481 1542/1674/1480
f 1531/1662/1469 1532/1663/1470 1544/1676/1482 1543/1675/1481
f 1532/1663/1470 1533/1664/1471 1545/1677/1483 1544/1676/1482
f 1533/1664/1471 1534/1665/1472 1546/1678/1484 1545/1677/1483
f 1534/1665/1472 1535/1666/1473 1547/1679/1485 1546/1678/1484
f 1535/1668/1473 1536/1667/1474 1548/1680/1486 1547/1681/1485
f 1536/1667/1474 1537/1658/1465 1549/1671/1477 1548/1680/1486
f 1538/1670/1476 1539/1669/1475 1551/1682/1487 1550/1683/1488
f 1550/1683/1488 1561/1684/1489 1549/1671/1477 1538/1670/1476
f 1539/1669/1475 1540/1672/1478 1552/1685/1490 1551/1682/1487
f 1540/1672/1478 1541/1673/1479 1553/1686/1491 1552/1685/1490
f 1541/1673/1479 1542/1674/1480 1554/1687/1492 1553/1686/1491
f 1542/1674/1480 1543/1675/1481 1555/1688/1493 1554/1687/1492
f 1543/1675/1481 1544/1676/1482 1556/1689/1494 1555/1688/1493
f 1544/1676/1482 1545/1677/1483 1557/1690/1495 1556/1689/1494
f 1545/1677/1483 1546/1678/1484 1558/1691/1496 1557/1690/1495
f 1546/1678/1484 1547/1679/1485 1559/1692/1497 1558/1691/1496
f 1547/1681/1485 1548/1680/1486 1560/1693/1498 1559/1694/1497
f 1548/1680/1486 1549/1671/1477 1561/1684/1489 1560/1693/1498
f 1550/1683/1488 1551/1682/1487 1563/1695/1499 1562/1696/1500
f 1562/1696/1500 1573/1697/1501 1561/1684/1489 1550/1683/1488
f 1551/1682/1487 1552/1685/1490 1564/1698/1502 1563/1695/1499
f 1552/1685/1490 1553/1686/1491 1565/1699/1503 1564/1698/1502
f 1553/1686/1491 1554/1687/1492 1566/1700/1504 1565/1699/1503
f 1554/1687/1492 1555/1688/1493 1567/1701/1505 1566/1700/1504
f 1555/1688/1493 1556/1689/1494 1568/1702/1506 1567/1701/1505
f 1556/1689/1494 1557/1690/1495 1569/1703/1507 1568/1702/1506
f 1557/1690/1495 1558/1691/1496 1570/1704/1508 1569/1703/1507
f 1558/1691/1496 1559/1692/1497 1571/1705/1509 1570/1704/1508
f 1559/1694/1497 1560/1693/1498 1572/1706/1510 1571/1707/1509
f 1560/1693/1498 1561/1684/1489 1573/1697/1501 1572/1706/1510
f 1562/1696/1500 1563/1695/1499 1575/1708/1511 1574/1709/1512
f 1574/1709/1512 1585/1710/1513 1573/1697/1501 1562/1696/1500
f 1563/1695/1499 1564/1698/1502 1576/1711/1514 1575/1708/1511
f 1564/1698/1502 1565/1699/1503 1577/1712/1515 1576/1711/1514
f 1565/1699/1503 1566/1700/1504 1578/1713/1516 1577/1712/1515
f 1566/1700/1504 1567/1701/1505 1579/1714/1517 1578/1713/1516
f 1567/1701/1505 1568/1702/1506 1580/1715/1518 1579/1714/1517
f 1568/1702/1506 1569/1703/1507 1581/1716/1519 1580/1715/1518
f 1569/1703/1507 1570/1704/1508 1582/1717/1520 1581/1716/1519
f 1570/1704/1508 1571/1705/1509 1583/1718/1521 1582/1717/1520
f 1571/1707/1509 1572/1706/1510 1584/1719/1522 1583/1720/1521
f 1572/1706/1510 1573/1697/1501 1585/1710/1513 1584/1719/1522
f 1574/1709/1512 1575/1708/1511 1587/1721/1523 1586/1722/1524
f 1586/1722/1524 1597/1723/1525 1585/1710/1513 1574/1709/1512
f 1575/1708/1511 1576/1711/1514 1588/1724/1526 1587/1721/1523
f 1576/1711/1514 1577/1712/1515 1589/1725/1527 1588/1724/1526
f 1577/1712/1515 1578/1713/1516 1590/1726/1528 1589/1725/1527
f 1578/1713/1516 1579/1714/1517 1591/1727/1529 1590/1726/1528
f 1579/1714/1517 1580/1715/1518 1592/1728/1530 1591/1727/1529
f 1580/1715/1518 1581/1716/1519 1593/1729/1531 1592/1728/1530
f 1581/1716/1519 1582/1717/1520 1594/1730/1532 1593/1729/1531
f 1582/1717/1520 1583/1718/1521 1595/1731/1533 1594/1730/1532
f 1583/1720/1521 1584/1719/1522 1596/1732/1534 1595/1733/1533
f 1584/1719/1522 1585/1710/1513 1597/1723/1525 1596/1732/1534
f 1586/1722/1524 1587/1721/1523 1599/1734/1535 1598/1735/1536
f 1598/1735/1536 1609/1736/1537 1597/1723/1525 1586/1722/1524
f 1587/1721/1523 1588/1724/1526 1600/1737/1538 1599/1734/1535
f 1588/1724/1526 1589/1725/1527 1601/1738/1539 1600/1737/1538
f 1589/1725/1527 1590/1726/1528 1602/1739/1540 1601/1738/1539
f 1590/1726/1528 1591/1727/1529 1603/1740/1541 1602/1739/1540
f 1591/1727/1529 1592/1728/1530 1604/1741/1542 1603/1740/1541
f 1592/1728/1530 1593/1729/1531 1605/1742/1543 1604/1741/1542
f 1593/1729/1531 1594/1730/1532 1606/1743/1544 1605/1742/1543
f 1594/1730/1532 1595/1731/1533 1607/1744/1545 1606/1743/1544
f 1595/1733/1533 1596/1732/1534 1608/1745/1546 1607/1746/1545
f 1596/1732/1534 1597/1723/1525 1609/1736/1537 1608/1745/1546
f 695/1747/902 692/630/612 766/629/611 765/1748/1547
f 696/1749/909 695/1747/902 765/1748/1547
f 696/1750/909 765/1751/1547 1501/1752/1548 1500/1753/1549
f 1500/1753/1549 1501/1752/1548 1513/1635/1444 1512/1653/1461
f 698/1754/1550 696/1750/909 1500/1753/1549 1499/1755/1551
f 1499/1755/1551 1500/1753/1549 1512/1653/1461 1511/1652/1459
f 1498/1756/1552 1499/1757/1551 1511/1650/1459 1510/1648/1457
f 698/1758/1550 697/1009/911 985/1005/908 696/1007/909
f 699/1759/1553 700/1010/912 697/1009/911 698/1758/1550
f 699/1760/1553 698/1761/1550 1499/1757/1551 1498/1756/1552
f 702/1762/1554 701/660/642 700/1010/912 699/1759/1553
f 702/1763/1554 699/1760/1553 1498/1756/1552 1497/1764/1555
f 1497/1764/1555 1498/1756/1552 1510/1648/1457 1509/1646/1455
f 704/642/624 701/660/642 702/1762/1554 703/1765/1556
f 703/1766/1556 702/1763/1554 1497/1764/1555 1496/1767/1557
f 1496/1767/1557 1497/1764/1555 1509/1646/1455 1508/1644/1453
f 720/1768/1558 703/1766/1556 1496/1767/1557 1495/1769/1559
f 1495/1769/1559 1496/1767/1557 1508/1644/1453 1507/1642/1451
f 754/615/597 753/610/592 759/612/594 758/1770/1560
f 757/616/598 754/615/597 758/1770/1560
f 721/643/625 704/642/624 703/1765/1556 720/1771/1558
f 758/1770/1560 759/612/594 721/643/625 720/1771/1558
f 1494/1772/1561 1493/1773/1562 758/1774/1560 720/1768/1558
f 720/1768/1558 1495/1769/1559 1494/1772/1561
f 1506/1640/1449 1505/1638/1447 1493/1773/1562 1494/1772/1561
f 1494/1772/1561 1495/1769/1559 1507/1642/1451 1506/1640/1449
f 767/635/617 757/616/598 758/1770/1560 762/1775/1563
f 762/1776/1563 758/1774/1560 1493/1773/1562 1492/1777/1564
f 1492/1777/1564 1493/1773/1562 1505/1638/1447 1504/1636/1445
f 763/1778/1565 762/1776/1563 1492/1777/1564 1491/1779/1566
f 1491/1779/1566 1492/1777/1564 1504/1636/1445 1503/1631/1440
f 768/637/619 767/635/617 762/1775/1563 763/1780/1565
f 764/1781/1567 765/1748/1547 766/629/611 769/638/620
f 1490/1782/1568 1491/1779/1566 1503/1631/1440 1502/1630/1439
f 780/640/622 768/637/619 763/1780/1565 781/1783/1569
f 781/1784/1569 763/1778/1565 1491/1779/1566 1490/1782/1568
f 764/1781/1567 769/638/620 780/640/622 781/1783/1569
f 1490/1782/1568 764/1785/1567 781/1784/1569
f 1502/1630/1439 1513/1635/1444 1501/1752/1548 1490/1782/1568
f 1490/1782/1568 1501/1752/1548 765/1751/1547 764/1785/1567
f 437/1786/1570 436/438/426 445/270/260 446/268/258
f 458/1787/1571 448/1788/1572 441/272/262 459/273/263
f 449/1789/1573 458/1787/1571 459/273/263 460/306/296
f 541/1790/1574 542/348/338 461/347/337 450/1791/1575
f 541/1790/1574 449/1789/1573 460/306/296 542/348/338
f 465/1792/1576 450/1791/1575 461/347/337 462/423/411
f 596/1793/1577 595/435/423 463/424/412 451/425/413
f 468/1794/1578 597/1795/1579 598/1427/1271 510/509/493
f 467/1796/1580 468/1794/1578 510/509/493 507/506/490
f 506/443/429 436/438/426 437/1786/1570 466/1797/1581
f 467/1796/1580 507/506/490 544/500/485 543/1798/1582
f 1615/1799/1583 541/1790/1574 450/1791/1575 1616/1800/1584
f 1620/1801/1585 1615/1799/1583 1616/1800/1584 1619/1802/1586
f 1620/1801/1585 1619/1802/1586 467/1796/1580 543/1798/1582
f 466/1797/1581 543/1798/1582 544/500/485 506/443/429
f 1614/1803/1587 1613/1804/1588 458/1787/1571 449/1789/1573
f 1614/1803/1587 449/1789/1573 541/1790/1574 1615/1799/1583
f 1621/1805/1589 466/1797/1581 437/1786/1570 1610/1806/1590
f 1610/1806/1590 1613/1804/1588 1614/1803/1587 1621/1805/1589
f 1620/1801/1585 543/1798/1582 466/1797/1581 1621/1805/1589
f 1614/1803/1587 1615/1799/1583 1620/1801/1585 1621/1805/1589
f 447/1807/1591 437/1786/1570 446/268/258 440/269/259
f 1611/1808/1592 1610/1806/1590 437/1786/1570 447/1807/1591
f 448/1788/1572 458/1787/1571 1613/1804/1588 1612/1809/1593
f 448/1788/1572 447/1807/1591 440/269/259 441/272/262
f 1612/1809/1593 1611/1808/1592 447/1807/1591 448/1788/1572
f 1613/1804/1588 1610/1806/1590 1611/1808/1592 1612/1809/1593
f 597/1795/1579 468/1794/1578 1618/1810/1594
f 469/427/415 511/552/534 598/1427/1271 597/1795/1579
f 1618/1810/1594 468/1794/1578 467/1796/1580 1619/1802/1586
f 596/1793/1577 465/1792/1576 462/423/411 595/435/423
f 1617/1811/1595 465/1792/1576 596/1793/1577
f 451/425/413 469/427/415 597/1795/1579 596/1793/1577
f 596/1793/1577 597/1795/1579 1618/1810/1594 1617/1811/1595
f 1616/1800/1584 450/1791/1575 465/1792/1576 1617/1811/1595
f 1618/1810/1594 1619/1802/1586 1616/1800/1584 1617/1811/1595
f 1263/1328/1190 1264/1316/1179 1278/1812/1596 1277/1813/1597
f 1265/1814/1598 1278/1812/1596 1264/1316/1179 1251/1315/1178
f 1262/1327/1189 1263/1328/1190 1277/1813/1597 1276/1815/1599
f 1277/1813/1597 1278/1812/1596 1622/1816/1600 1623/1817/1601
f 1271/1818/1602 1270/1819/1603 1256/1320/1183 1257/1321/1184
f 1272/1820/1604 1271/1821/1602 1257/1323/1184 1258/1322/1185
f 1255/1319/1182 1256/1320/1183 1270/1819/1603 1269/1822/1605
f 1628/1823/1606 1629/1824/1607 1270/1819/1603 1271/1818/1602
f 1642/1825/1608 1643/1826/1609 1651/1827/1610 1650/1828/1611
f 1650/1828/1611 1657/1829/1612 1649/1830/1613 1642/1825/1608
f 1643/1831/1609 1644/1832/1614 1652/1833/1615 1651/1834/1610
f 1644/1832/1614 1645/1835/1616 1653/1836/1617 1652/1833/1615
f 1645/1835/1616 1646/1837/1618 1654/1838/1619 1653/1836/1617
f 1646/1837/1618 1647/1839/1620 1655/1840/1621 1654/1838/1619
f 1647/1839/1620 1648/1841/1622 1656/1842/1623 1655/1840/1621
f 1648/1841/1622 1649/1830/1613 1657/1829/1612 1656/1842/1623
f 1650/1828/1611 1651/1827/1610 1659/1843/1624 1658/1844/1625
f 1658/1844/1625 1665/1845/1626 1657/1829/1612 1650/1828/1611
f 1651/1834/1610 1652/1833/1615 1660/1846/1627 1659/1847/1624
f 1652/1833/1615 1653/1836/1617 1661/1848/1628 1660/1846/1627
f 1653/1836/1617 1654/1838/1619 1662/1849/1629 1661/1848/1628
f 1654/1838/1619 1655/1840/1621 1663/1850/1630 1662/1849/1629
f 1655/1840/1621 1656/1842/1623 1664/1851/1631 1663/1850/1630
f 1656/1842/1623 1657/1829/1612 1665/1845/1626 1664/1851/1631
f 1658/1844/1625 1659/1843/1624 1667/1852/1632 1666/1853/1633
f 1666/1853/1633 1673/1854/1634 1665/1845/1626 1658/1844/1625
f 1659/1847/1624 1660/1846/1627 1668/1855/1635 1667/1856/1632
f 1660/1846/1627 1661/1848/1628 1669/1857/1636 1668/1855/1635
f 1661/1848/1628 1662/1849/1629 1670/1858/1637 1669/1857/1636
f 1662/1849/1629 1663/1850/1630 1671/1859/1638 1670/1858/1637
f 1663/1850/1630 1664/1851/1631 1672/1860/1639 1671/1859/1638
f 1664/1851/1631 1665/1845/1626 1673/1854/1634 1672/1860/1639
f 1666/1853/1633 1667/1852/1632 1675/1861/1640 1674/1862/1641
f 1674/1862/1641 1681/1863/1642 1673/1854/1634 1666/1853/1633
f 1667/1856/1632 1668/1855/1635 1676/1864/1643 1675/1865/1640
f 1668/1855/1635 1669/1857/1636 1677/1866/1644 1676/1864/1643
f 1669/1857/1636 1670/1858/1637 1678/1867/1645 1677/1866/1644
f 1670/1858/1637 1671/1859/1638 1679/1868/1646 1678/1867/1645
f 1671/1859/1638 1672/1860/1639 1680/1869/1647 1679/1868/1646
f 1672/1860/1639 1673/1854/1634 1681/1863/1642 1680/1869/1647
f 1269/1822/1605 1270/1819/1603 1629/1824/1607
f 1269/1822/1605 1629/1824/1607 1634/1870/1648 1641/1871/1649
f 1641/1871/1649 1634/1870/1648 1642/1825/1608 1649/1830/1613
f 1254/1318/1181 1255/1319/1182 1269/1822/1605 1268/1872/1650
f 1268/1872/1650 1269/1822/1605 1641/1871/1649 1640/1873/1651
f 1640/1873/1651 1641/1871/1649 1649/1830/1613 1648/1841/1622
f 1629/1824/1607 1628/1823/1606 1632/1874/1652 1631/1875/1653
f 1635/1876/1654 1634/1870/1648 1629/1824/1607 1631/1875/1653
f 1643/1826/1609 1642/1825/1608 1634/1870/1648 1635/1876/1654
f 1631/1877/1653 1632/1878/1652 1625/1879/1655 1627/1880/1656
f 1636/1881/1657 1635/1882/1654 1631/1877/1653 1627/1880/1656
f 1644/1832/1614 1643/1831/1609 1635/1882/1654 1636/1881/1657
f 1626/1883/1658 1627/1880/1656 1625/1879/1655 1622/1816/1600
f 1637/1884/1659 1636/1881/1657 1627/1880/1656 1626/1883/1658
f 1626/1883/1658 1622/1816/1600 1278/1812/1596 1265/1814/1598
f 1645/1835/1616 1644/1832/1614 1636/1881/1657 1637/1884/1659
f 1266/1885/1660 1265/1814/1598 1251/1315/1178 1252/1314/1177
f 1626/1883/1658 1265/1814/1598 1266/1885/1660
f 1638/1886/1661 1637/1884/1659 1626/1883/1658 1266/1885/1660
f 1646/1837/1618 1645/1835/1616 1637/1884/1659 1638/1886/1661
f 1253/1317/1180 1254/1318/1181 1268/1872/1650 1267/1887/1662
f 1267/1887/1662 1266/1885/1660 1252/1314/1177 1253/1317/1180
f 1639/1888/1663 1638/1886/1661 1266/1885/1660 1267/1887/1662
f 1267/1887/1662 1268/1872/1650 1640/1873/1651 1639/1888/1663
f 1647/1839/1620 1646/1837/1618 1638/1886/1661 1639/1888/1663
f 1639/1888/1663 1640/1873/1651 1648/1841/1622 1647/1839/1620
f 1347/1491/1325 1336/1490/1324 1335/1489/1323 1348/1889/1664
f 1389/1890/1665 1390/1497/1331 1347/1491/1325 1348/1889/1664
f 1392/1891/1666 1391/1495/1329 1390/1497/1331 1389/1890/1665
f 1394/1496/1330 1391/1495/1329 1392/1891/1666 1393/1892/1667
f 1396/1893/1668 1395/1499/1333 1394/1496/1330 1393/1892/1667
f 1398/1502/1336 1395/1499/1333 1396/1893/1668 1397/1894/1669
f 1400/1895/1670 1399/1505/1338 1398/1502/1336 1397/1894/1669
f 1402/1506/1339 1399/1507/1338 1400/1896/1670 1401/1897/1671
f 1404/1898/1672 1403/1509/1341 1402/1506/1339 1401/1897/1671
f 1406/1511/1343 1403/1509/1341 1404/1898/1672 1405/1899/1673
f 1408/1900/1674 1407/1513/1345 1406/1511/1343 1405/1899/1673
f 1345/1517/1349 1344/1516/1348 1407/1513/1345 1408/1900/1674
f 1346/1901/1675 1342/1475/1311 1341/1474/1310 1345/1517/1349
f 1348/1889/1664 1335/1489/1323 1343/1488/1321 1683/1902/1676
f 1346/1901/1675 1345/1517/1349 1408/1900/1674 1684/1903/1677
f 1705/1904/1678 1706/1905/1679 1717/1906/1680 1716/1907/1681
f 1716/1907/1681 1726/1908/1682 1715/1909/1683 1705/1904/1678
f 1706/1905/1679 1707/1910/1684 1718/1911/1685 1717/1906/1680
f 1707/1910/1684 1708/1912/1686 1719/1913/1687 1718/1911/1685
f 1708/1914/1686 1709/1915/1688 1720/1916/1689 1719/1917/1687
f 1709/1915/1688 1710/1918/1690 1721/1919/1691 1720/1916/1689
f 1710/1918/1690 1711/1920/1692 1722/1921/1693 1721/1919/1691
f 1711/1920/1692 1712/1922/1694 1723/1923/1695 1722/1921/1693
f 1712/1922/1694 1713/1924/1696 1724/1925/1697 1723/1923/1695
f 1713/1924/1696 1714/1926/1698 1725/1927/1699 1724/1925/1697
f 1714/1928/1698 1715/1909/1683 1726/1908/1682 1725/1929/1699
f 1716/1907/1681 1717/1906/1680 1728/1930/1700 1727/1931/1701
f 1727/1931/1701 1737/1932/1702 1726/1908/1682 1716/1907/1681
f 1717/1906/1680 1718/1911/1685 1729/1933/1703 1728/1930/1700
f 1718/1911/1685 1719/1913/1687 1730/1934/1704 1729/1933/1703
f 1719/1917/1687 1720/1916/1689 1731/1935/1705 1730/1936/1704
f 1720/1916/1689 1721/1919/1691 1732/1937/1706 1731/1935/1705
f 1721/1919/1691 1722/1921/1693 1733/1938/1707 1732/1937/1706
f 1722/1921/1693 1723/1923/1695 1734/1939/1708 1733/1938/1707
f 1723/1923/1695 1724/1925/1697 1735/1940/1709 1734/1939/1708
f 1724/1925/1697 1725/1927/1699 1736/1941/1710 1735/1940/1709
f 1725/1929/1699 1726/1908/1682 1737/1932/1702 1736/1942/1710
f 1694/1943/1711 1704/1944/1712 1684/1903/1677 1685/1945/1713
f 1705/1904/1678 1715/1909/1683 1704/1944/1712 1694/1943/1711
f 1685/1945/1713 1684/1903/1677 1408/1900/1674 1405/1899/1673
f 1686/1946/1714 1685/1945/1713 1405/1899/1673 1404/1898/1672
f 1695/1947/1715 1694/1943/1711 1685/1945/1713 1686/1946/1714
f 1706/1905/1679 1705/1904/1678 1694/1943/1711 1695/1947/1715
f 1687/1948/1716 1686/1946/1714 1404/1898/1672 1401/1897/1671
f 1696/1949/1717 1695/1947/1715 1686/1946/1714 1687/1948/1716
f 1707/1910/1684 1706/1905/1679 1695/1947/1715 1696/1949/1717
f 1688/1950/1718 1687/1948/1716 1401/1897/1671 1400/1896/1670
f 1697/1951/1719 1696/1949/1717 1687/1948/1716 1688/1950/1718
f 1708/1912/1686 1707/1910/1684 1696/1949/1717 1697/1951/1719
f 1688/1952/1718 1400/1895/1670 1397/1894/1669 1689/1953/1720
f 1397/1894/1669 1396/1893/1668 1690/1954/1721 1689/1953/1720
f 1698/1955/1722 1697/1956/1719 1688/1952/1718 1689/1953/1720
f 1709/1915/1688 1708/1914/1686 1697/1956/1719 1698/1955/1722
f 1691/1957/1723 1690/1954/1721 1396/1893/1668 1393/1892/1667
f 1699/1958/1724 1690/1954/1721 1691/1957/1723
f 1710/1918/1690 1709/1915/1688 1698/1955/1722 1699/1958/1724
f 1699/1958/1724 1698/1955/1722 1689/1953/1720 1690/1954/1721
f 1692/1959/1725 1691/1957/1723 1393/1892/1667 1392/1891/1666
f 1700/1960/1726 1699/1958/1724 1691/1957/1723 1692/1959/1725
f 1711/1920/1692 1710/1918/1690 1699/1958/1724 1700/1960/1726
f 1693/1961/1727 1692/1959/1725 1392/1891/1666 1389/1890/1665
f 1701/1962/1728 1700/1960/1726 1692/1959/1725 1693/1961/1727
f 1712/1922/1694 1711/1920/1692 1700/1960/1726 1701/1962/1728
f 1682/1963/1729 1693/1961/1727 1389/1890/1665 1348/1889/1664
f 1702/1964/1730 1701/1962/1728 1693/1961/1727 1682/1963/1729
f 1713/1924/1696 1712/1922/1694 1701/1962/1728 1702/1964/1730
f 1343/1485/1321 1342/1475/1311 1346/1901/1675 1683/1965/1676
f 1683/1965/1676 1346/1901/1675 1684/1903/1677
f 1682/1963/1729 1348/1889/1664 1683/1902/1676
f 1703/1966/1731 1702/1964/1730 1682/1963/1729 1683/1902/1676
f 1683/1965/1676 1684/1903/1677 1704/1944/1712 1703/1967/1731
f 1714/1926/1698 1713/1924/1696 1702/1964/1730 1703/1966/1731
f 1703/1967/1731 1704/1944/1712 1715/1909/1683 1714/1928/1698
f 1735/1940/1709 1736/1941/1710 1747/1968/1732 1746/1969/1733
f 1742/1970/1734 1741/1971/1735 1730/1936/1704 1731/1935/1705
f 1729/1933/1703 1730/1934/1704 1741/1972/1735 1740/1973/1736
f 1748/1974/1737 1747/1975/1732 1736/1942/1710 1737/1932/1702
f 1734/1939/1708 1735/1940/1709 1746/1969/1733 1745/1976/1738
f 1733/1938/1707 1734/1939/1708 1745/1976/1738 1744/1977/1739
f 1746/1969/1733 1747/1968/1732 1749/1978/1740 1752/1979/1741
f 1759/1980/1742 1749/1981/1740 1747/1975/1732 1748/1974/1737
f 1738/1982/1743 1748/1974/1737 1737/1932/1702 1727/1931/1701
f 1739/1983/1744 1738/1982/1743 1727/1931/1701 1728/1930/1700
f 1728/1930/1700 1729/1933/1703 1740/1973/1736 1739/1983/1744
f 1758/1984/1745 1757/1985/1746 1741/1971/1735 1742/1970/1734
f 1743/1986/1747 1742/1970/1734 1731/1935/1705 1732/1937/1706
f 1732/1937/1706 1733/1938/1707 1744/1977/1739 1743/1986/1747
f 1763/1987/1748 1759/1980/1742 1748/1974/1737 1738/1982/1743
f 1774/1988/1749 1775/1989/1750 1781/1990/1751 1780/1991/1752
f 1780/1991/1752 1785/1992/1753 1779/1993/1754 1774/1988/1749
f 1775/1994/1750 1776/1995/1755 1782/1996/1756 1781/1997/1751
f 1776/1995/1755 1777/1998/1757 1783/1999/1758 1782/1996/1756
f 1777/1998/1757 1778/2000/1759 1784/2001/1760 1783/1999/1758
f 1778/2000/1759 1779/1993/1754 1785/1992/1753 1784/2001/1760
f 1780/1991/1752 1781/1990/1751 1787/2002/1761 1786/2003/1762
f 1786/2003/1762 1791/2004/1763 1785/1992/1753 1780/1991/1752
f 1781/1997/1751 1782/1996/1756 1788/2005/1764 1787/2006/1761
f 1782/1996/1756 1783/1999/1758 1789/2007/1765 1788/2005/1764
f 1783/1999/1758 1784/2001/1760 1790/2008/1766 1789/2007/1765
f 1784/2001/1760 1785/1992/1753 1791/2004/1763 1790/2008/1766
f 1786/2003/1762 1787/2002/1761 1792/2009/1767
f 1792/2009/1767 1791/2004/1763 1786/2003/1762
f 1787/2006/1761 1788/2005/1764 1792/2010/1767
f 1788/2005/1764 1789/2007/1765 1792/2010/1767
f 1789/2007/1765 1790/2008/1766 1792/2010/1767
f 1790/2008/1766 1791/2004/1763 1792/2009/1767
f 1766/2011/1768 1745/1976/1738 1746/1969/1733 1752/1979/1741
f 1752/1979/1741 1749/1978/1740 1750/2012/1769 1751/2013/1770
f 1766/2011/1768 1752/1979/1741 1751/2013/1770
f 1768/2014/1771 1773/2015/1772 1766/2011/1768 1751/2013/1770
f 1774/1988/1749 1779/1993/1754 1773/2015/1772 1768/2014/1771
f 1751/2013/1770 1750/2012/1769 1753/2016/1773 1754/2017/1774
f 1769/2018/1775 1768/2014/1771 1751/2013/1770 1754/2017/1774
f 1775/1989/1750 1774/1988/1749 1768/2014/1771 1769/2018/1775
f 1770/2019/1776 1769/2020/1775 1754/2021/1774 1756/2022/1777
f 1776/1995/1755 1775/1994/1750 1769/2020/1775 1770/2019/1776
f 1744/1977/1739 1745/1976/1738 1766/2011/1768 1765/2023/1778
f 1765/2023/1778 1766/2011/1768 1773/2015/1772 1772/2024/1779
f 1772/2024/1779 1773/2015/1772 1779/1993/1754 1778/2000/1759
f 1756/2022/1777 1758/1984/1745 1767/2025/1780
f 1767/2025/1780 1758/1984/1745 1742/1970/1734 1743/1986/1747
f 1743/1986/1747 1744/1977/1739 1765/2023/1778 1767/2025/1780
f 1767/2025/1780 1765/2023/1778 1772/2024/1779 1771/2026/1781
f 1771/2026/1781 1770/2019/1776 1756/2022/1777 1767/2025/1780
f 1777/1998/1757 1776/1995/1755 1770/2019/1776 1771/2026/1781
f 1771/2026/1781 1772/2024/1779 1778/2000/1759 1777/1998/1757
f 1799/2027/1782 1800/2028/1783 1806/2029/1784 1805/2030/1785
f 1805/2030/1785 1810/2031/1786 1804/2032/1787 1799/2027/1782
f 1800/2028/1783 1801/2033/1788 1807/2034/1789 1806/2029/1784
f 1801/2033/1788 1802/2035/1790 1808/2036/1791 1807/2034/1789
f 1802/2035/1790 1803/2037/1792 1809/2038/1793 1808/2036/1791
f 1803/2039/1792 1804/2032/1787 1810/2031/1786 1809/2040/1793
f 1805/2030/1785 1806/2029/1784 1812/2041/1794 1811/2042/1795
f 1811/2042/1795 1816/2043/1796 1810/2031/1786 1805/2030/1785
f 1806/2029/1784 1807/2034/1789 1813/2044/1797 1812/2041/1794
f 1807/2034/1789 1808/2036/1791 1814/2045/1798 1813/2044/1797
f 1808/2036/1791 1809/2038/1793 1815/2046/1799 1814/2045/1798
f 1809/2040/1793 1810/2031/1786 1816/2043/1796 1815/2047/1799
f 1811/2042/1795 1812/2041/1794 1818/2048/1800 1817/2049/1801
f 1817/2049/1801 1822/2050/1802 1816/2043/1796 1811/2042/1795
f 1812/2041/1794 1813/2044/1797 1819/2051/1803 1818/2048/1800
f 1813/2044/1797 1814/2045/1798 1820/2052/1804 1819/2051/1803
f 1814/2045/1798 1815/2046/1799 1821/2053/1805 1820/2052/1804
f 1815/2047/1799 1816/2043/1796 1822/2050/1802 1821/2054/1805
f 1750/2055/1769 1749/1981/1740 1759/1980/1742 1760/2056/1806
f 1760/2056/1806 1759/1980/1742 1763/1987/1748
f 1760/2056/1806 1763/1987/1748 1793/2057/1807 1798/2058/1808
f 1798/2058/1808 1793/2057/1807 1799/2027/1782 1804/2032/1787
f 1800/2028/1783 1799/2027/1782 1793/2057/1807 1794/2059/1809
f 1756/2022/1777 1754/2021/1774 1753/2060/1773 1755/2061/1810
f 1794/2059/1809 1793/2057/1807 1763/1987/1748 1764/2062/1811
f 1764/2062/1811 1763/1987/1748 1738/1982/1743 1739/1983/1744
f 1764/2062/1811 1739/1983/1744 1740/1973/1736 1762/2063/1812
f 1757/1985/1746 1758/1984/1745 1756/2022/1777 1755/2061/1810
f 1753/2064/1773 1750/2055/1769 1760/2056/1806 1761/2065/1813
f 1761/2065/1813 1760/2056/1806 1798/2058/1808 1797/2066/1814
f 1797/2066/1814 1798/2058/1808 1804/2032/1787 1803/2039/1792
f 1796/2067/1815 1797/2068/1814 1803/2037/1792 1802/2035/1790
f 1823/2069/1816 1761/2070/1813 1797/2068/1814 1796/2067/1815
f 1823/2069/1816 1755/2071/1810 1753/2072/1773 1761/2070/1813
f 1762/2063/1812 1757/2073/1746 1755/2071/1810 1823/2069/1816
f 1740/1973/1736 1741/1972/1735 1757/2073/1746 1762/2063/1812
f 1795/2074/1817 1794/2059/1809 1764/2062/1811 1762/2063/1812
f 1762/2063/1812 1823/2069/1816 1796/2067/1815 1795/2074/1817
f 1801/2033/1788 1800/2028/1783 1794/2059/1809 1795/2074/1817
f 1795/2074/1817 1796/2067/1815 1802/2035/1790 1801/2033/1788
f 1832/2075/1818 1833/2076/1819 1841/2077/1820 1840/2078/1821
f 1840/2078/1821 1847/2079/1822 1839/2080/1823 1832/2075/1818
f 1833/2076/1819 1834/2081/1824 1842/2082/1825 1841/2077/1820
f 1834/2081/1824 1835/2083/1826 1843/2084/1827 1842/2082/1825
f 1835/2083/1826 1836/2085/1828 1844/2086/1829 1843/2084/1827
f 1836/2085/1828 1837/2087/1830 1845/2088/1831 1844/2086/1829
f 1837/2087/1830 1838/2089/1832 1846/2090/1833 1845/2088/1831
f 1838/2091/1832 1839/2080/1823 1847/2079/1822 1846/2092/1833
f 1840/2078/1821 1841/2077/1820 1849/2093/1834 1848/2094/1835
f 1848/2094/1835 1855/2095/1836 1847/2079/1822 1840/2078/1821
f 1841/2077/1820 1842/2082/1825 1850/2096/1837 1849/2093/1834
f 1842/2082/1825 1843/2084/1827 1851/2097/1838 1850/2096/1837
f 1843/2084/1827 1844/2086/1829 1852/2098/1839 1851/2097/1838
f 1844/2086/1829 1845/2088/1831 1853/2099/1840 1852/2098/1839
f 1845/2088/1831 1846/2090/1833 1854/2100/1841 1853/2099/1840
f 1846/2092/1833 1847/2079/1822 1855/2095/1836 1854/2101/1841
f 1628/2102/1606 1271/1821/1602 1272/1820/1604 1630/2103/1842
f 1633/2104/1843 1632/2105/1652 1628/2102/1606 1630/2103/1842
f 1633/2104/1843 1630/2103/1842 1831/2106/1844 1830/2107/1845
f 1830/2107/1845 1831/2106/1844 1839/2080/1823 1838/2091/1832
f 1624/2108/1846 1625/1879/1655 1632/1878/1652 1633/2109/1843
f 1624/2108/1846 1633/2109/1843 1830/2110/1845 1829/2111/1847
f 1829/2111/1847 1830/2110/1845 1838/2089/1832 1837/2087/1830
f 1623/1817/1601 1622/1816/1600 1625/1879/1655 1624/2108/1846
f 1623/1817/1601 1624/2108/1846 1829/2111/1847 1828/2112/1848
f 1828/2112/1848 1829/2111/1847 1837/2087/1830 1836/2085/1828
f 1276/1815/1599 1277/1813/1597 1623/1817/1601
f 1276/1815/1599 1623/1817/1601 1828/2112/1848 1827/2113/1849
f 1827/2113/1849 1828/2112/1848 1836/2085/1828 1835/2083/1826
f 1261/1326/1188 1262/1327/1189 1276/1815/1599 1275/2114/1850
f 1275/2114/1850 1276/1815/1599 1827/2113/1849 1826/2115/1851
f 1826/2115/1851 1827/2113/1849 1835/2083/1826 1834/2081/1824
f 1260/1325/1187 1261/1326/1188 1275/2114/1850 1274/2116/1852
f 1274/2116/1852 1275/2114/1850 1826/2115/1851 1825/2117/1853
f 1825/2117/1853 1826/2115/1851 1834/2081/1824 1833/2076/1819
f 1273/2118/1854 1272/1820/1604 1258/1322/1185 1259/1324/1186
f 1630/2103/1842 1272/1820/1604 1273/2118/1854
f 1259/1324/1186 1260/1325/1187 1274/2116/1852 1273/2118/1854
f 1273/2118/1854 1274/2116/1852 1825/2117/1853 1824/2119/1855
f 1824/2119/1855 1831/2106/1844 1630/2103/1842 1273/2118/1854
f 1824/2119/1855 1825/2117/1853 1833/2076/1819 1832/2075/1818
f 1832/2075/1818 1839/2080/1823 1831/2106/1844 1824/2119/1855
f 1856/2120/1856 1848/2094/1835 1849/2093/1834
f 1856/2120/1856 1849/2093/1834 1850/2096/1837
f 1856/2121/1856 1850/2096/1837 1851/2097/1838
f 1856/2121/1856 1851/2097/1838 1852/2098/1839
f 1856/2121/1856 1852/2098/1839 1853/2099/1840
f 1856/2121/1856 1853/2099/1840 1854/2100/1841
f 1855/2095/1836 1848/2094/1835 1856/2120/1856
f 1856/2120/1856 1854/2101/1841 1855/2095/1836
f 1598/1735/1536 1599/1734/1535 1857/2122/1857 1858/2123/1858
f 1609/1736/1537 1598/1735/1536 1858/2123/1858 1859/2124/1859
f 1599/1734/1535 1600/1737/1538 1860/2125/1860 1857/2122/1857
f 1600/1737/1538 1601/1738/1539 1861/2126/1861 1860/2125/1860
f 1601/1738/1539 1602/1739/1540 1862/2127/1862 1861/2126/1861
f 1602/1739/1540 1603/1740/1541 1863/2128/1863 1862/2127/1862
f 1603/1740/1541 1604/1741/1542 1864/2129/1864 1863/2128/1863
f 1604/1741/1542 1605/1742/1543 1865/2130/1865 1864/2129/1864
f 1605/1742/1543 1606/1743/1544 1866/2131/1866 1865/2130/1865
f 1606/1743/1544 1607/1744/1545 1867/2132/1867 1866/2131/1866
f 1607/1746/1545 1608/1745/1546 1868/2133/1868 1867/2134/1867
f 1608/1745/1546 1609/1736/1537 1859/2124/1859 1868/2133/1868
f 1173/1213/1095 1174/1212/1094 1869/2135/1869
f 1180/1214/1096 1173/1213/1095 1869/2135/1869
f 1174/1212/1094 1175/1215/1097 1869/2135/1869
f 1175/1217/1097 1176/1216/1098 1869/2135/1869
f 1176/1216/1098 1177/1218/1099 1869/2135/1869
f 1177/1218/1099 1178/1219/1100 1869/2135/1869
f 1178/1219/1100 1179/1220/1101 1869/2135/1869
f 1179/1220/1101 1180/1214/1096 1869/2135/1869
f 1674/1862/1641 1675/1861/1640 1870/2136/1870
f 1681/1863/1642 1674/1862/1641 1870/2136/1870
f 1675/1865/1640 1676/1864/1643 1870/2137/1870
f 1676/1864/1643 1677/1866/1644 1870/2137/1870
f 1677/1866/1644 1678/1867/1645 1870/2137/1870
f 1678/1867/1645 1679/1868/1646 1870/2137/1870
f 1679/1868/1646 1680/1869/1647 1870/2136/1870
f 1680/1869/1647 1681/1863/1642 1870/2136/1870
f 1481/1593/1416 1482/1592/1415 1871/2138/1871
f 1482/1592/1415 1483/1595/1418 1871/2138/1871
f 1483/1595/1418 1484/1596/1419 1871/2138/1871
f 1484/1596/1419 1485/1597/1420 1871/2138/1871
f 1485/1597/1420 1486/1598/1421 1871/2138/1871
f 1486/1600/1421 1487/1599/1422 1871/2138/1871
f 1487/1599/1422 1488/1594/1417 1871/2138/1871
f 1488/1594/1417 1481/1593/1416 1871/2138/1871
f 1858/2139/1858 1857/2140/1857 1872/2141/1872
f 1857/2140/1857 1860/2125/1860 1872/2141/1872
f 1860/2125/1860 1861/2126/1861 1872/2141/1872
f 1861/2126/1861 1862/2142/1862 1872/2141/1872
f 1862/2142/1862 1863/2143/1863 1872/2141/1872
f 1863/2143/1863 1864/2144/1864 1872/2141/1872
f 1864/2144/1864 1865/2145/1865 1872/2141/1872
f 1865/2145/1865 1866/2146/1866 1872/2141/1872
f 1866/2146/1866 1867/2147/1867 1872/2141/1872
f 1867/2147/1867 1868/2148/1868 1872/2141/1872
f 1868/2148/1868 1859/2149/1859 1872/2141/1872
f 1859/2149/1859 1858/2139/1858 1872/2141/1872
f 1381/1464/1301 1382/1463/1300 1873/2150/1873
f 1382/1463/1300 1383/1466/1303 1873/2150/1873
f 1383/1468/1303 1384/1467/1304 1873/2150/1873
f 1384/1467/1304 1385/1469/1305 1873/2150/1873
f 1385/1469/1305 1386/1470/1306 1873/2150/1873
f 1386/1470/1306 1387/1471/1307 1873/2150/1873
f 1387/1471/1307 1388/1465/1302 1873/2150/1873
f 1388/1465/1302 1381/1464/1301 1873/2150/1873
f 1817/2151/1801 1818/2152/1800 1874/2153/1874
f 1818/2152/1800 1819/2154/1803 1874/2153/1874
f 1819/2154/1803 1820/2155/1804 1874/2153/1874
f 1820/2155/1804 1821/2054/1805 1874/2153/1874
f 1821/2054/1805 1822/2050/1802 1874/2153/1874
f 1822/2050/1802 1817/2151/1801 1874/2153/1874
f 810/1027/929 811/1022/924 812/1021/923 813/1116/1007
f 815/1618/1431 813/1116/1007 812/1021/923
g default
v 0.502823 2.563669 -1.450546
v 0.474823 2.782150 -1.334838
v 0.247968 2.831692 -1.316048
v 0.185251 2.687443 -1.429579
v 0.389529 2.571648 -1.461732
v 0.381033 2.783263 -1.345441
v 0.866766 2.584768 -1.150819
v 0.602346 2.571300 -1.413587
v 0.572146 2.793868 -1.295501
v 0.735918 2.807353 -1.134034
v 0.768579 2.940327 -0.766871
v 0.781192 2.841550 -1.025951
v 0.924717 2.631089 -1.008367
v 0.776523 2.896512 -0.896390
v 0.919529 2.725610 -0.846057
v 0.906749 2.757089 -0.642720
v 0.845444 2.822065 -0.444589
v 0.714936 2.978427 -0.641055
v 0.616188 3.009816 -0.573301
v 0.712062 2.881160 -0.353747
v 0.530694 2.906538 -0.312815
v 0.504728 3.042387 -0.546370
v 0.326432 3.087681 -0.535767
v 0.246570 2.955491 -0.269705
v 0.025382 2.958130 -0.358698
v 0.164410 3.090032 -0.610383
v 0.051212 3.070425 -0.741292
v -0.156473 2.928821 -0.552028
v -0.234648 2.902178 -0.766520
v 0.001015 3.031698 -0.862316
v -0.015349 2.971698 -1.017181
v -0.260981 2.802644 -1.005168
v -0.154468 2.752875 -1.218628
v 0.051084 2.922648 -1.159107
v 0.162955 2.873686 -1.254355
v 0.048791 2.736300 -1.350138
v 0.510474 2.937249 -1.162486
v 0.398018 2.934484 -1.192433
v 0.329355 2.950644 -1.172423
v 0.226311 2.998253 -1.091347
v 0.188046 3.032889 -1.015259
v 0.198783 3.062395 -0.933069
v 0.221816 3.082785 -0.868892
v 0.284298 3.102359 -0.798121
v 0.376628 3.105929 -0.755665
v 0.471365 3.082736 -0.760801
v 0.531596 3.067308 -0.775790
v 0.589264 3.056086 -0.810845
v 0.615859 3.023542 -0.878306
v 0.618279 3.001352 -0.945971
v 0.622435 2.966187 -1.020648
v 0.596503 2.946770 -1.081162
v 0.283256 2.966099 -1.139719
v 0.452125 2.932318 -1.186257
v 0.424284 3.052132 -0.992509
v 1.707956 3.856108 -1.722185
v 1.806122 4.489392 -1.292762
v 1.210416 4.864840 -1.315355
v 0.940496 4.544388 -1.744782
v 1.404494 4.001432 -1.801953
v 1.549420 4.593949 -1.365273
v 2.564603 3.433105 -0.664418
v 1.973755 3.762008 -1.565188
v 2.068883 4.408807 -1.127844
v 2.441622 4.220749 -0.571386
v 2.447967 4.448527 0.589707
v 2.538487 4.236120 -0.216008
v 2.688860 3.458846 -0.196229
v 2.504287 4.357080 0.190180
v 2.677583 3.685528 0.324630
v 2.545123 3.719182 0.934713
v 2.317762 3.904101 1.523119
v 2.258373 4.571908 0.955377
v 1.971531 4.743081 1.126225
v 1.950075 4.184884 1.759506
v 1.440431 4.433753 1.811584
v 1.676809 4.945541 1.171223
v 1.218694 5.260894 1.144047
v 0.666404 4.858298 1.835216
v 0.102823 5.127783 1.474964
v 0.812506 5.462896 0.852466
v 0.555575 5.569383 0.406060
v -0.318493 5.299261 0.809017
v -0.430055 5.378416 0.127749
v 0.448015 5.550366 0.008155
v 0.433501 5.445422 -0.484517
v -0.463763 5.196954 -0.635180
v -0.081100 5.015452 -1.241912
v 0.657070 5.282150 -0.897149
v 0.978600 5.055237 -1.151499
v 0.559716 4.802199 -1.548152
v 1.973737 4.849017 -0.696437
v 1.672458 4.968430 -0.836219
v 1.484148 5.080394 -0.800167
v 1.195239 5.299197 -0.584428
v 1.077551 5.414124 -0.360585
v 1.088346 5.460781 -0.099270
v 1.135084 5.474160 0.110072
v 1.288000 5.441770 0.356070
v 1.525194 5.341187 0.524277
v 1.769300 5.176030 0.540591
v 1.931360 5.073198 0.515974
v 2.104152 4.992625 0.432791
v 2.185668 4.892929 0.230234
v 2.211016 4.849022 0.021060
v 2.230832 4.767483 -0.213999
v 2.174636 4.758683 -0.413354
v 1.350466 5.162288 -0.716865
v 1.818746 4.903586 -0.794909
v 1.752222 5.217312 -0.179595
v -1.959690 3.373369 1.785889
v -1.596210 3.592149 1.853179
v -1.372518 3.452830 2.214993
v -1.614949 3.257739 2.331828
v -1.892892 3.291562 1.976161
v -1.547079 3.517445 2.008555
v -1.722101 3.556653 0.946036
v -1.964626 3.450870 1.601412
v -1.592842 3.672158 1.672331
v -1.440877 3.745607 1.270903
v -0.784190 3.758969 0.945154
v -1.275960 3.773805 1.117034
v -1.502628 3.594068 0.746671
v -1.027077 3.775640 1.032058
v -1.172405 3.633007 0.655338
v -0.818330 3.554147 0.495917
v -0.414165 3.482738 0.437312
v -0.519651 3.696302 0.928590
v -0.320699 3.616677 1.033993
v -0.134214 3.399014 0.590844
v 0.075186 3.253381 0.845822
v -0.176706 3.550048 1.199627
v -0.002814 3.451777 1.492064
v 0.376716 3.049720 1.271594
v 0.391253 2.908782 1.700616
v -0.006789 3.354312 1.815810
v -0.149969 3.299715 2.105687
v 0.189730 2.814804 2.151079
v -0.115315 2.826978 2.464395
v -0.335299 3.267965 2.276938
v -0.613366 3.254566 2.415858
v -0.548248 2.795413 2.675739
v -0.996882 2.936199 2.689341
v -0.920356 3.321909 2.421615
v -1.184895 3.403463 2.311861
v -1.358452 3.163212 2.494810
v -1.233849 3.746421 1.727278
v -1.205250 3.660575 1.927855
v -1.114004 3.612163 2.024093
v -0.879033 3.544234 2.133276
v -0.706476 3.517529 2.139509
v -0.562045 3.523153 2.061154
v -0.461387 3.536645 1.975769
v -0.378269 3.579895 1.822722
v -0.372493 3.642369 1.641383
v -0.463457 3.695540 1.486059
v -0.540361 3.734837 1.398346
v -0.644168 3.788842 1.336847
v -0.793423 3.803524 1.341447
v -0.918598 3.811702 1.389950
v -1.065632 3.807031 1.434483
v -1.157761 3.790351 1.521361
v -1.018834 3.575525 2.072752
v -1.234622 3.701498 1.837204
v -0.820269 3.738842 1.765881
v -0.977806 3.146147 -0.025793
v -1.155662 3.442840 0.339671
v -1.608836 3.373887 0.372562
v -1.646071 3.155142 0.050177
v -1.195389 3.096848 -0.059073
v -1.332514 3.392871 0.305671
v -0.287402 3.182031 0.595952
v -0.793596 3.195156 0.063560
v -0.977898 3.496151 0.435974
v -0.667640 3.498611 0.767129
v -0.660267 3.475613 1.538605
v -0.595756 3.505621 0.996514
v -0.196642 3.192488 0.898905
v -0.628375 3.502028 1.271929
v -0.252056 3.236182 1.262748
v -0.279756 3.125078 1.654178
v -0.419179 3.049169 2.052514
v -0.774369 3.412042 1.786823
v -0.973116 3.353009 1.916879
v -0.697954 3.001041 2.239120
v -1.049528 2.898859 2.302270
v -1.199480 3.320394 1.971292
v -1.559877 3.281340 1.994184
v -1.607554 2.772584 2.369602
v -2.029532 2.705576 2.172808
v -1.869958 3.240519 1.833152
v -2.079557 3.235001 1.561581
v -2.366303 2.687307 1.769062
v -2.512486 2.757638 1.345809
v -2.158849 3.226662 1.304497
v -2.164391 3.227412 0.975817
v -2.518764 2.744907 0.833975
v -2.305339 2.890432 0.426244
v -2.020875 3.291640 0.692370
v -1.788888 3.348258 0.501566
v -1.925178 3.095030 0.208036
v -1.171202 3.617627 0.772699
v -1.382048 3.563768 0.697537
v -1.518834 3.533694 0.734444
v -1.734570 3.491501 0.899891
v -1.821591 3.470882 1.057489
v -1.813375 3.467457 1.230561
v -1.777943 3.469294 1.366189
v -1.667747 3.489808 1.519757
v -1.494068 3.522259 1.614982
v -1.303071 3.544242 1.604364
v -1.182117 3.566256 1.575747
v -1.070077 3.610378 1.513201
v -1.005500 3.620519 1.370923
v -0.992504 3.634507 1.231829
v -0.968820 3.631036 1.070787
v -1.009993 3.626231 0.942063
v -1.612027 3.506773 0.797702
v -1.279082 3.589712 0.716148
v -1.389998 3.640914 1.151978
v -0.977806 3.146147 -0.025793
v -1.155662 3.442840 0.339671
v -1.608836 3.373887 0.372562
v -1.646071 3.155142 0.050176
v -1.195389 3.096848 -0.059073
v -1.332514 3.392871 0.305671
v -0.287402 3.182031 0.595952
v -0.793596 3.195156 0.063560
v -0.977898 3.496151 0.435974
v -0.667640 3.498611 0.767129
v -0.660267 3.475613 1.538605
v -0.595756 3.505621 0.996514
v -0.196642 3.192488 0.898905
v -0.628375 3.502028 1.271929
v -0.252056 3.236182 1.262748
v -0.279756 3.125078 1.654177
v -0.419179 3.049169 2.052514
v -0.774369 3.412042 1.786822
v -0.973116 3.353009 1.916879
v -0.697954 3.001041 2.239120
v -1.049528 2.898859 2.302270
v -1.199480 3.320394 1.971292
v -1.559877 3.281340 1.994184
v -1.607554 2.772584 2.369602
v -2.029532 2.705576 2.172807
v -1.869958 3.240519 1.833152
v -2.079557 3.235001 1.561581
v -2.366303 2.687307 1.769062
v -2.512486 2.757638 1.345809
v -2.158849 3.226662 1.304496
v -2.164391 3.227412 0.975817
v -2.518764 2.744907 0.833975
v -2.305339 2.890432 0.426243
v -2.020875 3.291640 0.692370
v -1.788888 3.348258 0.501565
v -1.925178 3.095030 0.208036
v -1.171202 3.617627 0.772699
v -1.382048 3.563768 0.697537
v -1.518834 3.533694 0.734444
v -1.734570 3.491501 0.899891
v -1.821591 3.470882 1.057489
v -1.813375 3.467457 1.230561
v -1.777943 3.469294 1.366189
v -1.667747 3.489808 1.519757
v -1.494068 3.522259 1.614982
v -1.303071 3.544242 1.604364
v -1.182117 3.566256 1.575747
v -1.070077 3.610378 1.513201
v -1.005500 3.620519 1.370923
v -0.992504 3.634507 1.231828
v -0.968820 3.631036 1.070786
v -1.009993 3.626231 0.942063
v -1.612027 3.506774 0.797701
v -1.279082 3.589712 0.716148
v -1.389998 3.640914 1.151978
v -0.977806 3.146147 -0.025793
v -1.155662 3.442840 0.339671
v -1.608836 3.373887 0.372562
v -1.646071 3.155142 0.050176
v -1.195389 3.096848 -0.059073
v -1.332514 3.392871 0.305671
v -0.287402 3.182031 0.595952
v -0.793596 3.195156 0.063560
v -0.977898 3.496151 0.435974
v -0.667640 3.498611 0.767129
v -0.660267 3.475613 1.538605
v -0.595756 3.505621 0.996514
v -0.196642 3.192488 0.898905
v -0.628375 3.502028 1.271929
v -0.252056 3.236182 1.262748
v -0.279756 3.125078 1.654177
v -0.419179 3.049169 2.052514
v -0.774369 3.412042 1.786822
v -0.973116 3.353009 1.916879
v -0.697954 3.001041 2.239120
v -1.049528 2.898859 2.302270
v -1.199480 3.320394 1.971292
v -1.559877 3.281340 1.994184
v -1.607554 2.772584 2.369602
v -2.029532 2.705576 2.172807
v -1.869958 3.240519 1.833152
v -2.079557 3.235001 1.561581
v -2.366303 2.687307 1.769062
v -2.512486 2.757638 1.345809
v -2.158849 3.226662 1.304496
v -2.164391 3.227412 0.975817
v -2.518764 2.744907 0.833975
v -2.305339 2.890432 0.426243
v -2.020875 3.291640 0.692370
v -1.788888 3.348258 0.501565
v -1.925178 3.095030 0.208036
v -1.171202 3.617627 0.772699
v -1.382048 3.563768 0.697537
v -1.518834 3.533694 0.734444
v -1.734570 3.491501 0.899891
v -1.821591 3.470882 1.057489
v -1.813375 3.467457 1.230561
v -1.777943 3.469294 1.366189
v -1.667747 3.489808 1.519757
v -1.494068 3.522259 1.614982
v -1.303071 3.544242 1.604364
v -1.182117 3.566256 1.575747
v -1.070077 3.610378 1.513201
v -1.005500 3.620519 1.370923
v -0.992504 3.634507 1.231828
v -0.968820 3.631036 1.070786
v -1.009993 3.626231 0.942063
v -1.612027 3.506774 0.797701
v -1.279082 3.589712 0.716148
v -1.389998 3.640914 1.151978
v -0.977806 3.146147 -0.025793
v -1.155662 3.442840 0.339671
v -1.608836 3.373887 0.372562
v -1.646071 3.155142 0.050177
v -1.195389 3.096848 -0.059073
v -1.332514 3.392871 0.305671
v -0.287402 3.182031 0.595953
v -0.793596 3.195155 0.063560
v -0.977898 3.496151 0.435974
v -0.667640 3.498611 0.767129
v -0.660267 3.475613 1.538605
v -0.595756 3.505621 0.996514
v -0.196642 3.192488 0.898905
v -0.628375 3.502028 1.271929
v -0.252056 3.236182 1.262748
v -0.279756 3.125078 1.654178
v -0.419179 3.049169 2.052514
v -0.774369 3.412042 1.786822
v -0.973116 3.353009 1.916879
v -0.697954 3.001040 2.239121
v -1.049528 2.898859 2.302270
v -1.199480 3.320393 1.971292
v -1.559877 3.281340 1.994184
v -1.607554 2.772584 2.369602
v -2.029532 2.705576 2.172808
v -1.869958 3.240519 1.833152
v -2.079557 3.235001 1.561581
v -2.366303 2.687307 1.769062
v -2.512486 2.757638 1.345809
v -2.158849 3.226662 1.304497
v -2.164391 3.227412 0.975817
v -2.518764 2.744907 0.833975
v -2.305339 2.890432 0.426244
v -2.020875 3.291640 0.692370
v -1.788888 3.348258 0.501566
v -1.925178 3.095030 0.208036
v -1.171202 3.617627 0.772700
v -1.382048 3.563768 0.697537
v -1.518834 3.533694 0.734444
v -1.734570 3.491500 0.899891
v -1.821591 3.470882 1.057489
v -1.813375 3.467457 1.230561
v -1.777943 3.469294 1.366189
v -1.667747 3.489808 1.519757
v -1.494068 3.522259 1.614982
v -1.303071 3.544242 1.604364
v -1.182117 3.566256 1.575747
v -1.070077 3.610378 1.513202
v -1.005500 3.620518 1.370923
v -0.992504 3.634507 1.231829
v -0.968820 3.631036 1.070787
v -1.009993 3.626231 0.942063
v -1.612027 3.506773 0.797702
v -1.279082 3.589712 0.716148
v -1.389998 3.640914 1.151979
v 0.405916 4.151518 0.147761
v 0.316105 4.472596 0.524679
v -0.137630 4.486259 0.596379
v -0.240887 4.280311 0.280005
v 0.180985 4.142531 0.133417
v 0.130907 4.455607 0.506172
v 1.141624 4.057490 0.708479
v 0.602842 4.165808 0.220804
v 0.508078 4.492225 0.605160
v 0.840616 4.436129 0.908808
v 0.909058 4.406224 1.677040
v 0.931758 4.428287 1.131217
v 1.258118 4.049067 1.002563
v 0.922479 4.428512 1.408425
v 1.242524 4.099229 1.369445
v 1.228505 3.991925 1.762659
v 1.111937 3.939337 2.171950
v 0.806809 4.362363 1.934515
v 0.612420 4.339142 2.081395
v 0.845883 3.940840 2.381871
v 0.488280 3.903262 2.475368
v 0.389323 4.347471 2.155042
v 0.031050 4.373885 2.208688
v -0.075625 3.879190 2.590711
v -0.517899 3.890913 2.430900
v -0.293818 4.390905 2.074827
v -0.523218 4.425378 1.822041
v -0.885419 3.936801 2.057292
v -1.051845 4.035610 1.647417
v -0.624205 4.433463 1.572672
v -0.657350 4.437737 1.245648
v -1.103660 4.028171 1.138069
v -0.902814 4.135958 0.712610
v -0.529143 4.477211 0.950573
v -0.307763 4.492530 0.740368
v -0.511863 4.270310 0.461405
v 0.369091 4.643971 0.956105
v 0.146391 4.629607 0.899495
v 0.010052 4.624413 0.948090
v -0.194949 4.620547 1.131541
v -0.270592 4.614747 1.296100
v -0.248494 4.608561 1.467875
v -0.201950 4.602930 1.599995
v -0.077252 4.602046 1.743511
v 0.106864 4.601903 1.823425
v 0.297096 4.589157 1.796494
v 0.417170 4.589215 1.757562
v 0.529621 4.612886 1.685410
v 0.582677 4.612311 1.538098
v 0.586151 4.624799 1.398299
v 0.595089 4.618357 1.235860
v 0.542969 4.622050 1.111129
v -0.080768 4.614255 1.019221
v 0.253549 4.636409 0.909115
v 0.191019 4.703411 1.352367
v 0.101166 3.895543 -2.334554
v -0.081670 4.472919 -1.944045
v -0.775525 4.450544 -1.832175
v -0.900412 4.009422 -2.182996
v -0.239487 3.837407 -2.342740
v -0.360919 4.409945 -1.955867
v 1.211268 4.234008 -1.519979
v 0.396721 3.988548 -2.244349
v 0.205545 4.575591 -1.845559
v 0.707067 4.741263 -1.399684
v 0.788762 5.156942 -0.295835
v 0.839107 4.875049 -1.083042
v 1.379541 4.412495 -1.102050
v 0.815760 5.032055 -0.688616
v 1.338365 4.678381 -0.603006
v 1.315246 4.774320 0.006352
v 1.129890 4.925869 0.616903
v 0.629311 5.234535 0.094275
v 0.331244 5.257105 0.320853
v 0.718143 5.001001 0.924243
v 0.175143 4.947616 1.087399
v -0.011362 5.269932 0.429709
v -0.560780 5.268953 0.506584
v -0.683746 4.886495 1.282749
v -1.352274 4.731582 1.065892
v -1.052177 5.155647 0.319973
v -1.396267 5.011643 -0.047251
v -1.903600 4.507811 0.526512
v -2.153456 4.360778 -0.096147
v -1.542409 4.861017 -0.401992
v -1.582395 4.673419 -0.867823
v -2.214546 4.051970 -0.815157
v -1.906281 3.970877 -1.477278
v -1.381758 4.573727 -1.310298
v -1.039708 4.510406 -1.624234
v -1.317488 4.053862 -1.910711
v -0.033428 4.930296 -1.411805
v -0.368719 4.842078 -1.477684
v -0.577133 4.839868 -1.401296
v -0.894588 4.904244 -1.131296
v -1.014485 4.978192 -0.891894
v -0.985938 5.072915 -0.645551
v -0.918954 5.149916 -0.456731
v -0.733991 5.252689 -0.256700
v -0.456629 5.330400 -0.149583
v -0.165091 5.333312 -0.188786
v 0.018804 5.332153 -0.248471
v 0.189731 5.338466 -0.366061
v 0.275375 5.262916 -0.577175
v 0.283992 5.198350 -0.781882
v 0.303660 5.099535 -1.010211
v 0.228154 5.023500 -1.187428
v -0.716548 4.852659 -1.292191
v -0.206788 4.874331 -1.470991
v -0.323653 5.195446 -0.869462
v 0.808683 5.010395 -1.830446
v 0.669637 5.476890 -1.340390
v -0.028032 5.525355 -1.262538
v -0.181221 5.215194 -1.699450
v 0.464548 5.004650 -1.863649
v 0.386098 5.459346 -1.375629
v 1.900320 4.998656 -0.915956
v 1.107162 5.036551 -1.711379
v 0.960447 5.511189 -1.211613
v 1.450458 5.501088 -0.719163
v 1.513241 5.635441 0.453977
v 1.577885 5.538387 -0.375408
v 2.062768 5.050416 -0.462116
v 1.549148 5.601084 0.043291
v 2.022494 5.192348 0.080234
v 1.974306 5.154327 0.699123
v 1.771375 5.188148 1.323409
v 1.340694 5.645035 0.847459
v 1.034054 5.657516 1.063283
v 1.353110 5.246493 1.624512
v 0.798568 5.235933 1.753060
v 0.689094 5.691848 1.159262
v 0.139250 5.747889 1.212611
v -0.072209 5.253606 1.899042
v -0.740296 5.247511 1.627849
v -0.350145 5.749642 0.986535
v -0.686144 5.741923 0.582283
v -1.280775 5.231152 1.029835
v -1.508464 5.261890 0.376813
v -0.827217 5.699224 0.197096
v -0.860562 5.632199 -0.300568
v -1.561494 5.140873 -0.395045
v -1.225548 5.165534 -1.051527
v -0.646550 5.608074 -0.748335
v -0.295711 5.571115 -1.056478
v -0.606179 5.253753 -1.439115
v 0.737859 5.773837 -0.724446
v 0.399052 5.752200 -0.820197
v 0.187467 5.761851 -0.753724
v -0.136242 5.805740 -0.487723
v -0.261017 5.838474 -0.242030
v -0.236548 5.868862 0.020576
v -0.172538 5.890145 0.224547
v 0.010798 5.916775 0.449376
v 0.288486 5.927901 0.581419
v 0.580427 5.900002 0.555143
v 0.766310 5.887041 0.503499
v 0.943607 5.894772 0.395653
v 1.032534 5.859189 0.176165
v 1.045896 5.842483 -0.037993
v 1.067737 5.798173 -0.281664
v 0.994693 5.776460 -0.474346
v 0.044110 5.769059 -0.649256
v 0.562995 5.758534 -0.800752
v 0.447809 5.939129 -0.149632
v 0.235334 2.476591 -2.619505
v 0.280844 2.787357 -2.455126
v -0.011224 2.911161 -2.390461
v -0.157236 2.728728 -2.536787
v 0.081479 2.516146 -2.615734
v 0.151578 2.812315 -2.453835
v 0.779529 2.392991 -2.264691
v 0.378700 2.460470 -2.585145
v 0.422798 2.777431 -2.417107
v 0.672493 2.743156 -2.220449
v 0.807884 2.893648 -1.715794
v 0.759542 2.771818 -2.077964
v 0.892299 2.432978 -2.076612
v 0.787696 2.840363 -1.897169
v 0.936494 2.555640 -1.850407
v 0.956109 2.585658 -1.565350
v 0.919169 2.675958 -1.279463
v 0.763328 2.949954 -1.531710
v 0.647247 3.012611 -1.420690
v 0.767500 2.784688 -1.130559
v 0.533020 2.860847 -1.042692
v 0.508689 3.083689 -1.364336
v 0.280568 3.190521 -1.319355
v 0.165751 2.995287 -0.934359
v -0.147670 3.059947 -1.020398
v 0.049852 3.239336 -1.395507
v -0.128537 3.249960 -1.558240
v -0.431294 3.078634 -1.258210
v -0.575209 3.078308 -1.543255
v -0.225464 3.217120 -1.717867
v -0.287331 3.148630 -1.930255
v -0.674284 2.962846 -1.870305
v -0.572854 2.885024 -2.185380
v -0.230875 3.074960 -2.138882
v -0.106031 2.986352 -2.290305
v -0.317839 2.824486 -2.403159
v 0.401135 2.986564 -2.222350
v 0.242552 3.012145 -2.244766
v 0.156433 3.050002 -2.205263
v 0.041333 3.135834 -2.075072
v 0.010052 3.187967 -1.962829
v 0.044961 3.220462 -1.850446
v 0.091412 3.238522 -1.765184
v 0.192413 3.245390 -1.677489
v 0.325414 3.224646 -1.634218
v 0.446966 3.169095 -1.657430
v 0.522461 3.133852 -1.688506
v 0.593078 3.107087 -1.747106
v 0.610219 3.059974 -1.845356
v 0.597526 3.033558 -1.939820
v 0.582212 2.988683 -2.044254
v 0.532591 2.972385 -2.123928
v 0.102637 3.080309 -2.151945
v 0.316657 2.995547 -2.245419
v 0.342005 3.157193 -1.971741
v 0.103644 2.851435 -2.516402
v 0.026538 3.103650 -2.214377
v -0.334704 3.103026 -2.154379
v -0.413832 2.937505 -2.406552
v -0.075360 2.838741 -2.526464
v -0.120651 3.085585 -2.228033
v 0.695444 2.792927 -2.074538
v 0.260584 2.867459 -2.459375
v 0.179449 3.123778 -2.151375
v 0.447595 3.086337 -1.911699
v 0.507703 3.061633 -1.300115
v 0.521782 3.081605 -1.735082
v 0.790289 2.788121 -1.840970
v 0.516140 3.080621 -1.514148
v 0.778946 2.826450 -1.548369
v 0.772929 2.739319 -1.235356
v 0.683985 2.693165 -0.908702
v 0.428987 3.023296 -1.094483
v 0.275679 2.999482 -0.976326
v 0.473389 2.687050 -0.739781
v 0.190115 2.647929 -0.663195
v 0.098263 3.000329 -0.916229
v -0.187384 3.012290 -0.871163
v -0.257656 2.614369 -0.567872
v -0.611187 2.613263 -0.692416
v -0.447380 3.018230 -0.975742
v -0.632529 3.040841 -1.175609
v -0.907383 2.641942 -0.987653
v -1.044968 2.717883 -1.312849
v -0.714733 3.045611 -1.373647
v -0.743303 3.049293 -1.633994
v -1.089271 2.712386 -1.718395
v -0.934679 2.804648 -2.058259
v -0.644044 3.084908 -1.869761
v -0.469445 3.103312 -2.038571
v -0.628244 2.922202 -2.260367
v 0.067215 3.240001 -1.870342
v -0.110146 3.223222 -1.914115
v -0.218292 3.215538 -1.874567
v -0.380300 3.206752 -1.727135
v -0.439358 3.199700 -1.595567
v -0.420520 3.194744 -1.458859
v -0.382476 3.190971 -1.353897
v -0.282237 3.192879 -1.240324
v -0.135096 3.197068 -1.177795
v 0.016551 3.191730 -1.200481
v 0.111931 3.194888 -1.232247
v 0.200445 3.216775 -1.290352
v 0.241782 3.218130 -1.408060
v 0.243354 3.228633 -1.519427
v 0.249605 3.224270 -1.648934
v 0.207216 3.226338 -1.747981
v -0.289919 3.204954 -1.817362
v -0.024913 3.231268 -1.907093
v -0.073571 3.281586 -1.553288
v 0.509190 4.938783 -0.907097
v 0.442785 5.261201 -0.266061
v -0.241750 5.365157 -0.143360
v -0.441609 5.213904 -0.663398
v 0.166860 4.983244 -0.925109
v 0.158786 5.287676 -0.293070
v 1.593164 4.515061 -0.097234
v 0.809564 4.892840 -0.798451
v 0.736805 5.221131 -0.144898
v 1.222910 5.000532 0.294207
v 1.309047 4.758643 1.448337
v 1.355992 4.915026 0.626733
v 1.763502 4.405319 0.342969
v 1.338214 4.849129 1.046387
v 1.746556 4.380148 0.909110
v 1.695010 4.154621 1.481419
v 1.500759 4.016064 2.092290
v 1.140573 4.664915 1.831042
v 0.838956 4.645097 2.053136
v 1.095566 4.027649 2.416825
v 0.544313 4.041054 2.559161
v 0.502228 4.688728 2.171894
v -0.034613 4.790747 2.267625
v -0.316339 4.113339 2.742574
v -0.980817 4.269318 2.514333
v -0.520518 4.919713 2.076846
v -0.856247 5.077377 1.707501
v -1.521287 4.502698 1.968081
v -1.744596 4.763584 1.373251
v -1.003805 5.172101 1.334484
v -1.048508 5.265604 0.841483
v -1.817790 4.891941 0.602384
v -1.482925 5.082841 -0.023260
v -0.841254 5.357210 0.400313
v -0.499759 5.376688 0.080055
v -0.856537 5.219519 -0.384349
v 0.556944 5.353230 0.421906
v 0.217317 5.400985 0.338748
v 0.009094 5.414129 0.414554
v -0.304583 5.411533 0.696374
v -0.422666 5.381328 0.945975
v -0.393007 5.326286 1.203973
v -0.325676 5.276054 1.401489
v -0.139111 5.210786 1.615310
v 0.138427 5.148376 1.731588
v 0.423749 5.095397 1.683380
v 0.606027 5.077319 1.621501
v 0.782715 5.098207 1.514598
v 0.864895 5.121546 1.290290
v 0.874967 5.170543 1.081375
v 0.889215 5.200592 0.834030
v 0.812894 5.247912 0.647418
v -0.131697 5.405100 0.522260
v 0.380952 5.382215 0.352080
v 0.295840 5.369761 1.038528
v 2.230852 3.346986 -1.312659
v 2.104859 3.752857 -1.324492
v 1.775848 3.785577 -1.613178
v 1.788453 3.465102 -1.748961
v 2.086815 3.321250 -1.471640
v 1.985974 3.722576 -1.454951
v 2.396584 3.731008 -0.530934
v 2.328998 3.414515 -1.149866
v 2.198049 3.827769 -1.163795
v 2.242534 4.029934 -0.784357
v 1.889908 4.553372 -0.398758
v 2.187632 4.185533 -0.623550
v 2.322089 3.937444 -0.321762
v 2.042267 4.377754 -0.511755
v 2.146548 4.214761 -0.193249
v 1.898722 4.437560 0.001748
v 1.596299 4.691565 0.113689
v 1.676544 4.706678 -0.344681
v 1.466101 4.787943 -0.408786
v 1.316502 4.824376 0.018299
v 1.020158 4.853481 -0.176811
v 1.285644 4.831451 -0.534898
v 1.033307 4.862458 -0.769489
v 0.582408 4.893368 -0.510278
v 0.376570 4.764934 -0.889154
v 0.893601 4.760565 -1.057711
v 0.883076 4.589053 -1.336498
v 0.340370 4.507632 -1.319194
v 0.474746 4.260011 -1.643487
v 0.945154 4.414326 -1.515721
v 1.089400 4.187386 -1.679736
v 0.693908 3.900009 -1.894231
v 1.080905 3.664674 -1.973623
v 1.337050 4.007266 -1.730353
v 1.594050 3.879739 -1.671843
v 1.515370 3.572517 -1.855980
v 1.988189 4.134670 -1.162573
v 1.864815 4.077194 -1.336196
v 1.748806 4.101515 -1.408199
v 1.520388 4.216601 -1.470710
v 1.385741 4.324344 -1.450931
v 1.311550 4.441965 -1.360173
v 1.273571 4.533556 -1.269581
v 1.283036 4.639294 -1.121571
v 1.363804 4.704254 -0.959764
v 1.497494 4.689462 -0.834982
v 1.595996 4.668637 -0.768366
v 1.715199 4.635270 -0.729334
v 1.823900 4.535393 -0.755220
v 1.901226 4.444224 -0.816769
v 1.986300 4.328845 -0.877681
v 2.016160 4.241204 -0.968319
v 1.649488 4.141545 -1.437316
v 1.932995 4.092557 -1.260135
v 1.694641 4.428308 -1.137363
v 2.008835 4.023088 -0.632122
v 1.688327 4.155214 -0.519817
v 1.423011 4.039082 -0.759960
v 1.597696 3.917662 -0.969394
v 1.910540 3.960157 -0.775916
v 1.612823 4.098421 -0.640796
v 2.025078 4.121274 0.121270
v 2.056243 4.077451 -0.474975
v 1.728007 4.210784 -0.362294
v 1.705719 4.243770 0.006048
v 1.262272 4.188852 0.455755
v 1.611616 4.246998 0.179642
v 1.898457 4.125598 0.348166
v 1.433800 4.224570 0.320116
v 1.655068 4.123469 0.527144
v 1.416356 4.030094 0.736497
v 1.111077 3.939906 0.886414
v 1.057684 4.118408 0.533500
v 0.875155 4.043649 0.494730
v 0.851388 3.855911 0.834757
v 0.625417 3.734143 0.669763
v 0.720490 3.984679 0.396738
v 0.510828 3.902101 0.204012
v 0.284593 3.564511 0.389192
v 0.169797 3.467082 0.034167
v 0.435717 3.836523 -0.066283
v 0.478719 3.814506 -0.342803
v 0.220282 3.424205 -0.391378
v 0.383528 3.466736 -0.718677
v 0.584902 3.810798 -0.536638
v 0.772832 3.828307 -0.729681
v 0.677966 3.485924 -1.018074
v 1.026834 3.630795 -1.130585
v 1.014009 3.905773 -0.810993
v 1.250164 3.987688 -0.788377
v 1.354956 3.827893 -1.037956
v 1.421951 4.235423 -0.276959
v 1.351853 4.173081 -0.441147
v 1.256422 4.130921 -0.498127
v 1.043407 4.061761 -0.525993
v 0.904810 4.026716 -0.484772
v 0.808866 4.016500 -0.380126
v 0.749428 4.015875 -0.281540
v 0.719924 4.037576 -0.129770
v 0.758731 4.079864 0.024614
v 0.868918 4.124327 0.127638
v 0.951132 4.158602 0.180304
v 1.047385 4.206753 0.208479
v 1.165136 4.231003 0.163211
v 1.252599 4.249179 0.090390
v 1.359300 4.259641 0.010832
v 1.411682 4.257166 -0.087067
v 1.169485 4.096205 -0.514986
v 1.396613 4.204295 -0.371423
v 1.080670 4.193937 -0.182453
v -2.067315 2.399667 1.570993
v -1.902951 2.652558 1.706574
v -1.718203 2.560689 1.982567
v -1.817800 2.325934 2.003783
v -2.001559 2.328593 1.707711
v -1.850077 2.587479 1.816187
v -1.932227 2.775278 1.012364
v -2.089832 2.487526 1.446424
v -1.920914 2.744116 1.586246
v -1.825187 2.927234 1.322254
v -1.369030 3.224922 1.174349
v -1.716157 3.033377 1.235836
v -1.787349 2.915337 0.901337
v -1.543946 3.136068 1.207722
v -1.573054 3.071244 0.885799
v -1.296811 3.171550 0.804083
v -0.994093 3.272690 0.805083
v -1.166183 3.276073 1.188541
v -1.007523 3.268587 1.281125
v -0.781310 3.279772 0.943814
v -0.598877 3.201127 1.137776
v -0.893710 3.238655 1.412765
v -0.754246 3.171540 1.637207
v -0.341161 3.079690 1.461413
v -0.300906 2.902345 1.757911
v -0.737215 3.038549 1.860322
v -0.828464 2.894025 2.046073
v -0.425179 2.678788 2.047985
v -0.651441 2.518971 2.239505
v -0.950887 2.775049 2.141948
v -1.141294 2.643680 2.204049
v -0.943793 2.308398 2.330798
v -1.299569 2.247448 2.301611
v -1.374108 2.583566 2.176746
v -1.577743 2.571143 2.072179
v -1.617478 2.316020 2.144506
v -1.706838 2.902632 1.688627
v -1.666027 2.813886 1.827026
v -1.591254 2.792643 1.902988
v -1.412565 2.804224 2.005250
v -1.286179 2.843407 2.029411
v -1.186501 2.912048 1.992353
v -1.119019 2.972604 1.945313
v -1.070946 3.060967 1.850623
v -1.080923 3.141859 1.727420
v -1.154402 3.178621 1.608563
v -1.216564 3.196902 1.539413
v -1.303534 3.210387 1.488317
v -1.410292 3.168860 1.473444
v -1.500466 3.122024 1.493325
v -1.600638 3.060166 1.505159
v -1.661256 3.000067 1.553966
v -1.515798 2.790386 1.946208
v -1.696394 2.849859 1.762545
v -1.425415 3.028886 1.773193
v -0.862301 3.965184 -1.476518
v -1.020135 4.330783 -1.039639
v -1.565461 4.169848 -0.735995
v -1.689857 3.848660 -1.035554
v -1.141335 3.857761 -1.385611
v -1.246898 4.231421 -0.970714
v 0.298608 4.325739 -1.080315
v -0.600417 4.080513 -1.480292
v -0.764756 4.451020 -1.033004
v -0.214922 4.613409 -0.785727
v 0.155278 4.805211 0.175720
v -0.019723 4.699905 -0.541478
v 0.550645 4.440286 -0.755985
v 0.065601 4.765359 -0.181483
v 0.631774 4.573587 -0.291838
v 0.811493 4.562306 0.249163
v 0.839253 4.564396 0.844261
v 0.142855 4.783896 0.566813
v -0.034002 4.715900 0.854024
v 0.581825 4.505641 1.239504
v 0.191815 4.341420 1.539722
v -0.289599 4.647902 1.052132
v -0.729908 4.535151 1.283735
v -0.453954 4.108376 1.962174
v -1.064962 3.892658 1.963892
v -1.189150 4.380697 1.261522
v -1.581256 4.253794 1.036541
v -1.676992 3.688171 1.646310
v -2.081649 3.610749 1.171982
v -1.798231 4.156638 0.762310
v -1.956099 4.065142 0.357295
v -2.319943 3.454570 0.545174
v -2.279464 3.537326 -0.126046
v -1.922193 4.083830 -0.093143
v -1.729618 4.139829 -0.472217
v -1.956980 3.769614 -0.671367
v -0.898660 4.626073 -0.558977
v -1.186725 4.503865 -0.521860
v -1.335963 4.453290 -0.393327
v -1.523938 4.408588 -0.059543
v -1.556988 4.412046 0.189116
v -1.466063 4.458290 0.400728
v -1.358992 4.505520 0.549700
v -1.153627 4.593240 0.674861
v -0.897216 4.690949 0.690000
v -0.663593 4.752437 0.568663
v -0.528300 4.793588 0.461681
v -0.427192 4.845992 0.309127
v -0.412586 4.831134 0.095095
v -0.464108 4.809763 -0.089389
v -0.506259 4.766806 -0.300245
v -0.616587 4.717192 -0.436551
v -1.418097 4.422814 -0.256115
v -1.054218 4.558167 -0.562296
v -1.013946 4.706898 0.017436
v 0.032962 3.615427 -1.668760
v -0.185340 3.976361 -1.366674
v -0.718835 3.889296 -1.270367
v -0.761270 3.595935 -1.540745
v -0.224251 3.545022 -1.670994
v -0.393946 3.908132 -1.372275
v 0.883541 3.873786 -1.034071
v 0.253081 3.698885 -1.601208
v 0.027081 4.065232 -1.292621
v 0.412898 4.183397 -0.943835
v 0.460598 4.379873 -0.069912
v 0.509110 4.259593 -0.694441
v 1.005527 3.975209 -0.704887
v 0.483718 4.331367 -0.381871
v 0.953418 4.113403 -0.310712
v 0.948057 4.119883 0.175136
v 0.806944 4.152274 0.662250
v 0.341492 4.383185 0.242105
v 0.115375 4.351199 0.425665
v 0.487209 4.140282 0.910376
v 0.079018 4.038812 1.047001
v -0.149432 4.320061 0.515626
v -0.575124 4.264329 0.582166
v -0.573321 3.901331 1.212425
v -1.080795 3.753742 1.048208
v -0.949492 4.158953 0.439671
v -1.212127 4.062143 0.151940
v -1.500464 3.598764 0.626262
v -1.700797 3.533291 0.133324
v -1.318399 3.976399 -0.127463
v -1.340863 3.884245 -0.495959
v -1.731863 3.377252 -0.435052
v -1.508486 3.411293 -0.966029
v -1.188415 3.873786 -0.849793
v -0.925371 3.888922 -1.102810
v -1.081825 3.564879 -1.319982
v -0.197033 4.256777 -0.950756
v -0.447857 4.170920 -0.998579
v -0.606851 4.143761 -0.935506
v -0.852878 4.135873 -0.717895
v -0.947466 4.154954 -0.526768
v -0.929076 4.201099 -0.331872
v -0.880440 4.243523 -0.182987
v -0.743248 4.313555 -0.026744
v -0.534086 4.382755 0.054827
v -0.308514 4.413892 0.020741
v -0.167364 4.434852 -0.028672
v -0.040243 4.465824 -0.124461
v 0.029144 4.439825 -0.292606
v 0.036846 4.414450 -0.455151
v 0.057637 4.367728 -0.635984
v 0.002722 4.324111 -0.775526
v -0.712829 4.130097 -0.847193
v -0.326208 4.207432 -0.995371
v -0.441667 4.368658 -0.519650
v 2.080708 3.415345 -0.701347
v 1.927947 3.714749 -0.560576
v 1.640538 3.814804 -0.781783
v 1.685234 3.624589 -1.007483
v 1.958906 3.441175 -0.838445
v 1.828439 3.728910 -0.676592
v 2.189790 3.425969 0.050645
v 2.158886 3.414904 -0.547119
v 2.001055 3.720188 -0.405328
v 2.021679 3.733479 -0.035655
v 1.668940 3.946055 0.446304
v 1.959909 3.784351 0.144893
v 2.106370 3.494879 0.286920
v 1.816455 3.872114 0.298428
v 1.927973 3.637674 0.484556
v 1.695241 3.705913 0.709746
v 1.411413 3.823773 0.881079
v 1.471239 4.019051 0.538223
v 1.282387 4.082807 0.512171
v 1.157396 3.931237 0.848077
v 0.899507 3.996266 0.698486
v 1.122348 4.144785 0.425295
v 0.901064 4.231054 0.247779
v 0.518254 4.107265 0.441617
v 0.352271 4.132529 0.094451
v 0.789608 4.248894 -0.017288
v 0.795860 4.224043 -0.296824
v 0.344137 4.097578 -0.334720
v 0.481383 4.047786 -0.672754
v 0.865606 4.166447 -0.498514
v 1.011246 4.072151 -0.705365
v 0.704345 3.893561 -0.994007
v 1.058409 3.786479 -1.130122
v 1.241137 3.981125 -0.803565
v 1.474656 3.889338 -0.797688
v 1.439602 3.717921 -1.058825
v 1.788329 3.930450 -0.295342
v 1.687431 3.939973 -0.454988
v 1.585089 3.973577 -0.505270
v 1.377193 4.060497 -0.517890
v 1.250988 4.120400 -0.466702
v 1.176073 4.167136 -0.355060
v 1.134844 4.198029 -0.252112
v 1.133171 4.222791 -0.097971
v 1.196857 4.218918 0.053878
v 1.313920 4.174266 0.148929
v 1.400916 4.143506 0.195759
v 1.506507 4.115974 0.217424
v 1.609696 4.061608 0.163582
v 1.684731 4.024138 0.084533
v 1.769075 3.968859 -0.002957
v 1.802963 3.940117 -0.104739
v 1.495790 4.004506 -0.516054
v 1.744742 3.929854 -0.388262
v 1.506336 4.112524 -0.175116
v 0.830129 4.327067 0.270834
v 0.887241 4.530005 0.655152
v 0.508969 4.741304 0.805712
v 0.332663 4.705484 0.518228
v 0.634872 4.431234 0.297866
v 0.722660 4.609941 0.670711
v 1.442214 3.772338 0.660956
v 1.005735 4.226805 0.304364
v 1.060899 4.434504 0.696803
v 1.334394 4.161675 0.919833
v 1.410394 3.927946 1.629256
v 1.417386 4.060463 1.112279
v 1.549256 3.641934 0.916233
v 1.419998 4.000884 1.374897
v 1.568430 3.603060 1.266460
v 1.531398 3.436099 1.634708
v 1.428059 3.356671 2.038987
v 1.316774 3.883536 1.888394
v 1.148275 3.924775 2.061038
v 1.210147 3.436679 2.285018
v 0.895437 3.557423 2.436505
v 0.964325 4.021017 2.171270
v 0.671334 4.200579 2.288002
v 0.411043 3.782346 2.646625
v 0.033096 4.040276 2.577111
v 0.396223 4.400329 2.221781
v 0.204354 4.595319 2.026980
v -0.276587 4.338209 2.294173
v -0.396867 4.588940 1.942707
v 0.112062 4.707677 1.810958
v 0.073154 4.802583 1.509349
v -0.462869 4.725997 1.472399
v -0.267914 4.811288 1.039847
v 0.185815 4.839887 1.209920
v 0.371960 4.794298 0.972438
v 0.105213 4.785599 0.737834
v 1.012249 4.536649 1.058648
v 0.815304 4.645396 1.045271
v 0.699199 4.695464 1.115589
v 0.530241 4.748218 1.325383
v 0.469913 4.741883 1.493791
v 0.492873 4.686751 1.651201
v 0.535349 4.629520 1.766864
v 0.646512 4.535860 1.879236
v 0.806113 4.429032 1.920968
v 0.962216 4.334315 1.860502
v 1.062935 4.285849 1.802024
v 1.164698 4.266907 1.714636
v 1.204087 4.275161 1.566307
v 1.206428 4.315487 1.434603
v 1.205530 4.343863 1.279817
v 1.157868 4.400565 1.172044
v 0.620827 4.714682 1.198639
v 0.909366 4.597066 1.035118
v 0.897736 4.575957 1.466458
v -0.977806 3.146147 -0.025793
v -1.155662 3.442840 0.339671
v -1.608836 3.373887 0.372562
v -1.646071 3.155142 0.050177
v -1.195389 3.096848 -0.059073
v -1.332514 3.392871 0.305671
v -0.287402 3.182031 0.595953
v -0.793596 3.195155 0.063560
v -0.977898 3.496151 0.435974
v -0.667640 3.498611 0.767129
v -0.660267 3.475613 1.538605
v -0.595756 3.505621 0.996514
v -0.196642 3.192488 0.898905
v -0.628375 3.502028 1.271929
v -0.252056 3.236182 1.262748
v -0.279756 3.125078 1.654178
v -0.419179 3.049169 2.052514
v -0.774369 3.412042 1.786822
v -0.973116 3.353009 1.916879
v -0.697954 3.001040 2.239121
v -1.049528 2.898859 2.302270
v -1.199480 3.320393 1.971292
v -1.559877 3.281340 1.994184
v -1.607554 2.772584 2.369602
v -2.029532 2.705576 2.172808
v -1.869958 3.240519 1.833152
v -2.079557 3.235001 1.561581
v -2.366303 2.687307 1.769062
v -2.512486 2.757638 1.345809
v -2.158849 3.226662 1.304497
v -2.164391 3.227412 0.975817
v -2.518764 2.744907 0.833975
v -2.305339 2.890432 0.426244
v -2.020875 3.291640 0.692370
v -1.788888 3.348258 0.501566
v -1.925178 3.095030 0.208036
v -1.171202 3.617627 0.772700
v -1.382048 3.563768 0.697537
v -1.518834 3.533694 0.734444
v -1.734570 3.491500 0.899891
v -1.821591 3.470882 1.057489
v -1.813375 3.467457 1.230561
v -1.777943 3.469294 1.366189
v -1.667747 3.489808 1.519757
v -1.494068 3.522259 1.614982
v -1.303071 3.544242 1.604364
v -1.182117 3.566256 1.575747
v -1.070077 3.610378 1.513202
v -1.005500 3.620518 1.370923
v -0.992504 3.634507 1.231829
v -0.968820 3.631036 1.070787
v -1.009993 3.626231 0.942063
v -1.612027 3.506773 0.797702
v -1.279082 3.589712 0.716148
v -1.389998 3.640914 1.151979
v -0.977806 3.146147 -0.025793
v -1.155662 3.442840 0.339671
v -1.608836 3.373887 0.372562
v -1.646071 3.155142 0.050176
v -1.195389 3.096848 -0.059073
v -1.332514 3.392871 0.305671
v -0.287402 3.182031 0.595952
v -0.793596 3.195156 0.063560
v -0.977898 3.496151 0.435974
v -0.667640 3.498611 0.767129
v -0.660267 3.475613 1.538605
v -0.595756 3.505621 0.996514
v -0.196642 3.192488 0.898905
v -0.628375 3.502028 1.271929
v -0.252056 3.236182 1.262748
v -0.279756 3.125078 1.654177
v -0.419179 3.049169 2.052514
v -0.774369 3.412042 1.786822
v -0.973116 3.353009 1.916879
v -0.697954 3.001041 2.239120
v -1.049528 2.898859 2.302270
v -1.199480 3.320394 1.971292
v -1.559877 3.281340 1.994184
v -1.607554 2.772584 2.369602
v -2.029532 2.705576 2.172807
v -1.869958 3.240519 1.833152
v -2.079557 3.235001 1.561581
v -2.366303 2.687307 1.769062
v -2.512486 2.757638 1.345809
v -2.158849 3.226662 1.304496
v -2.164391 3.227412 0.975817
v -2.518764 2.744907 0.833975
v -2.305339 2.890432 0.426243
v -2.020875 3.291640 0.692370
v -1.788888 3.348258 0.501565
v -1.925178 3.095030 0.208036
v -1.171202 3.617627 0.772699
v -1.382048 3.563768 0.697537
v -1.518834 3.533694 0.734444
v -1.734570 3.491501 0.899891
v -1.821591 3.470882 1.057489
v -1.813375 3.467457 1.230561
v -1.777943 3.469294 1.366189
v -1.667747 3.489808 1.519757
v -1.494068 3.522259 1.614982
v -1.303071 3.544242 1.604364
v -1.182117 3.566256 1.575747
v -1.070077 3.610378 1.513201
v -1.005500 3.620519 1.370923
v -0.992504 3.634507 1.231828
v -0.968820 3.631036 1.070786
v -1.009993 3.626231 0.942063
v -1.612027 3.506774 0.797701
v -1.279082 3.589712 0.716148
v -1.389998 3.640914 1.151978
v -0.977806 3.146147 -0.025793
v -1.155662 3.442840 0.339671
v -1.608836 3.373887 0.372562
v -1.646071 3.155142 0.050176
v -1.195389 3.096848 -0.059073
v -1.332514 3.392871 0.305671
v -0.287402 3.182031 0.595952
v -0.793596 3.195156 0.063560
v -0.977898 3.496151 0.435974
v -0.667640 3.498611 0.767129
v -0.660267 3.475613 1.538605
v -0.595756 3.505621 0.996514
v -0.196642 3.192488 0.898905
v -0.628375 3.502028 1.271929
v -0.252056 3.236182 1.262748
v -0.279756 3.125078 1.654177
v -0.419179 3.049169 2.052514
v -0.774369 3.412042 1.786822
v -0.973116 3.353009 1.916879
v -0.697954 3.001041 2.239120
v -1.049528 2.898859 2.302270
v -1.199480 3.320394 1.971292
v -1.559877 3.281340 1.994184
v -1.607554 2.772584 2.369602
v -2.029532 2.705576 2.172807
v -1.869958 3.240519 1.833152
v -2.079557 3.235001 1.561581
v -2.366303 2.687307 1.769062
v -2.512486 2.757638 1.345809
v -2.158849 3.226662 1.304496
v -2.164391 3.227412 0.975817
v -2.518764 2.744907 0.833975
v -2.305339 2.890432 0.426243
v -2.020875 3.291640 0.692370
v -1.788888 3.348258 0.501565
v -1.925178 3.095030 0.208036
v -1.171202 3.617627 0.772699
v -1.382048 3.563768 0.697537
v -1.518834 3.533694 0.734444
v -1.734570 3.491501 0.899891
v -1.821591 3.470882 1.057489
v -1.813375 3.467457 1.230561
v -1.777943 3.469294 1.366189
v -1.667747 3.489808 1.519757
v -1.494068 3.522259 1.614982
v -1.303071 3.544242 1.604364
v -1.182117 3.566256 1.575747
v -1.070077 3.610378 1.513201
v -1.005500 3.620519 1.370923
v -0.992504 3.634507 1.231828
v -0.968820 3.631036 1.070786
v -1.009993 3.626231 0.942063
v -1.612027 3.506774 0.797701
v -1.279082 3.589712 0.716148
v -1.389998 3.640914 1.151978
v -0.977806 3.146147 -0.025793
v -1.155662 3.442840 0.339671
v -1.608836 3.373887 0.372562
v -1.646071 3.155142 0.050176
v -1.195389 3.096848 -0.059073
v -1.332514 3.392871 0.305671
v -0.287402 3.182031 0.595952
v -0.793596 3.195156 0.063560
v -0.977898 3.496151 0.435974
v -0.667640 3.498611 0.767129
v -0.660267 3.475613 1.538605
v -0.595756 3.505621 0.996514
v -0.196642 3.192488 0.898905
v -0.628375 3.502028 1.271929
v -0.252056 3.236182 1.262748
v -0.279756 3.125078 1.654177
v -0.419179 3.049169 2.052514
v -0.774369 3.412042 1.786822
v -0.973116 3.353009 1.916879
v -0.697954 3.001041 2.239120
v -1.049528 2.898859 2.302270
v -1.199480 3.320394 1.971292
v -1.559877 3.281340 1.994184
v -1.607554 2.772584 2.369602
v -2.029532 2.705576 2.172807
v -1.869958 3.240519 1.833152
v -2.079557 3.235001 1.561581
v -2.366303 2.687307 1.769062
v -2.512486 2.757638 1.345809
v -2.158849 3.226662 1.304496
v -2.164391 3.227412 0.975817
v -2.518764 2.744907 0.833975
v -2.305339 2.890432 0.426243
v -2.020875 3.291640 0.692370
v -1.788888 3.348258 0.501565
v -1.925178 3.095030 0.208036
v -1.171202 3.617627 0.772699
v -1.382048 3.563768 0.697537
v -1.518834 3.533694 0.734444
v -1.734570 3.491501 0.899891
v -1.821591 3.470882 1.057489
v -1.813375 3.467457 1.230561
v -1.777943 3.469294 1.366189
v -1.667747 3.489808 1.519757
v -1.494068 3.522259 1.614982
v -1.303071 3.544242 1.604364
v -1.182117 3.566256 1.575747
v -1.070077 3.610378 1.513201
v -1.005500 3.620519 1.370923
v -0.992504 3.634507 1.231828
v -0.968820 3.631036 1.070786
v -1.009993 3.626231 0.942063
v -1.612027 3.506774 0.797701
v -1.279082 3.589712 0.716148
v -1.389998 3.640914 1.151978
v -0.977806 3.146147 -0.025793
v -1.155662 3.442840 0.339671
v -1.608836 3.373887 0.372562
v -1.646071 3.155142 0.050176
v -1.195389 3.096848 -0.059073
v -1.332514 3.392871 0.305671
v -0.287402 3.182031 0.595952
v -0.793596 3.195156 0.063560
v -0.977898 3.496151 0.435974
v -0.667640 3.498611 0.767129
v -0.660267 3.475613 1.538605
v -0.595756 3.505621 0.996514
v -0.196642 3.192488 0.898905
v -0.628375 3.502028 1.271929
v -0.252056 3.236182 1.262748
v -0.279756 3.125078 1.654177
v -0.419179 3.049169 2.052514
v -0.774369 3.412042 1.786822
v -0.973116 3.353009 1.916879
v -0.697954 3.001041 2.239120
v -1.049528 2.898859 2.302270
v -1.199480 3.320394 1.971292
v -1.559877 3.281340 1.994184
v -1.607554 2.772584 2.369602
v -2.029532 2.705576 2.172807
v -1.869958 3.240519 1.833152
v -2.079557 3.235001 1.561581
v -2.366303 2.687307 1.769062
v -2.512486 2.757638 1.345809
v -2.158849 3.226662 1.304496
v -2.164391 3.227412 0.975817
v -2.518764 2.744907 0.833975
v -2.305339 2.890432 0.426243
v -2.020875 3.291640 0.692370
v -1.788888 3.348258 0.501565
v -1.925178 3.095030 0.208036
v -1.171202 3.617627 0.772699
v -1.382048 3.563768 0.697537
v -1.518834 3.533694 0.734444
v -1.734570 3.491501 0.899891
v -1.821591 3.470882 1.057489
v -1.813375 3.467457 1.230561
v -1.777943 3.469294 1.366189
v -1.667747 3.489808 1.519757
v -1.494068 3.522259 1.614982
v -1.303071 3.544242 1.604364
v -1.182117 3.566256 1.575747
v -1.070077 3.610378 1.513201
v -1.005500 3.620519 1.370923
v -0.992504 3.634507 1.231828
v -0.968820 3.631036 1.070786
v -1.009993 3.626231 0.942063
v -1.612027 3.506774 0.797701
v -1.279082 3.589712 0.716148
v -1.389998 3.640914 1.151978
v -0.206628 4.081139 -1.147079
v -0.344348 4.422357 -0.803819
v -0.802748 4.416428 -0.771615
v -0.867945 4.183669 -1.079416
v -0.428751 4.059027 -1.179523
v -0.526190 4.394133 -0.836477
v 0.480851 4.066298 -0.521247
v -0.017760 4.111106 -1.059045
v -0.161314 4.457892 -0.709203
v 0.145682 4.441139 -0.375433
v 0.147994 4.468547 0.395931
v 0.217284 4.453743 -0.146199
v 0.571434 4.084685 -0.218619
v 0.183785 4.472768 0.128476
v 0.521414 4.159357 0.140941
v 0.478197 4.079094 0.538456
v 0.328915 4.048909 0.939301
v 0.025826 4.437257 0.646467
v -0.179333 4.413845 0.777849
v 0.045748 4.050640 1.125493
v -0.316452 4.000384 1.191209
v -0.408160 4.415208 0.831717
v -0.770606 4.425885 0.853039
v -0.886485 3.953950 1.260340
v -1.313131 3.930587 1.063590
v -1.082956 4.415953 0.691525
v -1.290744 4.420287 0.418544
v -1.648325 3.930411 0.658122
v -1.782789 3.991295 0.229553
v -1.369794 4.405514 0.161675
v -1.374364 4.385208 -0.166392
v -1.789421 3.945616 -0.280393
v -1.557510 4.034214 -0.694325
v -1.222868 4.410913 -0.451791
v -0.984932 4.423503 -0.643255
v -1.152962 4.171688 -0.921128
v -0.337583 4.625972 -0.383342
v -0.553531 4.595681 -0.457202
v -0.693194 4.586521 -0.419956
v -0.913040 4.584360 -0.254553
v -1.002426 4.585952 -0.096938
v -0.995173 4.592946 0.076070
v -0.960152 4.599054 0.211679
v -0.848591 4.614909 0.364813
v -0.672379 4.630286 0.459670
v -0.480129 4.625999 0.449797
v -0.357250 4.629838 0.421171
v -0.240180 4.654472 0.357145
v -0.174471 4.646510 0.215247
v -0.159380 4.649402 0.075692
v -0.135965 4.632157 -0.084502
v -0.177088 4.624332 -0.213093
v -0.789298 4.576445 -0.356131
v -0.448075 4.608920 -0.439164
v -0.552287 4.703147 -0.008892
v -1.002574 3.175615 -0.031862
v -1.152178 3.467394 0.349855
v -1.608230 3.427761 0.390460
v -1.666956 3.226291 0.060112
v -1.223657 3.142586 -0.062063
v -1.332693 3.430984 0.317949
v -0.298670 3.137750 0.574436
v -0.813645 3.208158 0.055119
v -0.969241 3.504355 0.444111
v -0.652783 3.471461 0.767689
v -0.631107 3.414390 1.537125
v -0.575877 3.463598 0.995412
v -0.201186 3.128844 0.875343
v -0.602986 3.450203 1.271122
v -0.245977 3.160260 1.241905
v -0.273133 3.034308 1.628851
v -0.409181 2.950663 2.026804
v -0.744148 3.347885 1.785058
v -0.943742 3.296759 1.917150
v -0.686689 2.913332 2.217722
v -1.043047 2.832412 2.284762
v -1.170636 3.277127 1.975450
v -1.532311 3.261482 2.005145
v -1.606891 2.741204 2.359819
v -2.036425 2.711427 2.170354
v -1.847708 3.248707 1.849872
v -2.062744 3.269174 1.583313
v -2.381904 2.733516 1.774228
v -2.531628 2.831930 1.357867
v -2.147699 3.277418 1.328042
v -2.159948 3.292875 0.999907
v -2.549305 2.841989 0.846240
v -2.334881 2.990449 0.440094
v -2.018249 3.359590 0.716120
v -1.786916 3.408718 0.522468
v -1.946206 3.178293 0.221819
v -1.146816 3.623776 0.790107
v -1.362353 3.587575 0.717722
v -1.500084 3.565203 0.756535
v -1.714744 3.530464 0.925085
v -1.799706 3.508901 1.083678
v -1.788179 3.497385 1.256211
v -1.749918 3.490914 1.390925
v -1.635437 3.497238 1.542587
v -1.458022 3.513730 1.634984
v -1.266228 3.523237 1.620813
v -1.144669 3.538279 1.590312
v -1.031188 3.577438 1.527063
v -0.969014 3.589401 1.383859
v -0.957961 3.608536 1.245210
v -0.937892 3.610504 1.083652
v -0.981941 3.614104 0.955844
v -1.593575 3.541889 0.820776
v -1.257493 3.605686 0.734982
v -1.355649 3.645185 1.175070
v 0.182468 2.671781 -1.305820
v 0.137985 2.839828 -1.118602
v -0.091603 2.843633 -1.077217
v -0.145542 2.733145 -1.233302
v 0.068248 2.664878 -1.310366
v 0.043960 2.829174 -1.125592
v 0.563028 2.639905 -1.028352
v 0.283083 2.682044 -1.271255
v 0.236118 2.852871 -1.080290
v 0.408826 2.832364 -0.929193
v 0.452466 2.830045 -0.539772
v 0.457649 2.832778 -0.817286
v 0.625526 2.641402 -0.880367
v 0.456047 2.837210 -0.676550
v 0.621238 2.672536 -0.694847
v 0.619580 2.624213 -0.493518
v 0.565528 2.602941 -0.283710
v 0.403893 2.810923 -0.407285
v 0.307119 2.799648 -0.330168
v 0.432852 2.604538 -0.174173
v 0.252793 2.583596 -0.122033
v 0.194648 2.802947 -0.290367
v 0.013177 2.813832 -0.259440
v -0.031846 2.567913 -0.056648
v -0.258196 2.567162 -0.132815
v -0.153353 2.817285 -0.323878
v -0.272939 2.828600 -0.450020
v -0.449342 2.581050 -0.318841
v -0.539360 2.623101 -0.526413
v -0.327063 2.827788 -0.575494
v -0.347593 2.824448 -0.741086
v -0.571295 2.610744 -0.784102
v -0.475193 2.660557 -1.003948
v -0.286226 2.840991 -0.892878
v -0.176388 2.847504 -1.002309
v -0.280924 2.728406 -1.137998
v 0.168041 2.934132 -0.903028
v 0.054532 2.923850 -0.928958
v -0.014062 2.920706 -0.902654
v -0.115999 2.919732 -0.807164
v -0.152484 2.918694 -0.722718
v -0.139283 2.918493 -0.635731
v -0.114126 2.918174 -0.569151
v -0.049227 2.921179 -0.497765
v 0.045105 2.924108 -0.459340
v 0.141465 2.919002 -0.474993
v 0.201963 2.919542 -0.496128
v 0.257989 2.931462 -0.534398
v 0.283267 2.929328 -0.609734
v 0.283340 2.933474 -0.680893
v 0.286117 2.927708 -0.763303
v 0.258232 2.927109 -0.826039
v -0.059253 2.915828 -0.865362
v 0.108953 2.928462 -0.925418
v 0.081538 2.968913 -0.700878
v -1.914899 2.569924 -0.068795
v -1.973241 2.863061 0.189897
v -2.233823 2.760000 0.466838
v -2.324433 2.500235 0.331838
v -2.055821 2.493031 0.036727
v -2.087468 2.791669 0.273508
v -1.203800 2.910589 -0.048754
v -1.771546 2.660686 -0.120975
v -1.832562 2.958049 0.144567
v -1.486009 3.119792 0.189512
v -1.139424 3.368969 0.680255
v -1.341783 3.213593 0.295307
v -1.016469 3.034628 0.092916
v -1.242783 3.300234 0.488150
v -0.910049 3.179131 0.343189
v -0.721485 3.235268 0.631482
v -0.615209 3.299975 0.975413
v -1.085637 3.394435 0.912712
v -1.140188 3.369717 1.114076
v -0.701559 3.289576 1.252623
v -0.871078 3.190383 1.502426
v -1.254519 3.332400 1.276093
v -1.468466 3.259722 1.490675
v -1.166443 3.045375 1.869878
v -1.506610 2.869972 1.984118
v -1.728366 3.130774 1.562287
v -1.981909 3.002640 1.502442
v -1.896715 2.669019 1.910781
v -2.199700 2.548741 1.703813
v -2.142551 2.897388 1.383306
v -2.288751 2.784902 1.177563
v -2.421155 2.364775 1.385334
v -2.506215 2.353971 0.980350
v -2.338671 2.752318 0.907004
v -2.287754 2.759770 0.650018
v -2.419423 2.472082 0.593713
v -1.854668 3.123594 0.433085
v -2.007762 3.030431 0.509500
v -2.071626 3.002426 0.612315
v -2.127679 2.998295 0.841311
v -2.109742 3.025258 0.992143
v -2.028258 3.083297 1.098360
v -1.946856 3.136165 1.165189
v -1.814799 3.218816 1.199490
v -1.670269 3.299073 1.160389
v -1.556661 3.338953 1.047336
v -1.496912 3.362071 0.960013
v -1.465137 3.386824 0.850863
v -1.487681 3.354775 0.724040
v -1.544054 3.318510 0.625723
v -1.597040 3.264878 0.511785
v -1.678230 3.211539 0.453057
v -2.096476 2.992112 0.708004
v -1.940713 3.069518 0.460785
v -1.842142 3.235094 0.784461
v 0.138863 2.778436 -2.768655
v 0.017463 3.122926 -2.503180
v -0.387120 3.092249 -2.429522
v -0.452097 2.835366 -2.659990
v -0.059669 2.739216 -2.772429
v -0.144753 3.080957 -2.510154
v 0.804495 2.907284 -2.282435
v 0.311864 2.830931 -2.713888
v 0.185375 3.180955 -2.442870
v 0.488028 3.237924 -2.176480
v 0.552983 3.380965 -1.501939
v 0.570052 3.289067 -1.983549
v 0.909130 2.976081 -2.027606
v 0.561893 3.345894 -1.741380
v 0.888896 3.093931 -1.717283
v 0.890575 3.081496 -1.351544
v 0.794091 3.106683 -0.979919
v 0.468017 3.383841 -1.265049
v 0.298517 3.369817 -1.126116
v 0.557771 3.118083 -0.788871
v 0.245217 3.059871 -0.688565
v 0.099393 3.364130 -1.056724
v -0.222106 3.352782 -1.004378
v -0.252246 2.991767 -0.565660
v -0.646491 2.912588 -0.694003
v -0.512796 3.298448 -1.114763
v -0.721047 3.246468 -1.335462
v -0.978900 2.827789 -1.018273
v -1.139681 2.806575 -1.391271
v -0.811854 3.188665 -1.551672
v -0.841963 3.119966 -1.836946
v -1.184912 2.687377 -1.832680
v -1.020798 2.717150 -2.232383
v -0.733395 3.108746 -2.106541
v -0.538927 3.106158 -2.299938
v -0.691300 2.830262 -2.491311
v 0.042356 3.367584 -2.163629
v -0.153511 3.315189 -2.203249
v -0.273860 3.303583 -2.155590
v -0.455288 3.312554 -1.988406
v -0.521625 3.332288 -1.841274
v -0.501135 3.365563 -1.690760
v -0.459028 3.394144 -1.575718
v -0.348149 3.439090 -1.454103
v -0.184639 3.478934 -1.389970
v -0.014099 3.486389 -1.416673
v 0.092481 3.493517 -1.454341
v 0.189207 3.513144 -1.525639
v 0.236328 3.488643 -1.655711
v 0.237732 3.470713 -1.780402
v 0.246443 3.432407 -1.921114
v 0.199641 3.402989 -2.029138
v -0.353141 3.298150 -2.088633
v -0.059258 3.336632 -2.199540
v -0.123326 3.479008 -1.824599
v 2.047539 3.598083 -0.928141
v 1.854889 3.883420 -0.917874
v 1.591381 3.847768 -1.153987
v 1.675783 3.610141 -1.280590
v 1.941473 3.553259 -1.059985
v 1.769458 3.839386 -1.026560
v 2.088058 3.891114 -0.273599
v 2.108247 3.664329 -0.791624
v 1.910020 3.954339 -0.782726
v 1.898108 4.100379 -0.464675
v 1.503057 4.402022 -0.130016
v 1.819500 4.199167 -0.327180
v 1.982473 4.022021 -0.094578
v 1.662048 4.307869 -0.228595
v 1.781757 4.188617 0.021627
v 1.537863 4.292507 0.187687
v 1.244138 4.412354 0.287523
v 1.301828 4.467899 -0.081083
v 1.119445 4.485182 -0.131463
v 0.995836 4.455055 0.213643
v 0.758721 4.419103 0.053423
v 0.969011 4.483644 -0.233560
v 0.765501 4.461598 -0.424988
v 0.409090 4.366071 -0.219994
v 0.278604 4.239396 -0.535882
v 0.680311 4.365931 -0.665286
v 0.711624 4.246022 -0.899886
v 0.309722 4.055391 -0.897649
v 0.471128 3.912898 -1.171093
v 0.800229 4.135115 -1.053184
v 0.964813 4.002146 -1.195839
v 0.724740 3.699194 -1.389893
v 1.079777 3.611751 -1.461269
v 1.198914 3.923332 -1.242931
v 1.428215 3.881420 -1.198892
v 1.438600 3.635392 -1.365126
v 1.675481 4.142794 -0.768310
v 1.592831 4.079032 -0.913393
v 1.496996 4.074722 -0.971889
v 1.292766 4.113896 -1.019431
v 1.163174 4.164764 -0.999563
v 1.078327 4.233500 -0.920971
v 1.027656 4.290551 -0.843400
v 1.010606 4.366478 -0.718016
v 1.058431 4.426734 -0.582670
v 1.165871 4.439653 -0.480763
v 1.247296 4.442878 -0.426675
v 1.347650 4.442739 -0.395266
v 1.455263 4.392237 -0.420007
v 1.536422 4.343104 -0.473541
v 1.629254 4.277009 -0.527741
v 1.672705 4.221122 -0.605252
v 1.410532 4.084115 -0.994658
v 1.642296 4.102667 -0.850163
v 1.379181 4.300137 -0.736354
vt 0.401546 0.425831
vt 0.355641 0.514581
vt 0.240356 0.405471
vt 0.263934 0.506546
vt 0.174662 0.432804
vt 0.219011 0.524687
vt 0.180840 0.564571
vt 0.144776 0.604782
vt 0.118643 0.496673
vt 0.050941 0.561190
vt 0.009930 0.647959
vt 0.120262 0.655990
vt 0.017750 0.722986
vt 0.124279 0.705486
vt 0.145603 0.747578
vt 0.048458 0.800964
vt 0.122878 0.907431
vt 0.190490 0.804066
vt 0.217022 0.953156
vt 0.254127 0.833453
vt 0.334047 0.957475
vt 0.322388 0.830641
vt 0.519144 0.850304
vt 0.426683 0.915693
vt 0.426582 0.774356
vt 0.372583 0.812353
vt 0.451798 0.713444
vt 0.555835 0.750457
vt 0.534636 0.644405
vt 0.452590 0.651341
vt 0.519473 0.571497
vt 0.449862 0.605826
vt 0.483286 0.474396
vt 0.425819 0.552424
vt 0.444229 0.444134
vt 0.395274 0.529294
vt 0.376626 0.633747
vt 0.364740 0.608218
vt 0.379291 0.656074
vt 0.378234 0.687129
vt 0.364965 0.719552
vt 0.337559 0.738874
vt 0.312852 0.749667
vt 0.276437 0.750809
vt 0.241283 0.735671
vt 0.219125 0.706606
vt 0.208419 0.685183
vt 0.205311 0.659727
vt 0.217619 0.633047
vt 0.236373 0.614413
vt 0.256760 0.591450
vt 0.296314 0.662098
vt 0.280796 0.581963
vt 0.348456 0.594922
vt 0.326007 0.585629
vt 0.903789 0.582563
vt 0.858154 0.645478
vt 0.782187 0.548143
vt 0.788556 0.628624
vt 0.728480 0.561519
vt 0.751894 0.637347
vt 0.717895 0.663580
vt 0.685478 0.690309
vt 0.677962 0.604120
vt 0.618383 0.645861
vt 0.576742 0.707821
vt 0.660664 0.726840
vt 0.574024 0.766435
vt 0.657992 0.765375
vt 0.669493 0.800230
vt 0.588566 0.829982
vt 0.633410 0.920528
vt 0.697442 0.848899
vt 0.700494 0.966653
vt 0.742964 0.878908
vt 0.789997 0.983596
vt 0.795791 0.884690
vt 0.944829 0.922714
vt 0.866106 0.962243
vt 0.882479 0.853528
vt 0.836525 0.876467
vt 0.908962 0.809616
vt 0.984669 0.850192
vt 0.980708 0.766160
vt 0.916800 0.761945
vt 0.977533 0.708321
vt 0.919999 0.726621
vt 0.961003 0.629428
vt 0.907723 0.682751
vt 0.934486 0.601608
vt 0.886923 0.661407
vt 0.860424 0.739571
vt 0.854253 0.718554
vt 0.859874 0.757053
vt 0.855447 0.780815
vt 0.841468 0.804207
vt 0.818141 0.815878
vt 0.797883 0.821303
vt 0.769742 0.817943
vt 0.744467 0.802208
vt 0.730809 0.777276
vt 0.725068 0.759553
vt 0.725640 0.739613
vt 0.738212 0.720526
vt 0.754804 0.708378
vt 0.773157 0.693089
vt 0.795356 0.752028
vt 0.792747 0.688591
vt 0.843277 0.706432
vt 0.827093 0.696672
vt 0.401546 0.425831
vt 0.355641 0.514582
vt 0.240356 0.405472
vt 0.263934 0.506546
vt 0.174662 0.432804
vt 0.219010 0.524687
vt 0.180840 0.564571
vt 0.144776 0.604782
vt 0.118643 0.496673
vt 0.050941 0.561190
vt 0.009930 0.647959
vt 0.120262 0.655990
vt 0.017750 0.722986
vt 0.124278 0.705486
vt 0.145603 0.747578
vt 0.048458 0.800964
vt 0.122877 0.907431
vt 0.190490 0.804065
vt 0.217021 0.953156
vt 0.254127 0.833453
vt 0.334047 0.957475
vt 0.322387 0.830641
vt 0.519144 0.850304
vt 0.426683 0.915693
vt 0.426582 0.774356
vt 0.372583 0.812353
vt 0.451798 0.713444
vt 0.555835 0.750457
vt 0.534635 0.644405
vt 0.452590 0.651341
vt 0.519473 0.571497
vt 0.449862 0.605826
vt 0.483287 0.474396
vt 0.425818 0.552424
vt 0.444229 0.444134
vt 0.395274 0.529294
vt 0.376626 0.633747
vt 0.364739 0.608218
vt 0.379291 0.656074
vt 0.378234 0.687129
vt 0.364965 0.719552
vt 0.337559 0.738874
vt 0.312852 0.749666
vt 0.276437 0.750809
vt 0.241283 0.735671
vt 0.219125 0.706605
vt 0.208419 0.685183
vt 0.205311 0.659727
vt 0.217619 0.633047
vt 0.236373 0.614413
vt 0.256760 0.591450
vt 0.296314 0.662097
vt 0.280796 0.581963
vt 0.348456 0.594922
vt 0.326007 0.585629
vt 0.401546 0.425831
vt 0.355641 0.514581
vt 0.240356 0.405471
vt 0.263934 0.506546
vt 0.174662 0.432804
vt 0.219011 0.524687
vt 0.180840 0.564571
vt 0.144776 0.604782
vt 0.118643 0.496673
vt 0.050941 0.561190
vt 0.009930 0.647959
vt 0.120262 0.655990
vt 0.017750 0.722986
vt 0.124279 0.705486
vt 0.145603 0.747578
vt 0.048458 0.800964
vt 0.122878 0.907431
vt 0.190490 0.804066
vt 0.217022 0.953156
vt 0.254127 0.833453
vt 0.334047 0.957475
vt 0.322388 0.830641
vt 0.519144 0.850304
vt 0.426683 0.915693
vt 0.426582 0.774356
vt 0.372583 0.812353
vt 0.451798 0.713444
vt 0.555835 0.750457
vt 0.534636 0.644405
vt 0.452590 0.651341
vt 0.519473 0.571497
vt 0.449862 0.605826
vt 0.483286 0.474396
vt 0.425819 0.552424
vt 0.444229 0.444134
vt 0.395274 0.529294
vt 0.376626 0.633747
vt 0.364740 0.608218
vt 0.379291 0.656074
vt 0.378234 0.687129
vt 0.364965 0.719552
vt 0.337559 0.738874
vt 0.312852 0.749667
vt 0.276437 0.750809
vt 0.241283 0.735671
vt 0.219125 0.706606
vt 0.208419 0.685183
vt 0.205311 0.659727
vt 0.217619 0.633047
vt 0.236373 0.614413
vt 0.256760 0.591450
vt 0.296314 0.662098
vt 0.280796 0.581963
vt 0.348456 0.594922
vt 0.326007 0.585629
vt 0.401546 0.425831
vt 0.355641 0.514581
vt 0.240356 0.405471
vt 0.263934 0.506546
vt 0.174661 0.432804
vt 0.219011 0.524686
vt 0.180840 0.564571
vt 0.144776 0.604782
vt 0.118643 0.496673
vt 0.050941 0.561190
vt 0.009930 0.647959
vt 0.120262 0.655990
vt 0.017750 0.722986
vt 0.124279 0.705486
vt 0.145603 0.747578
vt 0.048458 0.800964
vt 0.122878 0.907431
vt 0.190490 0.804066
vt 0.217022 0.953156
vt 0.254127 0.833453
vt 0.334048 0.957475
vt 0.322388 0.830641
vt 0.519144 0.850304
vt 0.426683 0.915693
vt 0.426582 0.774356
vt 0.372583 0.812353
vt 0.451798 0.713444
vt 0.555835 0.750457
vt 0.534635 0.644405
vt 0.452590 0.651341
vt 0.519473 0.571497
vt 0.449862 0.605826
vt 0.483287 0.474396
vt 0.425819 0.552424
vt 0.444229 0.444134
vt 0.395274 0.529294
vt 0.376626 0.633747
vt 0.364740 0.608218
vt 0.379291 0.656074
vt 0.378234 0.687128
vt 0.364965 0.719552
vt 0.337559 0.738874
vt 0.312853 0.749667
vt 0.276437 0.750809
vt 0.241283 0.735671
vt 0.219125 0.706606
vt 0.208419 0.685183
vt 0.205311 0.659727
vt 0.217620 0.633048
vt 0.236373 0.614413
vt 0.256760 0.591450
vt 0.296314 0.662098
vt 0.280796 0.581963
vt 0.348456 0.594922
vt 0.326007 0.585629
vt 0.401546 0.425831
vt 0.355641 0.514582
vt 0.240356 0.405472
vt 0.263934 0.506546
vt 0.174662 0.432804
vt 0.219010 0.524687
vt 0.180840 0.564571
vt 0.144776 0.604782
vt 0.118643 0.496673
vt 0.050941 0.561190
vt 0.009930 0.647959
vt 0.120262 0.655990
vt 0.017750 0.722986
vt 0.124278 0.705486
vt 0.145603 0.747578
vt 0.048458 0.800964
vt 0.122877 0.907431
vt 0.190490 0.804065
vt 0.217021 0.953156
vt 0.254127 0.833453
vt 0.334047 0.957475
vt 0.322387 0.830641
vt 0.519144 0.850304
vt 0.426683 0.915693
vt 0.426582 0.774356
vt 0.372583 0.812353
vt 0.451798 0.713444
vt 0.555835 0.750457
vt 0.534635 0.644405
vt 0.452590 0.651341
vt 0.519473 0.571497
vt 0.449862 0.605826
vt 0.483287 0.474396
vt 0.425818 0.552424
vt 0.444229 0.444134
vt 0.395274 0.529294
vt 0.376626 0.633747
vt 0.364739 0.608218
vt 0.379291 0.656074
vt 0.378234 0.687129
vt 0.364965 0.719552
vt 0.337559 0.738874
vt 0.312852 0.749666
vt 0.276437 0.750809
vt 0.241283 0.735671
vt 0.219125 0.706605
vt 0.208419 0.685183
vt 0.205311 0.659727
vt 0.217619 0.633047
vt 0.236373 0.614413
vt 0.256760 0.591450
vt 0.296314 0.662097
vt 0.280796 0.581963
vt 0.348456 0.594922
vt 0.326007 0.585629
vt 0.401546 0.425831
vt 0.355641 0.514581
vt 0.240356 0.405471
vt 0.263934 0.506546
vt 0.174662 0.432804
vt 0.219011 0.524686
vt 0.180840 0.564571
vt 0.144775 0.604782
vt 0.118643 0.496673
vt 0.050941 0.561190
vt 0.009930 0.647959
vt 0.120262 0.655990
vt 0.017750 0.722986
vt 0.124279 0.705486
vt 0.145603 0.747578
vt 0.048458 0.800964
vt 0.122878 0.907431
vt 0.190490 0.804066
vt 0.217022 0.953156
vt 0.254127 0.833453
vt 0.334047 0.957475
vt 0.322387 0.830641
vt 0.519144 0.850304
vt 0.426683 0.915693
vt 0.426582 0.774356
vt 0.372583 0.812353
vt 0.451798 0.713444
vt 0.555834 0.750457
vt 0.534636 0.644405
vt 0.452590 0.651341
vt 0.519473 0.571497
vt 0.449862 0.605826
vt 0.483286 0.474396
vt 0.425819 0.552424
vt 0.444229 0.444134
vt 0.395274 0.529294
vt 0.376626 0.633747
vt 0.364740 0.608218
vt 0.379291 0.656074
vt 0.378234 0.687129
vt 0.364965 0.719552
vt 0.337559 0.738874
vt 0.312852 0.749666
vt 0.276437 0.750809
vt 0.241283 0.735671
vt 0.219125 0.706606
vt 0.208419 0.685183
vt 0.205311 0.659727
vt 0.217619 0.633047
vt 0.236372 0.614413
vt 0.256760 0.591450
vt 0.296314 0.662097
vt 0.280796 0.581963
vt 0.348456 0.594922
vt 0.326007 0.585629
vt 0.401546 0.425831
vt 0.355641 0.514581
vt 0.240356 0.405471
vt 0.263934 0.506546
vt 0.174661 0.432804
vt 0.219011 0.524686
vt 0.180840 0.564571
vt 0.144776 0.604782
vt 0.118643 0.496673
vt 0.050941 0.561190
vt 0.009930 0.647958
vt 0.120262 0.655990
vt 0.017750 0.722986
vt 0.124279 0.705486
vt 0.145603 0.747578
vt 0.048458 0.800964
vt 0.122877 0.907431
vt 0.190490 0.804066
vt 0.217022 0.953156
vt 0.254127 0.833453
vt 0.334047 0.957475
vt 0.322387 0.830641
vt 0.519144 0.850304
vt 0.426683 0.915693
vt 0.426582 0.774356
vt 0.372583 0.812353
vt 0.451798 0.713444
vt 0.555835 0.750457
vt 0.534635 0.644405
vt 0.452590 0.651341
vt 0.519473 0.571497
vt 0.449862 0.605826
vt 0.483286 0.474396
vt 0.425818 0.552424
vt 0.444229 0.444134
vt 0.395274 0.529294
vt 0.376626 0.633747
vt 0.364740 0.608218
vt 0.379291 0.656074
vt 0.378234 0.687128
vt 0.364965 0.719552
vt 0.337559 0.738874
vt 0.312853 0.749666
vt 0.276437 0.750808
vt 0.241283 0.735671
vt 0.219125 0.706605
vt 0.208419 0.685183
vt 0.205311 0.659727
vt 0.217619 0.633047
vt 0.236372 0.614413
vt 0.256760 0.591450
vt 0.296314 0.662097
vt 0.280796 0.581963
vt 0.348456 0.594922
vt 0.326007 0.585629
vt 0.903789 0.582563
vt 0.858154 0.645478
vt 0.782187 0.548143
vt 0.788556 0.628624
vt 0.728480 0.561519
vt 0.751894 0.637347
vt 0.717895 0.663580
vt 0.685478 0.690309
vt 0.677962 0.604120
vt 0.618383 0.645861
vt 0.576742 0.707821
vt 0.660664 0.726840
vt 0.574024 0.766435
vt 0.657992 0.765375
vt 0.669493 0.800230
vt 0.588566 0.829982
vt 0.633410 0.920528
vt 0.697442 0.848899
vt 0.700494 0.966653
vt 0.742964 0.878908
vt 0.789997 0.983596
vt 0.795791 0.884690
vt 0.944829 0.922714
vt 0.866106 0.962243
vt 0.882479 0.853528
vt 0.836525 0.876467
vt 0.908962 0.809616
vt 0.984669 0.850192
vt 0.980708 0.766160
vt 0.916800 0.761945
vt 0.977533 0.708321
vt 0.919999 0.726621
vt 0.961003 0.629428
vt 0.907723 0.682751
vt 0.934486 0.601608
vt 0.886923 0.661407
vt 0.860424 0.739571
vt 0.854253 0.718554
vt 0.859874 0.757053
vt 0.855447 0.780815
vt 0.841468 0.804207
vt 0.818141 0.815878
vt 0.797883 0.821303
vt 0.769742 0.817943
vt 0.744467 0.802208
vt 0.730809 0.777276
vt 0.725068 0.759553
vt 0.725640 0.739613
vt 0.738212 0.720526
vt 0.754804 0.708378
vt 0.773157 0.693089
vt 0.795356 0.752028
vt 0.792747 0.688591
vt 0.843277 0.706432
vt 0.827093 0.696672
vt 0.903789 0.582563
vt 0.858154 0.645478
vt 0.782187 0.548143
vt 0.788556 0.628624
vt 0.728480 0.561519
vt 0.751894 0.637347
vt 0.717895 0.663580
vt 0.685478 0.690309
vt 0.677962 0.604120
vt 0.618383 0.645861
vt 0.576742 0.707821
vt 0.660664 0.726840
vt 0.574024 0.766435
vt 0.657992 0.765375
vt 0.669493 0.800230
vt 0.588566 0.829982
vt 0.633410 0.920528
vt 0.697442 0.848899
vt 0.700494 0.966653
vt 0.742964 0.878908
vt 0.789997 0.983596
vt 0.795791 0.884690
vt 0.944829 0.922714
vt 0.866106 0.962243
vt 0.882479 0.853528
vt 0.836525 0.876467
vt 0.908962 0.809616
vt 0.984669 0.850192
vt 0.980708 0.766160
vt 0.916800 0.761945
vt 0.977533 0.708321
vt 0.919999 0.726621
vt 0.961003 0.629428
vt 0.907723 0.682751
vt 0.934486 0.601608
vt 0.886923 0.661407
vt 0.860424 0.739571
vt 0.854253 0.718554
vt 0.859874 0.757053
vt 0.855447 0.780815
vt 0.841468 0.804207
vt 0.818141 0.815878
vt 0.797883 0.821303
vt 0.769742 0.817943
vt 0.744467 0.802208
vt 0.730809 0.777276
vt 0.725068 0.759553
vt 0.725640 0.739613
vt 0.738212 0.720526
vt 0.754804 0.708378
vt 0.773157 0.693089
vt 0.795356 0.752028
vt 0.792747 0.688591
vt 0.843277 0.706432
vt 0.827093 0.696672
vt 0.903789 0.582563
vt 0.858154 0.645478
vt 0.782187 0.548143
vt 0.788556 0.628624
vt 0.728480 0.561519
vt 0.751894 0.637347
vt 0.717895 0.663580
vt 0.685478 0.690309
vt 0.677962 0.604120
vt 0.618383 0.645861
vt 0.576742 0.707821
vt 0.660664 0.726840
vt 0.574024 0.766435
vt 0.657992 0.765375
vt 0.669494 0.800230
vt 0.588566 0.829982
vt 0.633410 0.920528
vt 0.697442 0.848899
vt 0.700495 0.966653
vt 0.742965 0.878908
vt 0.789997 0.983596
vt 0.795791 0.884690
vt 0.944829 0.922714
vt 0.866106 0.962243
vt 0.882479 0.853528
vt 0.836526 0.876467
vt 0.908962 0.809616
vt 0.984669 0.850192
vt 0.980708 0.766159
vt 0.916800 0.761944
vt 0.977533 0.708321
vt 0.919999 0.726621
vt 0.961003 0.629428
vt 0.907722 0.682751
vt 0.934486 0.601608
vt 0.886923 0.661407
vt 0.860423 0.739571
vt 0.854252 0.718554
vt 0.859874 0.757053
vt 0.855447 0.780814
vt 0.841468 0.804207
vt 0.818141 0.815878
vt 0.797883 0.821302
vt 0.769742 0.817943
vt 0.744468 0.802208
vt 0.730809 0.777275
vt 0.725068 0.759553
vt 0.725641 0.739613
vt 0.738212 0.720526
vt 0.754804 0.708377
vt 0.773157 0.693089
vt 0.795356 0.752028
vt 0.792747 0.688590
vt 0.843277 0.706432
vt 0.827093 0.696672
vt 0.903789 0.582563
vt 0.858154 0.645478
vt 0.782187 0.548143
vt 0.788556 0.628624
vt 0.728480 0.561519
vt 0.751894 0.637347
vt 0.717895 0.663580
vt 0.685478 0.690309
vt 0.677962 0.604120
vt 0.618383 0.645861
vt 0.576742 0.707821
vt 0.660664 0.726840
vt 0.574024 0.766435
vt 0.657992 0.765375
vt 0.669494 0.800230
vt 0.588566 0.829982
vt 0.633410 0.920528
vt 0.697442 0.848899
vt 0.700495 0.966653
vt 0.742965 0.878908
vt 0.789997 0.983596
vt 0.795791 0.884690
vt 0.944829 0.922714
vt 0.866106 0.962243
vt 0.882479 0.853528
vt 0.836526 0.876467
vt 0.908962 0.809616
vt 0.984669 0.850192
vt 0.980708 0.766159
vt 0.916800 0.761944
vt 0.977533 0.708321
vt 0.919999 0.726621
vt 0.961003 0.629428
vt 0.907722 0.682751
vt 0.934486 0.601608
vt 0.886923 0.661407
vt 0.860423 0.739571
vt 0.854252 0.718554
vt 0.859874 0.757053
vt 0.855447 0.780814
vt 0.841468 0.804207
vt 0.818141 0.815878
vt 0.797883 0.821302
vt 0.769742 0.817943
vt 0.744468 0.802208
vt 0.730809 0.777275
vt 0.725068 0.759553
vt 0.725641 0.739613
vt 0.738212 0.720526
vt 0.754804 0.708377
vt 0.773157 0.693089
vt 0.795356 0.752028
vt 0.792747 0.688590
vt 0.843277 0.706432
vt 0.827093 0.696672
vt 0.903789 0.582563
vt 0.858154 0.645478
vt 0.782187 0.548143
vt 0.788556 0.628624
vt 0.728480 0.561519
vt 0.751894 0.637347
vt 0.717895 0.663580
vt 0.685478 0.690309
vt 0.677962 0.604120
vt 0.618383 0.645861
vt 0.576742 0.707821
vt 0.660664 0.726840
vt 0.574024 0.766435
vt 0.657992 0.765375
vt 0.669493 0.800230
vt 0.588566 0.829982
vt 0.633410 0.920528
vt 0.697442 0.848899
vt 0.700494 0.966653
vt 0.742964 0.878908
vt 0.789997 0.983596
vt 0.795791 0.884690
vt 0.944829 0.922714
vt 0.866106 0.962243
vt 0.882479 0.853528
vt 0.836525 0.876467
vt 0.908962 0.809616
vt 0.984669 0.850192
vt 0.980708 0.766160
vt 0.916800 0.761945
vt 0.977533 0.708321
vt 0.919999 0.726621
vt 0.961003 0.629428
vt 0.907723 0.682751
vt 0.934486 0.601608
vt 0.886923 0.661407
vt 0.860424 0.739571
vt 0.854253 0.718554
vt 0.859874 0.757053
vt 0.855447 0.780815
vt 0.841468 0.804207
vt 0.818141 0.815878
vt 0.797883 0.821303
vt 0.769742 0.817943
vt 0.744467 0.802208
vt 0.730809 0.777276
vt 0.725068 0.759553
vt 0.725640 0.739613
vt 0.738212 0.720526
vt 0.754804 0.708378
vt 0.773157 0.693089
vt 0.795356 0.752028
vt 0.792747 0.688591
vt 0.843277 0.706432
vt 0.827093 0.696672
vt 0.903789 0.582563
vt 0.858154 0.645478
vt 0.782187 0.548143
vt 0.788556 0.628624
vt 0.728480 0.561519
vt 0.751894 0.637347
vt 0.717895 0.663580
vt 0.685478 0.690309
vt 0.677962 0.604120
vt 0.618383 0.645861
vt 0.576742 0.707821
vt 0.660664 0.726840
vt 0.574024 0.766435
vt 0.657992 0.765375
vt 0.669493 0.800230
vt 0.588566 0.829982
vt 0.633410 0.920528
vt 0.697442 0.848899
vt 0.700494 0.966653
vt 0.742964 0.878908
vt 0.789997 0.983596
vt 0.795791 0.884690
vt 0.944829 0.922714
vt 0.866106 0.962243
vt 0.882479 0.853528
vt 0.836525 0.876467
vt 0.908962 0.809616
vt 0.984669 0.850192
vt 0.980708 0.766160
vt 0.916800 0.761945
vt 0.977533 0.708321
vt 0.919999 0.726621
vt 0.961003 0.629428
vt 0.907723 0.682751
vt 0.934486 0.601608
vt 0.886923 0.661407
vt 0.860424 0.739571
vt 0.854253 0.718554
vt 0.859874 0.757053
vt 0.855447 0.780815
vt 0.841468 0.804207
vt 0.818141 0.815878
vt 0.797883 0.821303
vt 0.769742 0.817943
vt 0.744467 0.802208
vt 0.730809 0.777276
vt 0.725068 0.759553
vt 0.725640 0.739613
vt 0.738212 0.720526
vt 0.754804 0.708378
vt 0.773157 0.693089
vt 0.795356 0.752028
vt 0.792747 0.688591
vt 0.843277 0.706432
vt 0.827093 0.696672
vt 0.903789 0.582563
vt 0.858154 0.645478
vt 0.782187 0.548143
vt 0.788556 0.628624
vt 0.728480 0.561519
vt 0.751894 0.637347
vt 0.717895 0.663580
vt 0.685478 0.690309
vt 0.677962 0.604120
vt 0.618383 0.645861
vt 0.576742 0.707821
vt 0.660664 0.726840
vt 0.574024 0.766435
vt 0.657992 0.765375
vt 0.669493 0.800230
vt 0.588566 0.829982
vt 0.633410 0.920528
vt 0.697442 0.848899
vt 0.700494 0.966653
vt 0.742964 0.878908
vt 0.789997 0.983596
vt 0.795791 0.884690
vt 0.944829 0.922714
vt 0.866106 0.962243
vt 0.882479 0.853528
vt 0.836525 0.876467
vt 0.908962 0.809616
vt 0.984669 0.850192
vt 0.980708 0.766160
vt 0.916800 0.761945
vt 0.977533 0.708321
vt 0.919999 0.726621
vt 0.961003 0.629428
vt 0.907723 0.682751
vt 0.934486 0.601608
vt 0.886923 0.661407
vt 0.860424 0.739571
vt 0.854253 0.718554
vt 0.859874 0.757053
vt 0.855447 0.780815
vt 0.841468 0.804207
vt 0.818141 0.815878
vt 0.797883 0.821303
vt 0.769742 0.817943
vt 0.744467 0.802208
vt 0.730809 0.777276
vt 0.725068 0.759553
vt 0.725640 0.739613
vt 0.738212 0.720526
vt 0.754804 0.708378
vt 0.773157 0.693089
vt 0.795356 0.752028
vt 0.792747 0.688591
vt 0.843277 0.706432
vt 0.827093 0.696672
vt 0.401546 0.425831
vt 0.355641 0.514582
vt 0.240356 0.405472
vt 0.263934 0.506546
vt 0.174662 0.432804
vt 0.219010 0.524687
vt 0.180840 0.564571
vt 0.144776 0.604782
vt 0.118643 0.496673
vt 0.050941 0.561190
vt 0.009930 0.647959
vt 0.120262 0.655990
vt 0.017750 0.722986
vt 0.124278 0.705486
vt 0.145603 0.747578
vt 0.048458 0.800964
vt 0.122877 0.907431
vt 0.190490 0.804065
vt 0.217021 0.953156
vt 0.254127 0.833453
vt 0.334047 0.957475
vt 0.322387 0.830641
vt 0.519144 0.850304
vt 0.426683 0.915693
vt 0.426582 0.774356
vt 0.372583 0.812353
vt 0.451798 0.713444
vt 0.555835 0.750457
vt 0.534635 0.644405
vt 0.452590 0.651341
vt 0.519473 0.571497
vt 0.449862 0.605826
vt 0.483287 0.474396
vt 0.425818 0.552424
vt 0.444229 0.444134
vt 0.395274 0.529294
vt 0.376626 0.633747
vt 0.364739 0.608218
vt 0.379291 0.656074
vt 0.378234 0.687129
vt 0.364965 0.719552
vt 0.337559 0.738874
vt 0.312852 0.749666
vt 0.276437 0.750809
vt 0.241283 0.735671
vt 0.219125 0.706605
vt 0.208419 0.685183
vt 0.205311 0.659727
vt 0.217619 0.633047
vt 0.236373 0.614413
vt 0.256760 0.591450
vt 0.296314 0.662097
vt 0.280796 0.581963
vt 0.348456 0.594922
vt 0.326007 0.585629
vt 0.903789 0.582563
vt 0.858154 0.645478
vt 0.782187 0.548143
vt 0.788556 0.628624
vt 0.728480 0.561519
vt 0.751894 0.637347
vt 0.717895 0.663580
vt 0.685478 0.690309
vt 0.677962 0.604120
vt 0.618383 0.645861
vt 0.576742 0.707821
vt 0.660664 0.726840
vt 0.574024 0.766435
vt 0.657992 0.765375
vt 0.669493 0.800230
vt 0.588566 0.829982
vt 0.633410 0.920528
vt 0.697442 0.848899
vt 0.700494 0.966653
vt 0.742964 0.878908
vt 0.789997 0.983596
vt 0.795791 0.884690
vt 0.944829 0.922714
vt 0.866106 0.962243
vt 0.882479 0.853528
vt 0.836525 0.876467
vt 0.908962 0.809616
vt 0.984669 0.850192
vt 0.980708 0.766160
vt 0.916800 0.761945
vt 0.977533 0.708321
vt 0.919999 0.726621
vt 0.961003 0.629428
vt 0.907723 0.682751
vt 0.934486 0.601608
vt 0.886923 0.661407
vt 0.860424 0.739571
vt 0.854253 0.718554
vt 0.859874 0.757053
vt 0.855447 0.780815
vt 0.841468 0.804207
vt 0.818141 0.815878
vt 0.797883 0.821303
vt 0.769742 0.817943
vt 0.744467 0.802208
vt 0.730809 0.777276
vt 0.725068 0.759553
vt 0.725640 0.739613
vt 0.738212 0.720526
vt 0.754804 0.708378
vt 0.773157 0.693089
vt 0.795356 0.752028
vt 0.792747 0.688591
vt 0.843277 0.706432
vt 0.827093 0.696672
vt 0.903789 0.582563
vt 0.858154 0.645478
vt 0.782187 0.548143
vt 0.788556 0.628624
vt 0.728480 0.561519
vt 0.751894 0.637347
vt 0.717895 0.663580
vt 0.685478 0.690309
vt 0.677962 0.604120
vt 0.618383 0.645861
vt 0.576742 0.707821
vt 0.660664 0.726840
vt 0.574024 0.766435
vt 0.657992 0.765375
vt 0.669493 0.800230
vt 0.588566 0.829982
vt 0.633410 0.920528
vt 0.697442 0.848899
vt 0.700494 0.966653
vt 0.742964 0.878908
vt 0.789997 0.983596
vt 0.795791 0.884690
vt 0.944829 0.922714
vt 0.866106 0.962243
vt 0.882479 0.853528
vt 0.836525 0.876467
vt 0.908962 0.809616
vt 0.984669 0.850192
vt 0.980708 0.766160
vt 0.916800 0.761945
vt 0.977533 0.708321
vt 0.919999 0.726621
vt 0.961003 0.629428
vt 0.907723 0.682751
vt 0.934486 0.601608
vt 0.886923 0.661407
vt 0.860424 0.739571
vt 0.854253 0.718554
vt 0.859874 0.757053
vt 0.855447 0.780815
vt 0.841468 0.804207
vt 0.818141 0.815878
vt 0.797883 0.821303
vt 0.769742 0.817943
vt 0.744467 0.802208
vt 0.730809 0.777276
vt 0.725068 0.759553
vt 0.725640 0.739613
vt 0.738212 0.720526
vt 0.754804 0.708378
vt 0.773157 0.693089
vt 0.795356 0.752028
vt 0.792747 0.688591
vt 0.843277 0.706432
vt 0.827093 0.696672
vt 0.903789 0.582563
vt 0.858154 0.645478
vt 0.782187 0.548143
vt 0.788556 0.628624
vt 0.728480 0.561519
vt 0.751894 0.637347
vt 0.717895 0.663580
vt 0.685478 0.690309
vt 0.677962 0.604120
vt 0.618383 0.645861
vt 0.576742 0.707821
vt 0.660664 0.726840
vt 0.574024 0.766435
vt 0.657992 0.765375
vt 0.669493 0.800230
vt 0.588566 0.829982
vt 0.633410 0.920528
vt 0.697442 0.848899
vt 0.700494 0.966653
vt 0.742964 0.878908
vt 0.789997 0.983596
vt 0.795791 0.884690
vt 0.944829 0.922714
vt 0.866106 0.962243
vt 0.882479 0.853528
vt 0.836525 0.876467
vt 0.908962 0.809616
vt 0.984669 0.850192
vt 0.980708 0.766160
vt 0.916800 0.761945
vt 0.977533 0.708321
vt 0.919999 0.726621
vt 0.961003 0.629428
vt 0.907723 0.682751
vt 0.934486 0.601608
vt 0.886923 0.661407
vt 0.860424 0.739571
vt 0.854253 0.718554
vt 0.859874 0.757053
vt 0.855447 0.780815
vt 0.841468 0.804207
vt 0.818141 0.815878
vt 0.797883 0.821303
vt 0.769742 0.817943
vt 0.744467 0.802208
vt 0.730809 0.777276
vt 0.725068 0.759553
vt 0.725640 0.739613
vt 0.738212 0.720526
vt 0.754804 0.708378
vt 0.773157 0.693089
vt 0.795356 0.752028
vt 0.792747 0.688591
vt 0.843277 0.706432
vt 0.827093 0.696672
vt 0.401546 0.425831
vt 0.355641 0.514581
vt 0.240356 0.405471
vt 0.263934 0.506546
vt 0.174661 0.432804
vt 0.219011 0.524686
vt 0.180840 0.564571
vt 0.144776 0.604782
vt 0.118643 0.496673
vt 0.050941 0.561190
vt 0.009930 0.647958
vt 0.120262 0.655990
vt 0.017750 0.722986
vt 0.124279 0.705486
vt 0.145603 0.747578
vt 0.048458 0.800964
vt 0.122877 0.907431
vt 0.190490 0.804066
vt 0.217022 0.953156
vt 0.254127 0.833453
vt 0.334047 0.957475
vt 0.322387 0.830641
vt 0.519144 0.850304
vt 0.426683 0.915693
vt 0.426582 0.774356
vt 0.372583 0.812353
vt 0.451798 0.713444
vt 0.555835 0.750457
vt 0.534635 0.644405
vt 0.452590 0.651341
vt 0.519473 0.571497
vt 0.449862 0.605826
vt 0.483286 0.474396
vt 0.425818 0.552424
vt 0.444229 0.444134
vt 0.395274 0.529294
vt 0.376626 0.633747
vt 0.364740 0.608218
vt 0.379291 0.656074
vt 0.378234 0.687128
vt 0.364965 0.719552
vt 0.337559 0.738874
vt 0.312853 0.749666
vt 0.276437 0.750808
vt 0.241283 0.735671
vt 0.219125 0.706605
vt 0.208419 0.685183
vt 0.205311 0.659727
vt 0.217619 0.633047
vt 0.236372 0.614413
vt 0.256760 0.591450
vt 0.296314 0.662097
vt 0.280796 0.581963
vt 0.348456 0.594922
vt 0.326007 0.585629
vt 0.793993 0.033629
vt 0.749637 0.119385
vt 0.638241 0.013957
vt 0.661024 0.111621
vt 0.574764 0.040368
vt 0.617617 0.129149
vt 0.580734 0.167688
vt 0.545887 0.206542
vt 0.520636 0.102081
vt 0.455218 0.164421
vt 0.415591 0.248262
vt 0.522200 0.256022
vt 0.423147 0.320758
vt 0.526081 0.303848
vt 0.546686 0.344520
vt 0.452819 0.396104
vt 0.524728 0.498979
vt 0.590058 0.399101
vt 0.615695 0.543161
vt 0.651548 0.427498
vt 0.728772 0.547334
vt 0.717505 0.424780
vt 0.907623 0.443780
vt 0.818281 0.506962
vt 0.818184 0.370394
vt 0.766007 0.407109
vt 0.842549 0.311538
vt 0.943075 0.347302
vt 0.922592 0.244828
vt 0.843315 0.251530
vt 0.907941 0.174380
vt 0.840679 0.207551
vt 0.872975 0.080555
vt 0.817446 0.155951
vt 0.835235 0.051315
vt 0.787932 0.133602
vt 0.769914 0.234530
vt 0.758428 0.209863
vt 0.772489 0.256104
vt 0.771468 0.286110
vt 0.758646 0.317440
vt 0.732165 0.336110
vt 0.708292 0.346538
vt 0.673105 0.347641
vt 0.639137 0.333014
vt 0.617727 0.304930
vt 0.607383 0.284230
vt 0.604379 0.259633
vt 0.616272 0.233854
vt 0.634393 0.215849
vt 0.654092 0.193660
vt 0.692312 0.261924
vt 0.677317 0.184493
vt 0.742694 0.197015
vt 0.721003 0.188035
vt 0.793993 0.033629
vt 0.749637 0.119385
vt 0.638242 0.013957
vt 0.661024 0.111621
vt 0.574764 0.040368
vt 0.617617 0.129149
vt 0.580734 0.167688
vt 0.545887 0.206542
vt 0.520636 0.102081
vt 0.455218 0.164422
vt 0.415591 0.248262
vt 0.522200 0.256022
vt 0.423148 0.320758
vt 0.526081 0.303848
vt 0.546686 0.344519
vt 0.452819 0.396104
vt 0.524728 0.498979
vt 0.590059 0.399101
vt 0.615695 0.543161
vt 0.651548 0.427497
vt 0.728772 0.547334
vt 0.717505 0.424780
vt 0.907623 0.443779
vt 0.818282 0.506962
vt 0.818184 0.370394
vt 0.766007 0.407109
vt 0.842549 0.311537
vt 0.943075 0.347301
vt 0.922592 0.244828
vt 0.843315 0.251530
vt 0.907941 0.174380
vt 0.840679 0.207551
vt 0.872975 0.080555
vt 0.817446 0.155951
vt 0.835235 0.051315
vt 0.787932 0.133602
vt 0.769914 0.234530
vt 0.758428 0.209863
vt 0.772489 0.256103
vt 0.771468 0.286110
vt 0.758646 0.317440
vt 0.732165 0.336109
vt 0.708292 0.346538
vt 0.673105 0.347641
vt 0.639138 0.333014
vt 0.617728 0.304930
vt 0.607383 0.284230
vt 0.604380 0.259633
vt 0.616273 0.233854
vt 0.634393 0.215848
vt 0.654092 0.193660
vt 0.692312 0.261924
vt 0.677317 0.184494
vt 0.742694 0.197015
vt 0.721003 0.188035
vt 0.903789 0.582563
vt 0.858154 0.645478
vt 0.782187 0.548143
vt 0.788556 0.628624
vt 0.728480 0.561519
vt 0.751894 0.637347
vt 0.717895 0.663580
vt 0.685478 0.690309
vt 0.677962 0.604120
vt 0.618383 0.645861
vt 0.576742 0.707821
vt 0.660664 0.726840
vt 0.574024 0.766435
vt 0.657992 0.765375
vt 0.669494 0.800230
vt 0.588566 0.829982
vt 0.633410 0.920528
vt 0.697442 0.848899
vt 0.700495 0.966653
vt 0.742965 0.878908
vt 0.789997 0.983596
vt 0.795791 0.884690
vt 0.944829 0.922714
vt 0.866106 0.962243
vt 0.882479 0.853528
vt 0.836526 0.876467
vt 0.908962 0.809616
vt 0.984669 0.850192
vt 0.980708 0.766159
vt 0.916800 0.761944
vt 0.977533 0.708321
vt 0.919999 0.726621
vt 0.961003 0.629428
vt 0.907722 0.682751
vt 0.934486 0.601608
vt 0.886923 0.661407
vt 0.860423 0.739571
vt 0.854252 0.718554
vt 0.859874 0.757053
vt 0.855447 0.780814
vt 0.841468 0.804207
vt 0.818141 0.815878
vt 0.797883 0.821302
vt 0.769742 0.817943
vt 0.744468 0.802208
vt 0.730809 0.777275
vt 0.725068 0.759553
vt 0.725641 0.739613
vt 0.738212 0.720526
vt 0.754804 0.708377
vt 0.773157 0.693089
vt 0.795356 0.752028
vt 0.792747 0.688590
vt 0.843277 0.706432
vt 0.827093 0.696672
vt 0.903789 0.582563
vt 0.858154 0.645478
vt 0.782187 0.548143
vt 0.788556 0.628624
vt 0.728480 0.561519
vt 0.751895 0.637347
vt 0.717895 0.663580
vt 0.685478 0.690309
vt 0.677962 0.604120
vt 0.618383 0.645861
vt 0.576742 0.707821
vt 0.660664 0.726840
vt 0.574024 0.766435
vt 0.657992 0.765375
vt 0.669494 0.800230
vt 0.588566 0.829982
vt 0.633410 0.920528
vt 0.697442 0.848899
vt 0.700495 0.966653
vt 0.742965 0.878908
vt 0.789997 0.983596
vt 0.795792 0.884690
vt 0.944829 0.922714
vt 0.866106 0.962243
vt 0.882479 0.853528
vt 0.836526 0.876467
vt 0.908962 0.809616
vt 0.984669 0.850191
vt 0.980709 0.766159
vt 0.916800 0.761945
vt 0.977533 0.708321
vt 0.919999 0.726621
vt 0.961003 0.629428
vt 0.907723 0.682751
vt 0.934486 0.601608
vt 0.886923 0.661407
vt 0.860424 0.739571
vt 0.854253 0.718554
vt 0.859874 0.757053
vt 0.855447 0.780814
vt 0.841468 0.804207
vt 0.818141 0.815878
vt 0.797883 0.821303
vt 0.769742 0.817943
vt 0.744468 0.802208
vt 0.730809 0.777275
vt 0.725068 0.759553
vt 0.725641 0.739613
vt 0.738212 0.720526
vt 0.754804 0.708377
vt 0.773157 0.693089
vt 0.795356 0.752028
vt 0.792747 0.688591
vt 0.843277 0.706432
vt 0.827093 0.696672
vt 0.903789 0.582563
vt 0.858154 0.645478
vt 0.782187 0.548143
vt 0.788557 0.628624
vt 0.728480 0.561519
vt 0.751894 0.637348
vt 0.717895 0.663580
vt 0.685478 0.690309
vt 0.677962 0.604120
vt 0.618383 0.645861
vt 0.576742 0.707821
vt 0.660664 0.726840
vt 0.574024 0.766435
vt 0.657992 0.765375
vt 0.669493 0.800230
vt 0.588566 0.829982
vt 0.633410 0.920528
vt 0.697442 0.848899
vt 0.700494 0.966653
vt 0.742964 0.878908
vt 0.789997 0.983596
vt 0.795791 0.884690
vt 0.944829 0.922714
vt 0.866106 0.962243
vt 0.882479 0.853529
vt 0.836525 0.876467
vt 0.908962 0.809616
vt 0.984669 0.850192
vt 0.980708 0.766160
vt 0.916800 0.761945
vt 0.977533 0.708321
vt 0.919999 0.726621
vt 0.961003 0.629428
vt 0.907723 0.682751
vt 0.934486 0.601608
vt 0.886923 0.661407
vt 0.860424 0.739571
vt 0.854253 0.718554
vt 0.859874 0.757054
vt 0.855447 0.780815
vt 0.841468 0.804207
vt 0.818141 0.815878
vt 0.797883 0.821303
vt 0.769742 0.817943
vt 0.744467 0.802208
vt 0.730809 0.777275
vt 0.725068 0.759553
vt 0.725640 0.739613
vt 0.738212 0.720526
vt 0.754804 0.708377
vt 0.773157 0.693089
vt 0.795356 0.752028
vt 0.792747 0.688590
vt 0.843277 0.706432
vt 0.827093 0.696672
vt 0.903789 0.582563
vt 0.858154 0.645478
vt 0.782187 0.548143
vt 0.788556 0.628624
vt 0.728480 0.561519
vt 0.751894 0.637347
vt 0.717895 0.663580
vt 0.685478 0.690309
vt 0.677962 0.604120
vt 0.618383 0.645861
vt 0.576742 0.707821
vt 0.660664 0.726840
vt 0.574024 0.766435
vt 0.657992 0.765375
vt 0.669493 0.800230
vt 0.588566 0.829982
vt 0.633410 0.920528
vt 0.697442 0.848899
vt 0.700494 0.966653
vt 0.742964 0.878908
vt 0.789997 0.983596
vt 0.795791 0.884690
vt 0.944829 0.922714
vt 0.866106 0.962243
vt 0.882479 0.853528
vt 0.836525 0.876467
vt 0.908962 0.809616
vt 0.984669 0.850192
vt 0.980708 0.766160
vt 0.916800 0.761945
vt 0.977533 0.708321
vt 0.919999 0.726621
vt 0.961003 0.629428
vt 0.907723 0.682751
vt 0.934486 0.601608
vt 0.886923 0.661407
vt 0.860424 0.739571
vt 0.854253 0.718554
vt 0.859874 0.757053
vt 0.855447 0.780815
vt 0.841468 0.804207
vt 0.818141 0.815878
vt 0.797883 0.821303
vt 0.769742 0.817943
vt 0.744467 0.802208
vt 0.730809 0.777276
vt 0.725068 0.759553
vt 0.725640 0.739613
vt 0.738212 0.720526
vt 0.754804 0.708378
vt 0.773157 0.693089
vt 0.795356 0.752028
vt 0.792747 0.688591
vt 0.843277 0.706432
vt 0.827093 0.696672
vt 0.903789 0.582563
vt 0.858154 0.645478
vt 0.782187 0.548143
vt 0.788556 0.628624
vt 0.728480 0.561519
vt 0.751894 0.637347
vt 0.717895 0.663580
vt 0.685478 0.690309
vt 0.677962 0.604120
vt 0.618383 0.645861
vt 0.576742 0.707821
vt 0.660664 0.726840
vt 0.574024 0.766435
vt 0.657992 0.765375
vt 0.669493 0.800230
vt 0.588566 0.829983
vt 0.633410 0.920528
vt 0.697442 0.848899
vt 0.700494 0.966653
vt 0.742964 0.878908
vt 0.789997 0.983596
vt 0.795791 0.884690
vt 0.944829 0.922714
vt 0.866106 0.962243
vt 0.882479 0.853528
vt 0.836526 0.876467
vt 0.908962 0.809616
vt 0.984669 0.850192
vt 0.980708 0.766160
vt 0.916800 0.761945
vt 0.977533 0.708321
vt 0.919999 0.726621
vt 0.961004 0.629428
vt 0.907723 0.682751
vt 0.934486 0.601608
vt 0.886923 0.661407
vt 0.860423 0.739571
vt 0.854253 0.718554
vt 0.859874 0.757053
vt 0.855447 0.780814
vt 0.841468 0.804207
vt 0.818141 0.815878
vt 0.797883 0.821303
vt 0.769742 0.817943
vt 0.744467 0.802208
vt 0.730809 0.777275
vt 0.725068 0.759553
vt 0.725640 0.739613
vt 0.738212 0.720526
vt 0.754804 0.708377
vt 0.773157 0.693089
vt 0.795356 0.752028
vt 0.792747 0.688591
vt 0.843277 0.706432
vt 0.827093 0.696672
vt 0.401546 0.425831
vt 0.355641 0.514581
vt 0.240356 0.405471
vt 0.263934 0.506546
vt 0.174662 0.432804
vt 0.219011 0.524687
vt 0.180840 0.564571
vt 0.144776 0.604782
vt 0.118643 0.496673
vt 0.050941 0.561190
vt 0.009930 0.647959
vt 0.120262 0.655990
vt 0.017750 0.722986
vt 0.124279 0.705486
vt 0.145603 0.747578
vt 0.048458 0.800964
vt 0.122878 0.907431
vt 0.190490 0.804066
vt 0.217022 0.953156
vt 0.254127 0.833453
vt 0.334047 0.957475
vt 0.322388 0.830641
vt 0.519144 0.850304
vt 0.426683 0.915693
vt 0.426582 0.774356
vt 0.372583 0.812353
vt 0.451798 0.713444
vt 0.555835 0.750457
vt 0.534636 0.644405
vt 0.452590 0.651341
vt 0.519473 0.571497
vt 0.449862 0.605826
vt 0.483286 0.474396
vt 0.425819 0.552424
vt 0.444229 0.444134
vt 0.395274 0.529294
vt 0.376626 0.633747
vt 0.364740 0.608218
vt 0.379291 0.656074
vt 0.378234 0.687129
vt 0.364965 0.719552
vt 0.337559 0.738874
vt 0.312852 0.749667
vt 0.276437 0.750809
vt 0.241283 0.735671
vt 0.219125 0.706606
vt 0.208419 0.685183
vt 0.205311 0.659727
vt 0.217619 0.633047
vt 0.236373 0.614413
vt 0.256760 0.591450
vt 0.296314 0.662098
vt 0.280796 0.581963
vt 0.348456 0.594922
vt 0.326007 0.585629
vt 0.401546 0.425831
vt 0.355641 0.514582
vt 0.240356 0.405472
vt 0.263934 0.506546
vt 0.174662 0.432804
vt 0.219010 0.524687
vt 0.180840 0.564571
vt 0.144776 0.604782
vt 0.118643 0.496673
vt 0.050941 0.561190
vt 0.009930 0.647959
vt 0.120262 0.655990
vt 0.017750 0.722986
vt 0.124278 0.705486
vt 0.145603 0.747578
vt 0.048458 0.800964
vt 0.122877 0.907431
vt 0.190490 0.804065
vt 0.217021 0.953156
vt 0.254127 0.833453
vt 0.334047 0.957475
vt 0.322387 0.830641
vt 0.519144 0.850304
vt 0.426683 0.915693
vt 0.426582 0.774356
vt 0.372583 0.812353
vt 0.451798 0.713444
vt 0.555835 0.750457
vt 0.534635 0.644405
vt 0.452590 0.651341
vt 0.519473 0.571497
vt 0.449862 0.605826
vt 0.483287 0.474396
vt 0.425818 0.552424
vt 0.444229 0.444134
vt 0.395274 0.529294
vt 0.376626 0.633747
vt 0.364739 0.608218
vt 0.379291 0.656074
vt 0.378234 0.687129
vt 0.364965 0.719552
vt 0.337559 0.738874
vt 0.312852 0.749666
vt 0.276437 0.750809
vt 0.241283 0.735671
vt 0.219125 0.706605
vt 0.208419 0.685183
vt 0.205311 0.659727
vt 0.217619 0.633047
vt 0.236373 0.614413
vt 0.256760 0.591450
vt 0.296314 0.662097
vt 0.280796 0.581963
vt 0.348456 0.594922
vt 0.326007 0.585629
vt 0.903789 0.582563
vt 0.858154 0.645478
vt 0.782187 0.548143
vt 0.788556 0.628624
vt 0.728480 0.561519
vt 0.751894 0.637347
vt 0.717895 0.663580
vt 0.685478 0.690309
vt 0.677962 0.604120
vt 0.618383 0.645861
vt 0.576742 0.707821
vt 0.660664 0.726840
vt 0.574024 0.766435
vt 0.657992 0.765375
vt 0.669494 0.800230
vt 0.588566 0.829982
vt 0.633410 0.920528
vt 0.697442 0.848899
vt 0.700495 0.966653
vt 0.742965 0.878908
vt 0.789997 0.983596
vt 0.795791 0.884690
vt 0.944829 0.922714
vt 0.866106 0.962243
vt 0.882479 0.853528
vt 0.836526 0.876467
vt 0.908962 0.809616
vt 0.984669 0.850192
vt 0.980708 0.766159
vt 0.916800 0.761944
vt 0.977533 0.708321
vt 0.919999 0.726621
vt 0.961003 0.629428
vt 0.907722 0.682751
vt 0.934486 0.601608
vt 0.886923 0.661407
vt 0.860423 0.739571
vt 0.854252 0.718554
vt 0.859874 0.757053
vt 0.855447 0.780814
vt 0.841468 0.804207
vt 0.818141 0.815878
vt 0.797883 0.821302
vt 0.769742 0.817943
vt 0.744468 0.802208
vt 0.730809 0.777275
vt 0.725068 0.759553
vt 0.725641 0.739613
vt 0.738212 0.720526
vt 0.754804 0.708377
vt 0.773157 0.693089
vt 0.795356 0.752028
vt 0.792747 0.688590
vt 0.843277 0.706432
vt 0.827093 0.696672
vt 0.903789 0.582563
vt 0.858154 0.645478
vt 0.782187 0.548143
vt 0.788556 0.628624
vt 0.728480 0.561519
vt 0.751894 0.637347
vt 0.717895 0.663580
vt 0.685478 0.690309
vt 0.677962 0.604120
vt 0.618383 0.645861
vt 0.576742 0.707821
vt 0.660664 0.726840
vt 0.574024 0.766435
vt 0.657992 0.765375
vt 0.669493 0.800230
vt 0.588566 0.829982
vt 0.633410 0.920528
vt 0.697442 0.848899
vt 0.700494 0.966653
vt 0.742964 0.878908
vt 0.789997 0.983596
vt 0.795791 0.884690
vt 0.944829 0.922714
vt 0.866106 0.962243
vt 0.882479 0.853528
vt 0.836525 0.876467
vt 0.908962 0.809616
vt 0.984669 0.850192
vt 0.980708 0.766160
vt 0.916800 0.761945
vt 0.977533 0.708321
vt 0.919999 0.726621
vt 0.961003 0.629428
vt 0.907723 0.682751
vt 0.934486 0.601608
vt 0.886923 0.661407
vt 0.860424 0.739571
vt 0.854253 0.718554
vt 0.859874 0.757053
vt 0.855447 0.780815
vt 0.841468 0.804207
vt 0.818141 0.815878
vt 0.797883 0.821303
vt 0.769742 0.817943
vt 0.744467 0.802208
vt 0.730809 0.777276
vt 0.725068 0.759553
vt 0.725640 0.739613
vt 0.738212 0.720526
vt 0.754804 0.708378
vt 0.773157 0.693089
vt 0.795356 0.752028
vt 0.792747 0.688591
vt 0.843277 0.706432
vt 0.827093 0.696672
vn 0.537757 0.450478 -0.712662
vn 0.506542 0.538016 -0.673761
vn 0.676524 0.447254 -0.585047
vn 0.620724 0.535103 -0.573034
vn 0.779104 0.500834 -0.377045
vn 0.708655 0.608007 -0.357961
vn 0.701407 0.676758 -0.223667
vn 0.709644 0.703260 -0.042786
vn 0.805644 0.568813 -0.165499
vn 0.780120 0.625586 0.007415
vn 0.662263 0.735086 0.145107
vn 0.593830 0.794266 0.128480
vn 0.380647 0.854720 0.352932
vn 0.359476 0.889915 0.280764
vn 0.282927 0.897932 0.337151
vn 0.232651 0.856811 0.460162
vn 0.039130 0.891992 0.450354
vn 0.076995 0.936637 0.341735
vn -0.276936 0.905484 0.321566
vn -0.233776 0.945811 0.225368
vn -0.452430 0.875977 0.167248
vn -0.374298 0.926454 0.039802
vn -0.542985 0.764212 -0.348063
vn -0.538976 0.835093 -0.110112
vn -0.454067 0.814015 -0.362218
vn -0.431175 0.878129 -0.207312
vn -0.332183 0.764481 -0.552471
vn -0.458356 0.714549 -0.528516
vn -0.292926 0.671366 -0.680780
vn -0.174864 0.740226 -0.649221
vn 0.001169 0.576077 -0.817395
vn -0.037444 0.687760 -0.724972
vn 0.127210 0.479641 -0.868195
vn 0.101708 0.586336 -0.803658
vn 0.194730 0.478432 -0.856261
vn 0.177867 0.577103 -0.797067
vn -0.019528 0.828635 -0.559449
vn 0.070772 0.780611 -0.620997
vn -0.036941 0.840662 -0.540298
vn -0.077797 0.856220 -0.510720
vn -0.168538 0.908176 -0.383159
vn -0.142175 0.946319 -0.290287
vn -0.119774 0.968858 -0.216721
vn -0.053031 0.992163 -0.113139
vn 0.121174 0.992592 -0.008829
vn 0.240010 0.970696 -0.012037
vn 0.251325 0.967546 0.026286
vn 0.370023 0.926126 -0.073302
vn 0.468716 0.847604 -0.248743
vn 0.451123 0.835319 -0.314213
vn 0.471452 0.794354 -0.383060
vn 0.135433 0.927645 -0.348041
vn 0.419988 0.768499 -0.482721
vn 0.143103 0.778530 -0.611075
vn 0.346976 0.769052 -0.536811
vn 0.787171 0.261302 -0.558644
vn 0.782890 0.354348 -0.511391
vn 0.893114 0.192416 -0.406599
vn 0.871707 0.297081 -0.389704
vn 0.968407 0.183953 -0.168373
vn 0.939201 0.312681 -0.141886
vn 0.929570 0.368569 0.007447
vn 0.906166 0.373550 0.198301
vn 0.973749 0.218211 0.064791
vn 0.931920 0.266541 0.245931
vn 0.828608 0.403558 0.388008
vn 0.789721 0.488336 0.371308
vn 0.554205 0.604929 0.571767
vn 0.565104 0.653684 0.503344
vn 0.481542 0.684387 0.547478
vn 0.392893 0.649630 0.650858
vn 0.222812 0.757491 0.613647
vn 0.297421 0.798292 0.523708
vn -0.042866 0.899289 0.435249
vn 0.029871 0.933573 0.357141
vn -0.184557 0.950690 0.249253
vn -0.072660 0.986836 0.144484
vn -0.207879 0.931564 -0.298286
vn -0.226652 0.972845 -0.046928
vn -0.107019 0.950127 -0.292927
vn -0.095455 0.987979 -0.121594
vn 0.028419 0.878686 -0.476553
vn -0.112644 0.872900 -0.474718
vn 0.058476 0.786308 -0.615061
vn 0.188840 0.808189 -0.557826
vn 0.335690 0.597380 -0.728320
vn 0.319070 0.713108 -0.624237
vn 0.433627 0.461456 -0.773968
vn 0.433410 0.569154 -0.698727
vn 0.494652 0.433931 -0.753010
vn 0.503305 0.530123 -0.682388
vn 0.351458 0.831289 -0.430623
vn 0.435724 0.755947 -0.488558
vn 0.334559 0.847805 -0.411457
vn 0.294259 0.875173 -0.384036
vn 0.198039 0.945954 -0.256812
vn 0.217268 0.964509 -0.150055
vn 0.231818 0.970494 -0.066347
vn 0.283677 0.957321 0.055364
vn 0.432385 0.881081 0.191674
vn 0.541734 0.815213 0.204821
vn 0.543117 0.802917 0.245658
vn 0.667445 0.728540 0.154103
vn 0.774896 0.631569 -0.025613
vn 0.767461 0.633367 -0.099254
vn 0.786953 0.591609 -0.175224
vn 0.496192 0.851467 -0.169700
vn 0.747700 0.596235 -0.292317
vn 0.504371 0.725638 -0.468038
vn 0.687134 0.630743 -0.360569
vn -0.518353 0.853675 0.050491
vn -0.426421 0.899918 0.091169
vn -0.448379 0.885676 -0.120561
vn -0.382289 0.922780 -0.048287
vn -0.277427 0.920295 -0.275846
vn -0.192936 0.962183 -0.192304
vn -0.049581 0.973046 -0.225217
vn 0.095327 0.948793 -0.301173
vn -0.084228 0.927445 -0.364350
vn 0.081067 0.913441 -0.398815
vn 0.266838 0.903475 -0.335456
vn 0.293256 0.919003 -0.263505
vn 0.540902 0.819381 -0.189841
vn 0.507587 0.850935 -0.135152
vn 0.573644 0.812538 -0.103515
vn 0.662224 0.737377 -0.133172
vn 0.728744 0.684616 0.015275
vn 0.655708 0.753324 0.050507
vn 0.748082 0.589610 0.304521
vn 0.677569 0.656037 0.332439
vn 0.686579 0.522227 0.505854
vn 0.581131 0.623371 0.523159
vn 0.278316 0.502704 0.818431
vn 0.496526 0.510327 0.702160
vn 0.253430 0.591089 0.765759
vn 0.395387 0.616473 0.680904
vn 0.040439 0.653276 0.756040
vn 0.079542 0.543196 0.835830
vn -0.122033 0.625927 0.770275
vn -0.096027 0.733449 0.672927
vn -0.371439 0.722352 0.583301
vn -0.226628 0.774739 0.590270
vn -0.513331 0.712616 0.478195
vn -0.392548 0.777227 0.491757
vn -0.524689 0.745056 0.411816
vn -0.412465 0.804902 0.426620
vn -0.025716 0.853641 0.520227
vn -0.126843 0.873928 0.469212
vn 0.001435 0.850338 0.526235
vn 0.043796 0.835698 0.547440
vn 0.193524 0.801913 0.565229
vn 0.273127 0.818112 0.506058
vn 0.330070 0.825842 0.457208
vn 0.394093 0.844553 0.362521
vn 0.414704 0.890505 0.187139
vn 0.368537 0.924489 0.097473
vn 0.391084 0.917570 0.071543
vn 0.267553 0.963314 0.021012
vn 0.078835 0.996871 0.005743
vn 0.028975 0.998571 0.044907
vn -0.049106 0.997515 0.050521
vn 0.137006 0.937872 0.318789
vn -0.125044 0.983807 0.128404
vn -0.139504 0.902523 0.407419
vn -0.144078 0.966918 0.210500
vn 0.358844 0.804467 -0.473354
vn 0.302504 0.861971 -0.406814
vn 0.503061 0.795231 -0.338434
vn 0.422346 0.855619 -0.299233
vn 0.596755 0.795301 -0.106674
vn 0.496042 0.866683 -0.052943
vn 0.472622 0.875006 0.104852
vn 0.476574 0.829344 0.291660
vn 0.609428 0.782382 0.128360
vn 0.570506 0.758509 0.314940
vn 0.423287 0.767187 0.481926
vn 0.337571 0.807532 0.483671
vn 0.110519 0.704770 0.700774
vn 0.078823 0.760107 0.644999
vn 0.001533 0.720595 0.693355
vn -0.030203 0.618824 0.784949
vn -0.232991 0.594637 0.769495
vn -0.214017 0.689347 0.692097
vn -0.548458 0.558650 0.622177
vn -0.525212 0.645212 0.554846
vn -0.713134 0.537811 0.449666
vn -0.664798 0.655963 0.357430
vn -0.790136 0.606448 -0.088914
vn -0.797884 0.579792 0.164989
vn -0.724616 0.684744 -0.077829
vn -0.717573 0.689581 0.097808
vn -0.600169 0.752818 -0.270299
vn -0.703436 0.656549 -0.272251
vn -0.536578 0.728877 -0.425232
vn -0.443982 0.819519 -0.362310
vn -0.220396 0.789702 -0.572534
vn -0.293139 0.845782 -0.445783
vn -0.065373 0.761096 -0.645337
vn -0.124301 0.827060 -0.548198
vn 0.001263 0.776670 -0.629906
vn -0.044203 0.840723 -0.539658
vn -0.318519 0.919509 -0.230324
vn -0.214069 0.928969 -0.301977
vn -0.339376 0.917301 -0.208286
vn -0.383850 0.906427 -0.176209
vn -0.485438 0.873436 -0.038200
vn -0.468709 0.880548 0.070340
vn -0.450539 0.879454 0.153542
vn -0.386858 0.881655 0.270234
vn -0.207516 0.897590 0.388933
vn -0.080764 0.917637 0.389128
vn -0.066553 0.902149 0.426261
vn 0.063340 0.944367 0.322736
vn 0.183289 0.974697 0.127953
vn 0.166882 0.984362 0.056408
vn 0.198372 0.979767 -0.026551
vn -0.187335 0.981804 0.031106
vn 0.150316 0.978617 -0.140404
vn -0.139928 0.947517 -0.287458
vn 0.073410 0.976959 -0.200405
vn 0.358844 0.804467 -0.473354
vn 0.302504 0.861971 -0.406813
vn 0.503061 0.795231 -0.338434
vn 0.422346 0.855619 -0.299233
vn 0.596755 0.795301 -0.106674
vn 0.496042 0.866683 -0.052943
vn 0.472622 0.875006 0.104852
vn 0.476574 0.829344 0.291661
vn 0.609428 0.782382 0.128360
vn 0.570506 0.758509 0.314940
vn 0.423288 0.767186 0.481926
vn 0.337571 0.807532 0.483672
vn 0.110519 0.704770 0.700774
vn 0.078822 0.760107 0.644999
vn 0.001533 0.720595 0.693354
vn -0.030203 0.618824 0.784949
vn -0.232990 0.594637 0.769495
vn -0.214017 0.689346 0.692097
vn -0.548458 0.558650 0.622177
vn -0.525212 0.645212 0.554846
vn -0.713134 0.537811 0.449665
vn -0.664797 0.655963 0.357430
vn -0.790136 0.606448 -0.088913
vn -0.797885 0.579792 0.164988
vn -0.724616 0.684744 -0.077829
vn -0.717573 0.689581 0.097809
vn -0.600169 0.752818 -0.270299
vn -0.703436 0.656550 -0.272251
vn -0.536578 0.728877 -0.425232
vn -0.443982 0.819519 -0.362310
vn -0.220396 0.789703 -0.572534
vn -0.293140 0.845782 -0.445783
vn -0.065372 0.761096 -0.645337
vn -0.124302 0.827060 -0.548198
vn 0.001263 0.776670 -0.629907
vn -0.044203 0.840723 -0.539658
vn -0.318518 0.919509 -0.230325
vn -0.214069 0.928969 -0.301977
vn -0.339375 0.917301 -0.208287
vn -0.383851 0.906427 -0.176208
vn -0.485438 0.873436 -0.038200
vn -0.468709 0.880548 0.070340
vn -0.450539 0.879454 0.153542
vn -0.386858 0.881655 0.270234
vn -0.207516 0.897590 0.388933
vn -0.080764 0.917637 0.389128
vn -0.066553 0.902149 0.426261
vn 0.063340 0.944367 0.322736
vn 0.183289 0.974696 0.127954
vn 0.166882 0.984362 0.056408
vn 0.198372 0.979767 -0.026551
vn -0.187335 0.981804 0.031106
vn 0.150316 0.978617 -0.140404
vn -0.139928 0.947517 -0.287457
vn 0.073410 0.976959 -0.200405
vn 0.358844 0.804467 -0.473354
vn 0.302504 0.861971 -0.406813
vn 0.503061 0.795231 -0.338434
vn 0.422346 0.855619 -0.299233
vn 0.596755 0.795301 -0.106674
vn 0.496042 0.866683 -0.052943
vn 0.472622 0.875006 0.104852
vn 0.476574 0.829344 0.291661
vn 0.609428 0.782382 0.128360
vn 0.570506 0.758509 0.314940
vn 0.423288 0.767186 0.481926
vn 0.337571 0.807532 0.483672
vn 0.110519 0.704770 0.700774
vn 0.078822 0.760107 0.644999
vn 0.001533 0.720595 0.693354
vn -0.030203 0.618824 0.784949
vn -0.232990 0.594637 0.769495
vn -0.214017 0.689346 0.692097
vn -0.548458 0.558650 0.622177
vn -0.525212 0.645212 0.554846
vn -0.713134 0.537811 0.449665
vn -0.664797 0.655963 0.357430
vn -0.790136 0.606448 -0.088913
vn -0.797885 0.579792 0.164988
vn -0.724616 0.684744 -0.077829
vn -0.717573 0.689581 0.097809
vn -0.600169 0.752818 -0.270299
vn -0.703436 0.656550 -0.272251
vn -0.536578 0.728877 -0.425232
vn -0.443982 0.819519 -0.362310
vn -0.220396 0.789703 -0.572534
vn -0.293140 0.845782 -0.445783
vn -0.065372 0.761096 -0.645337
vn -0.124302 0.827060 -0.548198
vn 0.001263 0.776670 -0.629907
vn -0.044203 0.840723 -0.539658
vn -0.318518 0.919509 -0.230325
vn -0.214069 0.928969 -0.301977
vn -0.339375 0.917301 -0.208287
vn -0.383851 0.906427 -0.176208
vn -0.485438 0.873436 -0.038200
vn -0.468709 0.880548 0.070340
vn -0.450539 0.879454 0.153542
vn -0.386858 0.881655 0.270234
vn -0.207516 0.897590 0.388933
vn -0.080764 0.917637 0.389128
vn -0.066553 0.902149 0.426261
vn 0.063340 0.944367 0.322736
vn 0.183289 0.974696 0.127954
vn 0.166882 0.984362 0.056408
vn 0.198372 0.979767 -0.026551
vn -0.187335 0.981804 0.031106
vn 0.150316 0.978617 -0.140404
vn -0.139928 0.947517 -0.287457
vn 0.073410 0.976959 -0.200405
vn 0.358844 0.804467 -0.473354
vn 0.302504 0.861971 -0.406814
vn 0.503061 0.795231 -0.338435
vn 0.422346 0.855619 -0.299233
vn 0.596755 0.795301 -0.106674
vn 0.496042 0.866683 -0.052943
vn 0.472622 0.875006 0.104852
vn 0.476574 0.829344 0.291661
vn 0.609428 0.782382 0.128361
vn 0.570506 0.758509 0.314940
vn 0.423288 0.767187 0.481925
vn 0.337571 0.807532 0.483671
vn 0.110518 0.704770 0.700775
vn 0.078822 0.760107 0.644999
vn 0.001533 0.720595 0.693355
vn -0.030204 0.618823 0.784949
vn -0.232990 0.594637 0.769495
vn -0.214017 0.689346 0.692097
vn -0.548458 0.558650 0.622177
vn -0.525212 0.645212 0.554846
vn -0.713134 0.537811 0.449665
vn -0.664798 0.655963 0.357430
vn -0.790136 0.606448 -0.088914
vn -0.797885 0.579792 0.164988
vn -0.724616 0.684744 -0.077829
vn -0.717574 0.689581 0.097808
vn -0.600169 0.752818 -0.270298
vn -0.703436 0.656549 -0.272251
vn -0.536578 0.728877 -0.425232
vn -0.443981 0.819520 -0.362310
vn -0.220396 0.789703 -0.572534
vn -0.293139 0.845782 -0.445783
vn -0.065373 0.761096 -0.645337
vn -0.124301 0.827060 -0.548198
vn 0.001263 0.776670 -0.629906
vn -0.044203 0.840723 -0.539658
vn -0.318519 0.919509 -0.230324
vn -0.214069 0.928969 -0.301977
vn -0.339377 0.917301 -0.208286
vn -0.383850 0.906427 -0.176210
vn -0.485437 0.873437 -0.038201
vn -0.468708 0.880548 0.070340
vn -0.450539 0.879454 0.153542
vn -0.386858 0.881655 0.270234
vn -0.207516 0.897590 0.388933
vn -0.080764 0.917637 0.389128
vn -0.066553 0.902149 0.426261
vn 0.063341 0.944368 0.322735
vn 0.183289 0.974697 0.127953
vn 0.166882 0.984362 0.056410
vn 0.198372 0.979767 -0.026551
vn -0.187335 0.981804 0.031105
vn 0.150316 0.978617 -0.140404
vn -0.139928 0.947517 -0.287457
vn 0.073410 0.976959 -0.200405
vn 0.456638 0.730179 -0.508252
vn 0.417438 0.796387 -0.437623
vn 0.607729 0.694041 -0.385969
vn 0.542846 0.767694 -0.340535
vn 0.719193 0.675423 -0.162986
vn 0.637927 0.763383 -0.101466
vn 0.629847 0.774575 0.057675
vn 0.641313 0.727509 0.243822
vn 0.749195 0.658616 0.070221
vn 0.722557 0.640716 0.259605
vn 0.594005 0.674515 0.438393
vn 0.517431 0.729645 0.447083
vn 0.294793 0.667847 0.683430
vn 0.268986 0.728423 0.630116
vn 0.190219 0.703127 0.685149
vn 0.148523 0.608045 0.779886
vn -0.055869 0.620951 0.781856
vn -0.026751 0.711279 0.702400
vn -0.383981 0.643592 0.662078
vn -0.351294 0.725058 0.592354
vn -0.563730 0.654129 0.504305
vn -0.502867 0.762333 0.407398
vn -0.672440 0.739683 -0.026325
vn -0.663329 0.712903 0.227517
vn -0.593173 0.804790 -0.021437
vn -0.570518 0.806921 0.152930
vn -0.475251 0.850785 -0.224279
vn -0.593975 0.774739 -0.216731
vn -0.430380 0.816963 -0.383854
vn -0.317962 0.888929 -0.329704
vn -0.122050 0.820898 -0.557880
vn -0.172480 0.888198 -0.425859
vn 0.018537 0.765363 -0.643332
vn -0.019083 0.840122 -0.542062
vn 0.087952 0.768542 -0.633725
vn 0.062597 0.839047 -0.540446
vn -0.165797 0.963628 -0.209599
vn -0.067807 0.954647 -0.289915
vn -0.184767 0.965048 -0.185857
vn -0.227593 0.962127 -0.150043
vn -0.321400 0.946936 -0.003674
vn -0.294528 0.950076 0.103000
vn -0.269870 0.945081 0.184371
vn -0.197183 0.934859 0.295226
vn -0.008507 0.917269 0.398177
vn 0.119334 0.914122 0.387478
vn 0.133614 0.896040 0.423391
vn 0.259746 0.914936 0.308910
vn 0.366255 0.924635 0.104438
vn 0.345859 0.937653 0.034467
vn 0.368859 0.928095 -0.050827
vn -0.003859 0.999220 0.039287
vn 0.311914 0.936510 -0.160184
vn 0.009422 0.959406 -0.281872
vn 0.231167 0.949214 -0.213437
vn 0.324334 0.601115 -0.730389
vn 0.283357 0.672877 -0.683334
vn 0.472598 0.624139 -0.622175
vn 0.396854 0.696171 -0.598209
vn 0.578170 0.694461 -0.428303
vn 0.481487 0.779657 -0.400381
vn 0.468081 0.841118 -0.270961
vn 0.489234 0.866838 -0.096139
vn 0.605944 0.763127 -0.224652
vn 0.585380 0.809177 -0.050629
vn 0.452466 0.887169 0.090587
vn 0.371108 0.925681 0.073437
vn 0.172040 0.936447 0.305728
vn 0.137740 0.962933 0.231921
vn 0.071775 0.954233 0.290325
vn 0.046340 0.906689 0.419247
vn -0.150254 0.897792 0.413997
vn -0.122679 0.944325 0.305287
vn -0.445725 0.843356 0.300135
vn -0.413056 0.886992 0.206471
vn -0.602500 0.781703 0.161041
vn -0.542923 0.838873 0.039086
vn -0.679621 0.665101 -0.309445
vn -0.679595 0.727469 -0.094549
vn -0.609042 0.723762 -0.324402
vn -0.592817 0.783710 -0.185381
vn -0.503035 0.703794 -0.501627
vn -0.604546 0.638375 -0.476447
vn -0.460733 0.632793 -0.622333
vn -0.367833 0.713340 -0.596528
vn -0.197898 0.608559 -0.768435
vn -0.244036 0.695509 -0.675806
vn -0.065997 0.547252 -0.834362
vn -0.107316 0.636208 -0.764017
vn -0.005819 0.558967 -0.829170
vn -0.037075 0.643075 -0.764905
vn -0.245344 0.816869 -0.522046
vn -0.162199 0.794850 -0.584727
vn -0.261351 0.823577 -0.503406
vn -0.297366 0.828557 -0.474412
vn -0.377394 0.855086 -0.355530
vn -0.356968 0.892922 -0.274344
vn -0.338267 0.917327 -0.209969
vn -0.279813 0.952441 -0.120667
vn -0.121304 0.992016 -0.034484
vn -0.013197 0.998892 -0.045175
vn 0.001012 0.999951 -0.009882
vn 0.109963 0.988162 -0.106974
vn 0.201491 0.939644 -0.276532
vn 0.183191 0.924140 -0.335271
vn 0.205717 0.893042 -0.400195
vn -0.118240 0.932228 -0.342009
vn 0.157110 0.858811 -0.487607
vn -0.098573 0.807773 -0.581194
vn 0.088641 0.842598 -0.531199
vn 0.439772 0.711801 -0.547668
vn 0.402590 0.775854 -0.485769
vn 0.577671 0.692800 -0.431652
vn 0.507342 0.765179 -0.396365
vn 0.669701 0.707021 -0.227203
vn 0.580592 0.792368 -0.187259
vn 0.563101 0.824721 -0.052475
vn 0.573559 0.811143 0.114358
vn 0.685652 0.727628 -0.020949
vn 0.656830 0.739174 0.148981
vn 0.525887 0.799132 0.291258
vn 0.456060 0.845508 0.277714
vn 0.255334 0.835926 0.485831
vn 0.230923 0.876812 0.421754
vn 0.164905 0.866304 0.471513
vn 0.128153 0.803857 0.580854
vn -0.054635 0.820447 0.569107
vn -0.018776 0.878299 0.477743
vn -0.332240 0.830102 0.447825
vn -0.292226 0.882458 0.368609
vn -0.483424 0.820975 0.303811
vn -0.411549 0.888720 0.202000
vn -0.551466 0.818094 -0.163118
vn -0.551991 0.832100 0.054002
vn -0.472365 0.866201 -0.162997
vn -0.454838 0.890377 -0.018751
vn -0.363432 0.870487 -0.331917
vn -0.473622 0.817783 -0.326977
vn -0.325879 0.824174 -0.463185
vn -0.225790 0.881643 -0.414397
vn -0.067073 0.797537 -0.599529
vn -0.104239 0.865263 -0.490361
vn 0.060197 0.733679 -0.676825
vn 0.026879 0.809602 -0.586364
vn 0.121076 0.735906 -0.666171
vn 0.095048 0.807146 -0.582650
vn -0.098342 0.944447 -0.313607
vn -0.017852 0.926658 -0.375482
vn -0.113717 0.948801 -0.294697
vn -0.149214 0.951847 -0.267809
vn -0.228565 0.961367 -0.153404
vn -0.208511 0.975587 -0.068948
vn -0.191233 0.981537 -0.003937
vn -0.137144 0.986740 0.086811
vn 0.009759 0.984065 0.177543
vn 0.111715 0.978609 0.172757
vn 0.122728 0.970989 0.205227
vn 0.229013 0.966275 0.117749
vn 0.320515 0.946231 -0.043784
vn 0.306000 0.946606 -0.101490
vn 0.328356 0.929491 -0.168015
vn 0.024963 0.993006 -0.115398
vn 0.285570 0.922831 -0.258520
vn 0.043869 0.929382 -0.366504
vn 0.222348 0.926072 -0.304881
vn 0.534378 0.336177 -0.775517
vn 0.526820 0.431075 -0.732554
vn 0.689894 0.299271 -0.659153
vn 0.655464 0.400099 -0.640537
vn 0.830050 0.324336 -0.453678
vn 0.786619 0.448380 -0.424482
vn 0.809831 0.514919 -0.281128
vn 0.841169 0.532855 -0.092199
vn 0.895137 0.379484 -0.233927
vn 0.898466 0.436138 -0.050417
vn 0.816647 0.566418 0.110721
vn 0.759838 0.641875 0.103163
vn 0.573914 0.735614 0.359855
vn 0.555822 0.779253 0.289528
vn 0.484126 0.799647 0.355228
vn 0.436425 0.760128 0.481392
vn 0.246092 0.834984 0.492180
vn 0.283299 0.879332 0.382776
vn -0.080556 0.915059 0.395193
vn -0.040559 0.953742 0.297876
vn -0.276183 0.925933 0.257626
vn -0.207250 0.970497 0.123218
vn -0.450354 0.854920 -0.257474
vn -0.404070 0.914629 -0.013488
vn -0.357284 0.890138 -0.282848
vn -0.304579 0.944369 -0.124094
vn -0.269001 0.825875 -0.495549
vn -0.400193 0.797268 -0.451895
vn -0.263255 0.727784 -0.633268
vn -0.128270 0.775676 -0.617959
vn -0.000096 0.577505 -0.816387
vn -0.007244 0.697694 -0.716359
vn 0.103890 0.455945 -0.883924
vn 0.105443 0.568379 -0.815982
vn 0.172305 0.440740 -0.880943
vn 0.182992 0.542912 -0.819610
vn 0.056753 0.836230 -0.545434
vn 0.133326 0.770872 -0.622882
vn 0.043286 0.851385 -0.522752
vn 0.008160 0.874106 -0.485667
vn -0.059131 0.939152 -0.338375
vn -0.014056 0.969968 -0.242826
vn 0.022352 0.985630 -0.167434
vn 0.108177 0.991933 -0.066088
vn 0.300809 0.953410 0.022884
vn 0.419478 0.907749 0.005534
vn 0.434636 0.899504 0.044559
vn 0.539181 0.838676 -0.076857
vn 0.606890 0.745095 -0.276619
vn 0.578622 0.739134 -0.344786
vn 0.582979 0.694579 -0.421540
vn 0.263497 0.902807 -0.339865
vn 0.511890 0.682349 -0.521889
vn 0.209298 0.754139 -0.622470
vn 0.429184 0.700310 -0.570409
vn 0.429644 0.746193 -0.508529
vn 0.388963 0.810848 -0.437301
vn 0.582751 0.714265 -0.387591
vn 0.515969 0.785666 -0.341327
vn 0.696507 0.698186 -0.165571
vn 0.613034 0.783310 -0.103028
vn 0.605872 0.793573 0.056220
vn 0.620274 0.746101 0.242060
vn 0.728868 0.681337 0.067317
vn 0.704303 0.661816 0.256822
vn 0.576184 0.690837 0.436756
vn 0.498003 0.743518 0.446290
vn 0.279279 0.673816 0.684087
vn 0.251177 0.733782 0.631248
vn 0.173674 0.705812 0.686780
vn 0.135711 0.609078 0.781413
vn -0.068961 0.615601 0.785035
vn -0.043300 0.707127 0.705759
vn -0.398560 0.628513 0.667923
vn -0.368979 0.711252 0.598311
vn -0.579796 0.634110 0.511606
vn -0.523101 0.744567 0.414711
vn -0.695324 0.718476 -0.017774
vn -0.683369 0.690922 0.235869
vn -0.618085 0.786000 -0.013213
vn -0.594124 0.788100 0.160980
vn -0.503266 0.836504 -0.216760
vn -0.619503 0.756764 -0.208626
vn -0.458633 0.804771 -0.376829
vn -0.348083 0.879975 -0.323238
vn -0.151964 0.819045 -0.553238
vn -0.203415 0.884183 -0.420527
vn -0.010400 0.768278 -0.640032
vn -0.049522 0.841401 -0.538137
vn 0.058956 0.773579 -0.630952
vn 0.032162 0.842866 -0.537162
vn -0.197366 0.958872 -0.203990
vn -0.099785 0.953287 -0.285108
vn -0.216184 0.959599 -0.180094
vn -0.258612 0.955194 -0.143960
vn -0.350737 0.936469 0.003065
vn -0.323130 0.939994 0.109537
vn -0.297683 0.935426 0.190693
vn -0.223835 0.927005 0.300931
vn -0.033892 0.914869 0.402327
vn 0.093899 0.915752 0.390616
vn 0.109019 0.897971 0.426336
vn 0.233587 0.921272 0.310958
vn 0.338117 0.935149 0.105708
vn 0.316771 0.947820 0.035960
vn 0.339380 0.939343 -0.049552
vn -0.034645 0.998440 0.043781
vn 0.281334 0.946442 -0.158426
vn -0.022680 0.960415 -0.277647
vn 0.199810 0.956849 -0.210991
vn 0.526480 0.781579 -0.334595
vn 0.500752 0.827122 -0.255179
vn 0.665772 0.707072 -0.238320
vn 0.608596 0.773576 -0.176610
vn 0.768212 0.638813 -0.042045
vn 0.693779 0.719522 0.030971
vn 0.684886 0.707547 0.174095
vn 0.696445 0.634183 0.335822
vn 0.794354 0.584317 0.166059
vn 0.770819 0.538831 0.339853
vn 0.649760 0.565300 0.508181
vn 0.582396 0.626673 0.517781
vn 0.372817 0.568674 0.733224
vn 0.352784 0.636861 0.685531
vn 0.281896 0.617025 0.734721
vn 0.234256 0.518923 0.822097
vn 0.042890 0.565090 0.823914
vn 0.090578 0.651518 0.753206
vn -0.245720 0.654720 0.714817
vn -0.195154 0.729794 0.655222
vn -0.400161 0.715436 0.572732
vn -0.317799 0.809071 0.494376
vn -0.462564 0.879191 0.114267
vn -0.465738 0.820969 0.330299
vn -0.378558 0.916729 0.127681
vn -0.360089 0.890968 0.276608
vn -0.265832 0.963181 -0.040187
vn -0.382249 0.922883 -0.046609
vn -0.232209 0.955420 -0.182349
vn -0.124774 0.984403 -0.124025
vn 0.027989 0.942000 -0.334442
vn -0.002905 0.978142 -0.207917
vn 0.145664 0.891155 -0.429679
vn 0.121862 0.939045 -0.321472
vn 0.206171 0.882579 -0.422549
vn 0.191396 0.926985 -0.322594
vn 0.012684 0.999824 -0.013856
vn 0.092853 0.992178 -0.083439
vn -0.002707 0.999976 0.006434
vn -0.038730 0.998608 0.035808
vn -0.119672 0.980536 0.155656
vn -0.097620 0.964982 0.243475
vn -0.079114 0.947409 0.310092
vn -0.021773 0.915664 0.401356
vn 0.133450 0.863315 0.486701
vn 0.240363 0.846469 0.475096
vn 0.251253 0.825697 0.505070
vn 0.361863 0.837304 0.409851
vn 0.452833 0.860153 0.234689
vn 0.436443 0.882061 0.177443
vn 0.456078 0.883768 0.104631
vn 0.148332 0.970019 0.192511
vn 0.408289 0.912731 0.014898
vn 0.157131 0.984548 -0.077299
vn 0.342013 0.939308 -0.026967
vn 0.896586 0.271756 -0.349688
vn 0.861254 0.353432 -0.365140
vn 0.926679 0.326998 -0.185306
vn 0.882056 0.402302 -0.245214
vn 0.887612 0.460228 -0.018285
vn 0.832427 0.545541 -0.097217
vn 0.759995 0.647776 -0.052860
vn 0.673337 0.737449 0.052791
vn 0.795578 0.598381 0.094848
vn 0.686846 0.707680 0.165624
vn 0.539615 0.833035 0.121934
vn 0.516976 0.854920 0.042995
vn 0.258327 0.965790 0.022746
vn 0.293763 0.954597 -0.049484
vn 0.217831 0.974038 -0.061646
vn 0.105417 0.994418 0.004533
vn -0.008046 0.990135 -0.139883
vn 0.094233 0.977926 -0.186498
vn -0.121443 0.910139 -0.396103
vn -0.027174 0.902342 -0.430163
vn -0.144100 0.811214 -0.566717
vn -0.012336 0.802390 -0.596673
vn 0.067275 0.535678 -0.841738
vn -0.044798 0.669352 -0.741594
vn 0.136808 0.572918 -0.808114
vn 0.080733 0.673013 -0.735211
vn 0.299144 0.484029 -0.822332
vn 0.205825 0.445620 -0.871240
vn 0.376002 0.379026 -0.845554
vn 0.436227 0.450372 -0.779019
vn 0.607768 0.292269 -0.738374
vn 0.549921 0.400317 -0.733030
vn 0.713246 0.205066 -0.670244
vn 0.668150 0.310974 -0.675922
vn 0.748854 0.214178 -0.627172
vn 0.711403 0.313136 -0.629168
vn 0.489179 0.555261 -0.672599
vn 0.567935 0.511137 -0.645128
vn 0.470844 0.568332 -0.674763
vn 0.434812 0.584275 -0.685246
vn 0.326961 0.652683 -0.683448
vn 0.301229 0.711422 -0.634933
vn 0.280573 0.753675 -0.594351
vn 0.270173 0.812427 -0.516691
vn 0.318440 0.871074 -0.373934
vn 0.387264 0.868941 -0.308171
vn 0.374739 0.883680 -0.280500
vn 0.490440 0.834089 -0.252516
vn 0.629947 0.728966 -0.267910
vn 0.650166 0.694917 -0.307206
vn 0.693876 0.645561 -0.319043
vn 0.484967 0.706436 -0.515514
vn 0.709239 0.586983 -0.390424
vn 0.605176 0.520317 -0.602521
vn 0.692056 0.559659 -0.455895
vn 0.327333 0.932633 -0.151817
vn 0.242407 0.960265 -0.138310
vn 0.346167 0.937888 0.023100
vn 0.249322 0.968391 -0.007582
vn 0.264214 0.938035 0.224237
vn 0.148858 0.972542 0.178894
vn 0.038319 0.966843 0.252481
vn -0.058773 0.924384 0.376909
vn 0.130970 0.918423 0.373291
vn -0.002774 0.882070 0.471111
vn -0.199916 0.861822 0.466151
vn -0.248664 0.882312 0.399615
vn -0.504714 0.763852 0.402237
vn -0.489688 0.805366 0.334052
vn -0.557020 0.764617 0.324175
vn -0.631425 0.673561 0.384211
vn -0.737470 0.631180 0.240313
vn -0.671127 0.713679 0.200624
vn -0.815628 0.577504 -0.035217
vn -0.754879 0.652901 -0.062277
vn -0.800041 0.553421 -0.231648
vn -0.712541 0.654666 -0.252383
vn -0.527030 0.628168 -0.572403
vn -0.673496 0.595017 -0.438586
vn -0.499119 0.691666 -0.521994
vn -0.590644 0.688064 -0.421555
vn -0.330953 0.762641 -0.555742
vn -0.377458 0.685521 -0.622564
vn -0.210643 0.763502 -0.610487
vn -0.205510 0.830555 -0.517633
vn 0.030346 0.850042 -0.525840
vn -0.083505 0.870518 -0.485001
vn 0.178201 0.854873 -0.487275
vn 0.071861 0.886853 -0.456430
vn 0.205473 0.873524 -0.441289
vn 0.110005 0.905858 -0.409048
vn -0.219793 0.900200 -0.375940
vn -0.129605 0.923546 -0.360922
vn -0.241796 0.895153 -0.374481
vn -0.279577 0.881287 -0.381012
vn -0.399669 0.842083 -0.362163
vn -0.447262 0.843523 -0.297364
vn -0.481629 0.841238 -0.245666
vn -0.512281 0.845128 -0.152732
vn -0.488660 0.872460 0.004888
vn -0.426007 0.901991 0.070222
vn -0.438452 0.893137 0.100331
vn -0.319570 0.940355 0.116652
vn -0.155466 0.985068 0.073972
vn -0.126897 0.991562 0.026497
vn -0.065487 0.997853 0.000501
vn -0.293397 0.939918 -0.174566
vn -0.030194 0.995822 -0.086179
vn -0.101396 0.943588 -0.315215
vn -0.037411 0.986692 -0.158236
vn -0.860111 0.491849 0.135252
vn -0.803316 0.560748 0.200612
vn -0.802857 0.596092 -0.009781
vn -0.766505 0.637316 0.079366
vn -0.658838 0.742497 -0.120957
vn -0.609213 0.792831 -0.016667
vn -0.485959 0.873748 -0.020229
vn -0.342201 0.936843 -0.072272
vn -0.486477 0.857043 -0.169758
vn -0.332135 0.926646 -0.176110
vn -0.167710 0.982257 -0.083934
vn -0.156176 0.987706 -0.006775
vn 0.104162 0.990701 0.087532
vn 0.056625 0.988426 0.140742
vn 0.130867 0.975846 0.174923
vn 0.245994 0.958134 0.146511
vn 0.320139 0.901898 0.289986
vn 0.221387 0.919369 0.325190
vn 0.363788 0.750770 0.551363
vn 0.268782 0.769364 0.579513
vn 0.328710 0.611708 0.719558
vn 0.187304 0.647663 0.738546
vn -0.041234 0.331970 0.942388
vn 0.154663 0.465358 0.871505
vn -0.101336 0.411115 0.905933
vn 0.017100 0.517900 0.855270
vn -0.317554 0.373907 0.871409
vn -0.236434 0.275049 0.931905
vn -0.448765 0.275530 0.850114
vn -0.470229 0.405418 0.783914
vn -0.702131 0.299616 0.645943
vn -0.599535 0.406019 0.689714
vn -0.816067 0.257573 0.517388
vn -0.740783 0.362169 0.565751
vn -0.837170 0.298352 0.458403
vn -0.767269 0.394781 0.505416
vn -0.455166 0.580498 0.675164
vn -0.550617 0.567436 0.612240
vn -0.430067 0.587921 0.685121
vn -0.387194 0.588170 0.710026
vn -0.240535 0.619886 0.746917
vn -0.174324 0.684580 0.707787
vn -0.124746 0.729311 0.672713
vn -0.071240 0.798933 0.597186
vn -0.063750 0.894717 0.442061
vn -0.114802 0.927880 0.354766
vn -0.090085 0.938811 0.332444
vn -0.217241 0.937651 0.271326
vn -0.398305 0.888001 0.229799
vn -0.445460 0.857074 0.258825
vn -0.514110 0.820495 0.249958
vn -0.338798 0.778319 0.528617
vn -0.579420 0.754489 0.308252
vn -0.571350 0.603109 0.556613
vn -0.593362 0.709509 0.380155
vn -0.025917 0.764816 -0.643728
vn -0.078987 0.822167 -0.563739
vn 0.129592 0.816816 -0.562155
vn 0.049447 0.857247 -0.512525
vn 0.256300 0.885385 -0.387821
vn 0.164312 0.932030 -0.322988
vn 0.179107 0.966111 -0.185877
vn 0.236060 0.970868 -0.041124
vn 0.316941 0.927472 -0.198352
vn 0.331060 0.942805 -0.038961
vn 0.251170 0.959368 0.128554
vn 0.181150 0.973126 0.142164
vn 0.091722 0.920874 0.378916
vn 0.042910 0.940257 0.337751
vn 0.008650 0.915533 0.402151
vn 0.030289 0.865252 0.500421
vn -0.111712 0.821966 0.558473
vn -0.140573 0.868698 0.474977
vn -0.382943 0.725512 0.571827
vn -0.405546 0.771419 0.490352
vn -0.569836 0.642060 0.512880
vn -0.577836 0.716025 0.391681
vn -0.839397 0.532979 0.106518
vn -0.742473 0.587024 0.322702
vn -0.784726 0.615930 0.069532
vn -0.713545 0.669511 0.206419
vn -0.757495 0.637062 -0.142666
vn -0.840152 0.534154 -0.093941
vn -0.758158 0.581133 -0.295772
vn -0.664728 0.693843 -0.276982
vn -0.557157 0.637977 -0.531565
vn -0.574666 0.713744 -0.400411
vn -0.441086 0.606199 -0.661790
vn -0.464640 0.691039 -0.553692
vn -0.373746 0.640418 -0.670954
vn -0.401268 0.717324 -0.569588
vn -0.522183 0.825712 -0.213363
vn -0.465376 0.829886 -0.307759
vn -0.529856 0.827098 -0.187514
vn -0.553763 0.819486 -0.147609
vn -0.582843 0.812576 -0.003837
vn -0.532826 0.843091 0.072761
vn -0.491284 0.861522 0.128140
vn -0.407912 0.892660 0.191748
vn -0.247141 0.944271 0.217423
vn -0.160595 0.970947 0.177399
vn -0.138595 0.969673 0.201313
vn -0.081652 0.992971 0.085680
vn -0.050384 0.994602 -0.090711
vn -0.082025 0.986666 -0.140577
vn -0.079840 0.973655 -0.213590
vn -0.345820 0.936618 -0.056172
vn -0.145085 0.945973 -0.289976
vn -0.405960 0.857002 -0.317403
vn -0.220327 0.924044 -0.312407
vn 0.260215 0.710511 -0.653805
vn 0.191514 0.777998 -0.598365
vn 0.389892 0.754607 -0.527781
vn 0.302309 0.806959 -0.507371
vn 0.465041 0.825089 -0.320881
vn 0.360993 0.886349 -0.289949
vn 0.334987 0.929672 -0.153278
vn 0.343382 0.939159 0.008328
vn 0.468332 0.875697 -0.117561
vn 0.432276 0.900712 0.043082
vn 0.301428 0.936226 0.180615
vn 0.229067 0.958325 0.170712
vn 0.055932 0.924928 0.376005
vn 0.023783 0.947670 0.318366
vn -0.034357 0.928046 0.370877
vn -0.051122 0.878081 0.475773
vn -0.215135 0.847667 0.484951
vn -0.210352 0.895375 0.392500
vn -0.493126 0.769436 0.405950
vn -0.483019 0.815584 0.318615
vn -0.659641 0.695159 0.285705
vn -0.621291 0.766107 0.164551
vn -0.787856 0.584183 -0.194970
vn -0.765245 0.642303 0.042988
vn -0.718378 0.661856 -0.214197
vn -0.692869 0.718543 -0.060238
vn -0.619279 0.669504 -0.410193
vn -0.721385 0.574882 -0.386154
vn -0.572830 0.604129 -0.553980
vn -0.481010 0.711673 -0.512008
vn -0.295542 0.632002 -0.716400
vn -0.350894 0.717684 -0.601501
vn -0.145636 0.584842 -0.797966
vn -0.196823 0.677356 -0.708837
vn -0.076494 0.612329 -0.786894
vn -0.127369 0.697730 -0.704947
vn -0.354995 0.839628 -0.411100
vn -0.267626 0.833571 -0.483255
vn -0.371203 0.843165 -0.388950
vn -0.408457 0.839786 -0.357663
vn -0.486225 0.843786 -0.227177
vn -0.461505 0.876513 -0.136890
vn -0.438535 0.896051 -0.069136
vn -0.376076 0.926354 0.020864
vn -0.222024 0.969916 0.099839
vn -0.120418 0.988725 0.089007
vn -0.106891 0.986960 0.120352
vn -0.008988 0.999661 0.024452
vn 0.081520 0.986845 -0.139611
vn 0.066216 0.977733 -0.199133
vn 0.091428 0.958715 -0.269271
vn -0.226771 0.952390 -0.203786
vn 0.049940 0.929854 -0.364523
vn -0.203926 0.856265 -0.474579
vn -0.018139 0.911448 -0.411015
vn 0.847243 0.508592 -0.153343
vn 0.801266 0.583470 -0.132423
vn 0.872626 0.487996 0.019603
vn 0.817521 0.575893 -0.002493
vn 0.819291 0.526722 0.226552
vn 0.752084 0.630657 0.191419
vn 0.667654 0.692458 0.273384
vn 0.571807 0.714015 0.404004
vn 0.711895 0.587240 0.385168
vn 0.591007 0.638994 0.492339
vn 0.427914 0.751228 0.502540
vn 0.401271 0.803007 0.440637
vn 0.130029 0.878058 0.460551
vn 0.165396 0.904768 0.392477
vn 0.087377 0.917957 0.386936
vn -0.025600 0.892492 0.450337
vn -0.139957 0.938958 0.314278
vn -0.037764 0.961676 0.271575
vn -0.246232 0.968187 0.044541
vn -0.152345 0.988218 0.014685
vn -0.258632 0.953773 -0.153060
vn -0.127374 0.975738 -0.178075
vn -0.017698 0.858566 -0.512397
vn -0.144593 0.918410 -0.368262
vn 0.046921 0.885245 -0.462752
vn -0.020530 0.934457 -0.355483
vn 0.219230 0.833040 -0.507920
vn 0.130928 0.809175 -0.572795
vn 0.308768 0.759912 -0.572010
vn 0.360254 0.800983 -0.478167
vn 0.551679 0.664113 -0.504583
vn 0.480286 0.750282 -0.454316
vn 0.668804 0.569589 -0.477775
vn 0.610142 0.660367 -0.437769
vn 0.703639 0.562894 -0.433639
vn 0.653526 0.646824 -0.393093
vn 0.400816 0.853089 -0.334045
vn 0.485126 0.811546 -0.325646
vn 0.380892 0.863354 -0.330972
vn 0.342912 0.877666 -0.334833
vn 0.227081 0.924050 -0.307515
vn 0.194707 0.951267 -0.239125
vn 0.169389 0.968043 -0.184934
vn 0.152705 0.984184 -0.089790
vn 0.195293 0.978515 0.066102
vn 0.264908 0.955876 0.126987
vn 0.251030 0.955038 0.157754
vn 0.372684 0.913029 0.165786
vn 0.524472 0.844114 0.111364
vn 0.548307 0.833979 0.061951
vn 0.597893 0.800964 0.031333
vn 0.379514 0.916496 -0.126506
vn 0.619580 0.782795 -0.057901
vn 0.521560 0.805325 -0.281827
vn 0.605015 0.785634 -0.129372
vn 0.735645 0.550155 -0.395165
vn 0.728536 0.613562 -0.304593
vn 0.848616 0.437869 -0.296855
vn 0.820662 0.519547 -0.237876
vn 0.933815 0.342900 -0.102022
vn 0.899168 0.436822 -0.026124
vn 0.898488 0.422233 0.120159
vn 0.896274 0.352502 0.269138
vn 0.953475 0.284216 0.100534
vn 0.930249 0.253985 0.264816
vn 0.847701 0.303425 0.435127
vn 0.811516 0.370003 0.452260
vn 0.642001 0.374510 0.669012
vn 0.640226 0.435511 0.632804
vn 0.578817 0.438849 0.687301
vn 0.521193 0.372495 0.767858
vn 0.379043 0.458373 0.803878
vn 0.425262 0.525689 0.736752
vn 0.129443 0.627312 0.767935
vn 0.177819 0.687668 0.703913
vn -0.030949 0.742036 0.669645
vn 0.057746 0.814193 0.577715
vn -0.152915 0.962832 0.222646
vn -0.120189 0.882838 0.454040
vn -0.047801 0.974780 0.217988
vn -0.005286 0.928002 0.372539
vn 0.048144 0.998644 0.019813
vn -0.092782 0.995200 0.031113
vn 0.050466 0.988141 -0.145017
vn 0.186923 0.978228 -0.090163
vn 0.286089 0.892781 -0.347987
vn 0.294014 0.934647 -0.199979
vn 0.369491 0.799719 -0.473209
vn 0.387665 0.853706 -0.347709
vn 0.436790 0.767048 -0.469950
vn 0.451880 0.818985 -0.353650
vn 0.357285 0.933827 0.017741
vn 0.423392 0.903179 -0.070761
vn 0.345805 0.937323 0.042946
vn 0.313452 0.946301 0.079131
vn 0.247194 0.944138 0.217940
vn 0.279312 0.909991 0.306434
vn 0.303179 0.878130 0.370095
vn 0.361387 0.817307 0.448786
vn 0.497115 0.708699 0.500622
vn 0.585748 0.657873 0.473394
vn 0.591407 0.634081 0.498175
vn 0.681094 0.618683 0.391591
vn 0.753456 0.621431 0.214775
vn 0.741360 0.651582 0.160708
vn 0.752755 0.652966 0.083637
vn 0.510107 0.832149 0.217528
vn 0.710931 0.703251 -0.003744
vn 0.484809 0.871813 -0.070016
vn 0.652765 0.756675 -0.036630
vn 0.358844 0.804467 -0.473354
vn 0.302504 0.861971 -0.406814
vn 0.503061 0.795231 -0.338435
vn 0.422346 0.855619 -0.299233
vn 0.596755 0.795301 -0.106674
vn 0.496042 0.866683 -0.052943
vn 0.472622 0.875006 0.104852
vn 0.476574 0.829344 0.291661
vn 0.609428 0.782382 0.128361
vn 0.570506 0.758509 0.314940
vn 0.423288 0.767187 0.481925
vn 0.337571 0.807532 0.483671
vn 0.110518 0.704770 0.700775
vn 0.078822 0.760107 0.644999
vn 0.001533 0.720595 0.693355
vn -0.030204 0.618823 0.784949
vn -0.232990 0.594637 0.769495
vn -0.214017 0.689346 0.692097
vn -0.548458 0.558650 0.622177
vn -0.525212 0.645212 0.554846
vn -0.713134 0.537811 0.449665
vn -0.664798 0.655963 0.357430
vn -0.790136 0.606448 -0.088914
vn -0.797885 0.579792 0.164988
vn -0.724616 0.684744 -0.077829
vn -0.717574 0.689581 0.097808
vn -0.600169 0.752818 -0.270298
vn -0.703436 0.656549 -0.272251
vn -0.536578 0.728877 -0.425232
vn -0.443981 0.819520 -0.362310
vn -0.220396 0.789703 -0.572534
vn -0.293139 0.845782 -0.445783
vn -0.065373 0.761096 -0.645337
vn -0.124301 0.827060 -0.548198
vn 0.001263 0.776670 -0.629906
vn -0.044203 0.840723 -0.539658
vn -0.318519 0.919509 -0.230324
vn -0.214069 0.928969 -0.301977
vn -0.339377 0.917301 -0.208286
vn -0.383850 0.906427 -0.176210
vn -0.485437 0.873437 -0.038201
vn -0.468708 0.880548 0.070340
vn -0.450539 0.879454 0.153542
vn -0.386858 0.881655 0.270234
vn -0.207516 0.897590 0.388933
vn -0.080764 0.917637 0.389128
vn -0.066553 0.902149 0.426261
vn 0.063341 0.944368 0.322735
vn 0.183289 0.974697 0.127953
vn 0.166882 0.984362 0.056410
vn 0.198372 0.979767 -0.026551
vn -0.187335 0.981804 0.031105
vn 0.150316 0.978617 -0.140404
vn -0.139928 0.947517 -0.287457
vn 0.073410 0.976959 -0.200405
vn 0.358844 0.804467 -0.473354
vn 0.302504 0.861971 -0.406813
vn 0.503061 0.795231 -0.338434
vn 0.422346 0.855619 -0.299233
vn 0.596755 0.795301 -0.106674
vn 0.496042 0.866683 -0.052943
vn 0.472622 0.875006 0.104852
vn 0.476574 0.829344 0.291661
vn 0.609428 0.782382 0.128360
vn 0.570506 0.758509 0.314940
vn 0.423288 0.767186 0.481926
vn 0.337571 0.807532 0.483672
vn 0.110519 0.704770 0.700774
vn 0.078822 0.760107 0.644999
vn 0.001533 0.720595 0.693354
vn -0.030203 0.618824 0.784949
vn -0.232990 0.594637 0.769495
vn -0.214017 0.689346 0.692097
vn -0.548458 0.558650 0.622177
vn -0.525212 0.645212 0.554846
vn -0.713134 0.537811 0.449665
vn -0.664797 0.655963 0.357430
vn -0.790136 0.606448 -0.088913
vn -0.797885 0.579792 0.164988
vn -0.724616 0.684744 -0.077829
vn -0.717573 0.689581 0.097809
vn -0.600169 0.752818 -0.270299
vn -0.703436 0.656550 -0.272251
vn -0.536578 0.728877 -0.425232
vn -0.443982 0.819519 -0.362310
vn -0.220396 0.789703 -0.572534
vn -0.293140 0.845782 -0.445783
vn -0.065372 0.761096 -0.645337
vn -0.124302 0.827060 -0.548198
vn 0.001263 0.776670 -0.629907
vn -0.044203 0.840723 -0.539658
vn -0.318518 0.919509 -0.230325
vn -0.214069 0.928969 -0.301977
vn -0.339375 0.917301 -0.208287
vn -0.383851 0.906427 -0.176208
vn -0.485438 0.873436 -0.038200
vn -0.468709 0.880548 0.070340
vn -0.450539 0.879454 0.153542
vn -0.386858 0.881655 0.270234
vn -0.207516 0.897590 0.388933
vn -0.080764 0.917637 0.389128
vn -0.066553 0.902149 0.426261
vn 0.063340 0.944367 0.322736
vn 0.183289 0.974696 0.127954
vn 0.166882 0.984362 0.056408
vn 0.198372 0.979767 -0.026551
vn -0.187335 0.981804 0.031106
vn 0.150316 0.978617 -0.140404
vn -0.139928 0.947517 -0.287457
vn 0.073410 0.976959 -0.200405
vn 0.358844 0.804467 -0.473354
vn 0.302504 0.861971 -0.406813
vn 0.503061 0.795231 -0.338434
vn 0.422346 0.855619 -0.299233
vn 0.596755 0.795301 -0.106674
vn 0.496042 0.866683 -0.052943
vn 0.472622 0.875006 0.104852
vn 0.476574 0.829344 0.291661
vn 0.609428 0.782382 0.128360
vn 0.570506 0.758509 0.314940
vn 0.423288 0.767186 0.481926
vn 0.337571 0.807532 0.483672
vn 0.110519 0.704770 0.700774
vn 0.078822 0.760107 0.644999
vn 0.001533 0.720595 0.693354
vn -0.030203 0.618824 0.784949
vn -0.232990 0.594637 0.769495
vn -0.214017 0.689346 0.692097
vn -0.548458 0.558650 0.622177
vn -0.525212 0.645212 0.554846
vn -0.713134 0.537811 0.449665
vn -0.664797 0.655963 0.357430
vn -0.790136 0.606448 -0.088913
vn -0.797885 0.579792 0.164988
vn -0.724616 0.684744 -0.077829
vn -0.717573 0.689581 0.097809
vn -0.600169 0.752818 -0.270299
vn -0.703436 0.656550 -0.272251
vn -0.536578 0.728877 -0.425232
vn -0.443982 0.819519 -0.362310
vn -0.220396 0.789703 -0.572534
vn -0.293140 0.845782 -0.445783
vn -0.065372 0.761096 -0.645337
vn -0.124302 0.827060 -0.548198
vn 0.001263 0.776670 -0.629907
vn -0.044203 0.840723 -0.539658
vn -0.318518 0.919509 -0.230325
vn -0.214069 0.928969 -0.301977
vn -0.339375 0.917301 -0.208287
vn -0.383851 0.906427 -0.176208
vn -0.485438 0.873436 -0.038200
vn -0.468709 0.880548 0.070340
vn -0.450539 0.879454 0.153542
vn -0.386858 0.881655 0.270234
vn -0.207516 0.897590 0.388933
vn -0.080764 0.917637 0.389128
vn -0.066553 0.902149 0.426261
vn 0.063340 0.944367 0.322736
vn 0.183289 0.974696 0.127954
vn 0.166882 0.984362 0.056408
vn 0.198372 0.979767 -0.026551
vn -0.187335 0.981804 0.031106
vn 0.150316 0.978617 -0.140404
vn -0.139928 0.947517 -0.287457
vn 0.073410 0.976959 -0.200405
vn 0.358844 0.804467 -0.473354
vn 0.302504 0.861971 -0.406813
vn 0.503061 0.795231 -0.338434
vn 0.422346 0.855619 -0.299233
vn 0.596755 0.795301 -0.106674
vn 0.496042 0.866683 -0.052943
vn 0.472622 0.875006 0.104852
vn 0.476574 0.829344 0.291661
vn 0.609428 0.782382 0.128360
vn 0.570506 0.758509 0.314940
vn 0.423288 0.767186 0.481926
vn 0.337571 0.807532 0.483672
vn 0.110519 0.704770 0.700774
vn 0.078822 0.760107 0.644999
vn 0.001533 0.720595 0.693354
vn -0.030203 0.618824 0.784949
vn -0.232990 0.594637 0.769495
vn -0.214017 0.689346 0.692097
vn -0.548458 0.558650 0.622177
vn -0.525212 0.645212 0.554846
vn -0.713134 0.537811 0.449665
vn -0.664797 0.655963 0.357430
vn -0.790136 0.606448 -0.088913
vn -0.797885 0.579792 0.164988
vn -0.724616 0.684744 -0.077829
vn -0.717573 0.689581 0.097809
vn -0.600169 0.752818 -0.270299
vn -0.703436 0.656550 -0.272251
vn -0.536578 0.728877 -0.425232
vn -0.443982 0.819519 -0.362310
vn -0.220396 0.789703 -0.572534
vn -0.293140 0.845782 -0.445783
vn -0.065372 0.761096 -0.645337
vn -0.124302 0.827060 -0.548198
vn 0.001263 0.776670 -0.629907
vn -0.044203 0.840723 -0.539658
vn -0.318518 0.919509 -0.230325
vn -0.214069 0.928969 -0.301977
vn -0.339375 0.917301 -0.208287
vn -0.383851 0.906427 -0.176208
vn -0.485438 0.873436 -0.038200
vn -0.468709 0.880548 0.070340
vn -0.450539 0.879454 0.153542
vn -0.386858 0.881655 0.270234
vn -0.207516 0.897590 0.388933
vn -0.080764 0.917637 0.389128
vn -0.066553 0.902149 0.426261
vn 0.063340 0.944367 0.322736
vn 0.183289 0.974696 0.127954
vn 0.166882 0.984362 0.056408
vn 0.198372 0.979767 -0.026551
vn -0.187335 0.981804 0.031106
vn 0.150316 0.978617 -0.140404
vn -0.139928 0.947517 -0.287457
vn 0.073410 0.976959 -0.200405
vn 0.358844 0.804467 -0.473354
vn 0.302504 0.861971 -0.406813
vn 0.503061 0.795231 -0.338434
vn 0.422346 0.855619 -0.299233
vn 0.596755 0.795301 -0.106674
vn 0.496042 0.866683 -0.052943
vn 0.472622 0.875006 0.104852
vn 0.476574 0.829344 0.291661
vn 0.609428 0.782382 0.128360
vn 0.570506 0.758509 0.314940
vn 0.423288 0.767186 0.481926
vn 0.337571 0.807532 0.483672
vn 0.110519 0.704770 0.700774
vn 0.078822 0.760107 0.644999
vn 0.001533 0.720595 0.693354
vn -0.030203 0.618824 0.784949
vn -0.232990 0.594637 0.769495
vn -0.214017 0.689346 0.692097
vn -0.548458 0.558650 0.622177
vn -0.525212 0.645212 0.554846
vn -0.713134 0.537811 0.449665
vn -0.664797 0.655963 0.357430
vn -0.790136 0.606448 -0.088913
vn -0.797885 0.579792 0.164988
vn -0.724616 0.684744 -0.077829
vn -0.717573 0.689581 0.097809
vn -0.600169 0.752818 -0.270299
vn -0.703436 0.656550 -0.272251
vn -0.536578 0.728877 -0.425232
vn -0.443982 0.819519 -0.362310
vn -0.220396 0.789703 -0.572534
vn -0.293140 0.845782 -0.445783
vn -0.065372 0.761096 -0.645337
vn -0.124302 0.827060 -0.548198
vn 0.001263 0.776670 -0.629907
vn -0.044203 0.840723 -0.539658
vn -0.318518 0.919509 -0.230325
vn -0.214069 0.928969 -0.301977
vn -0.339375 0.917301 -0.208287
vn -0.383851 0.906427 -0.176208
vn -0.485438 0.873436 -0.038200
vn -0.468709 0.880548 0.070340
vn -0.450539 0.879454 0.153542
vn -0.386858 0.881655 0.270234
vn -0.207516 0.897590 0.388933
vn -0.080764 0.917637 0.389128
vn -0.066553 0.902149 0.426261
vn 0.063340 0.944367 0.322736
vn 0.183289 0.974696 0.127954
vn 0.166882 0.984362 0.056408
vn 0.198372 0.979767 -0.026551
vn -0.187335 0.981804 0.031106
vn 0.150316 0.978617 -0.140404
vn -0.139928 0.947517 -0.287457
vn 0.073410 0.976959 -0.200405
vn 0.463865 0.716634 -0.520831
vn 0.415510 0.785382 -0.458831
vn 0.605233 0.697320 -0.383976
vn 0.533171 0.770341 -0.349720
vn 0.697522 0.700328 -0.151671
vn 0.607066 0.787835 -0.103862
vn 0.584566 0.809628 0.052777
vn 0.581940 0.776328 0.242202
vn 0.707774 0.701447 0.083832
vn 0.665555 0.695364 0.271121
vn 0.520381 0.734530 0.435510
vn 0.440788 0.785912 0.433646
vn 0.201540 0.728775 0.654422
vn 0.177626 0.784008 0.594795
vn 0.095646 0.758384 0.644752
vn 0.050423 0.668014 0.742438
vn -0.153740 0.669957 0.726307
vn -0.122141 0.755975 0.643104
vn -0.470819 0.666430 0.578100
vn -0.436096 0.744491 0.505523
vn -0.636371 0.656221 0.405469
vn -0.572514 0.760546 0.306262
vn -0.702206 0.698614 -0.137279
vn -0.714069 0.690107 0.117719
vn -0.626879 0.768094 -0.130594
vn -0.619697 0.783583 0.044419
vn -0.494000 0.806160 -0.325683
vn -0.609151 0.724517 -0.322507
vn -0.433771 0.763784 -0.477993
vn -0.330097 0.845319 -0.420086
vn -0.111939 0.772256 -0.625372
vn -0.176892 0.845760 -0.503388
vn 0.038083 0.718586 -0.694394
vn -0.011791 0.798073 -0.602446
vn 0.106159 0.726176 -0.679263
vn 0.069393 0.801531 -0.593912
vn -0.192778 0.936317 -0.293509
vn -0.087819 0.927075 -0.364444
vn -0.213801 0.938359 -0.271610
vn -0.259406 0.935628 -0.239394
vn -0.364825 0.925616 -0.100683
vn -0.347572 0.937625 0.007339
vn -0.329917 0.939648 0.090639
vn -0.266802 0.941115 0.207650
vn -0.087233 0.940964 0.327073
vn 0.041059 0.943997 0.327388
vn 0.052991 0.929257 0.365613
vn 0.187605 0.946927 0.261023
vn 0.311010 0.948109 0.066043
vn 0.296215 0.955101 -0.006159
vn 0.327021 0.940884 -0.088282
vn -0.055130 0.997857 -0.035243
vn 0.279526 0.938572 -0.202354
vn -0.011904 0.936551 -0.350328
vn 0.203233 0.943153 -0.262981
vn 0.403139 0.798342 -0.447358
vn 0.352243 0.856554 -0.377148
vn 0.549137 0.773534 -0.316376
vn 0.473561 0.837456 -0.272779
vn 0.647372 0.757182 -0.087084
vn 0.552900 0.832776 -0.028041
vn 0.533358 0.835767 0.130469
vn 0.538029 0.781839 0.315044
vn 0.663972 0.733199 0.146833
vn 0.627362 0.703887 0.333105
vn 0.484552 0.715172 0.503725
vn 0.401846 0.761087 0.509183
vn 0.172825 0.664484 0.727044
vn 0.143840 0.724211 0.674410
vn 0.065045 0.687924 0.722862
vn 0.028324 0.584624 0.810809
vn -0.175918 0.574852 0.799124
vn -0.152117 0.671354 0.725358
vn -0.496074 0.566662 0.657879
vn -0.468362 0.654314 0.593726
vn -0.665309 0.564509 0.488563
vn -0.610924 0.683046 0.400275
vn -0.748520 0.661604 -0.044687
vn -0.752840 0.624482 0.207979
vn -0.677589 0.734750 -0.031858
vn -0.666617 0.731435 0.143613
vn -0.552775 0.802615 -0.224163
vn -0.662395 0.713700 -0.227739
vn -0.494172 0.781224 -0.381421
vn -0.394324 0.862591 -0.316931
vn -0.177676 0.826976 -0.533425
vn -0.243791 0.882247 -0.402748
vn -0.026502 0.791192 -0.610993
vn -0.078773 0.856678 -0.509802
vn 0.041345 0.801553 -0.596493
vn 0.002232 0.864528 -0.502580
vn -0.259629 0.948049 -0.183837
vn -0.156278 0.953567 -0.257465
vn -0.280130 0.946292 -0.161428
vn -0.324574 0.937050 -0.128799
vn -0.425313 0.904991 0.010047
vn -0.405905 0.906218 0.118365
vn -0.386143 0.900274 0.200999
vn -0.320069 0.893087 0.316150
vn -0.137650 0.891711 0.431165
vn -0.009847 0.903145 0.429223
vn 0.004035 0.885130 0.465326
vn 0.134348 0.922977 0.360645
vn 0.252049 0.953622 0.164549
vn 0.234871 0.967482 0.093880
vn 0.264257 0.964400 0.010081
vn -0.119139 0.989901 0.076827
vn 0.213900 0.971457 -0.102559
vn -0.080756 0.966426 -0.243923
vn 0.135841 0.977603 -0.160749
vn 0.431182 0.722243 -0.540783
vn 0.392287 0.789892 -0.471362
vn 0.585604 0.692755 -0.420902
vn 0.520337 0.766579 -0.376306
vn 0.702304 0.683194 -0.200035
vn 0.620741 0.771517 -0.139436
vn 0.615966 0.787534 0.019427
vn 0.632442 0.746539 0.206632
vn 0.737768 0.674255 0.032839
vn 0.715668 0.661802 0.223241
vn 0.590471 0.698795 0.403769
vn 0.513064 0.752742 0.412487
vn 0.296929 0.694261 0.655618
vn 0.268793 0.752650 0.601057
vn 0.191760 0.727634 0.658618
vn 0.154002 0.634809 0.757167
vn -0.050506 0.643982 0.763372
vn -0.024892 0.732302 0.680525
vn -0.381559 0.656780 0.650425
vn -0.351993 0.736616 0.577493
vn -0.564919 0.659042 0.496519
vn -0.508303 0.765269 0.394958
vn -0.686949 0.725914 -0.033902
vn -0.671719 0.707268 0.220376
vn -0.608859 0.792599 -0.032825
vn -0.582403 0.800608 0.140834
vn -0.496353 0.834398 -0.239611
vn -0.613399 0.756439 -0.227028
vn -0.454377 0.796434 -0.399042
vn -0.342193 0.872130 -0.349706
vn -0.150097 0.800629 -0.580056
vn -0.198883 0.871083 -0.449065
vn -0.010394 0.745058 -0.666919
vn -0.047196 0.822242 -0.567178
vn 0.059142 0.749822 -0.658990
vn 0.034506 0.822732 -0.567380
vn -0.188876 0.953358 -0.235446
vn -0.092531 0.943683 -0.317647
vn -0.207340 0.955170 -0.211332
vn -0.249301 0.952578 -0.174484
vn -0.339543 0.940242 -0.025627
vn -0.310387 0.947216 0.080261
vn -0.283846 0.945228 0.161168
vn -0.208543 0.939830 0.270610
vn -0.017336 0.928970 0.369750
vn 0.110277 0.927859 0.356254
vn 0.125691 0.911176 0.392377
vn 0.248875 0.928812 0.274535
vn 0.350635 0.934076 0.067497
vn 0.328452 0.944518 -0.002358
vn 0.349742 0.932722 -0.087814
vn -0.022193 0.999718 0.008486
vn 0.290243 0.936653 -0.196062
vn -0.015246 0.950121 -0.311509
vn 0.208110 0.946185 -0.247838
vn -0.283554 0.605294 -0.743785
vn -0.319743 0.673267 -0.666690
vn -0.110087 0.683112 -0.721969
vn -0.178922 0.732025 -0.657364
vn 0.063214 0.796645 -0.601133
vn -0.016364 0.855437 -0.517649
vn 0.034594 0.920272 -0.389747
vn 0.137383 0.957541 -0.253460
vn 0.179875 0.882651 -0.434248
vn 0.241994 0.930488 -0.275013
vn 0.206165 0.975463 -0.077248
vn 0.132419 0.990365 -0.040535
vn 0.110218 0.961377 0.252203
vn 0.042868 0.974612 0.219758
vn 0.026582 0.952416 0.303641
vn 0.084111 0.909000 0.408222
vn -0.050728 0.853880 0.517993
vn -0.109785 0.895242 0.431843
vn -0.324990 0.718422 0.615022
vn -0.374914 0.759125 0.532136
vn -0.520415 0.601253 0.606352
vn -0.572813 0.664815 0.479485
vn -0.873704 0.407067 0.266341
vn -0.737219 0.498943 0.455593
vn -0.845304 0.491265 0.210050
vn -0.751325 0.573633 0.326276
vn -0.874249 0.485200 -0.016418
vn -0.921859 0.381561 0.067724
vn -0.899526 0.405976 -0.161361
vn -0.826635 0.530261 -0.188407
vn -0.763298 0.447284 -0.466169
vn -0.767999 0.541155 -0.342532
vn -0.673755 0.411889 -0.613516
vn -0.689184 0.506821 -0.517839
vn -0.618445 0.447173 -0.646191
vn -0.632126 0.536498 -0.559095
vn -0.696740 0.692548 -0.186895
vn -0.661149 0.687327 -0.300772
vn -0.699316 0.697027 -0.158464
vn -0.712199 0.693562 -0.108370
vn -0.705316 0.706941 0.052561
vn -0.640744 0.759029 0.115419
vn -0.586455 0.793840 0.160901
vn -0.486412 0.850093 0.201853
vn -0.313255 0.933199 0.176101
vn -0.233655 0.966935 0.102187
vn -0.202176 0.971703 0.122137
vn -0.175469 0.984139 -0.026099
vn -0.191518 0.954517 -0.228515
vn -0.238746 0.932555 -0.270816
vn -0.253956 0.903230 -0.345951
vn -0.494079 0.864561 -0.091763
vn -0.340229 0.850866 -0.400339
vn -0.606897 0.720818 -0.334811
vn -0.422475 0.814203 -0.398232
vn 0.345620 0.648972 -0.677778
vn 0.297258 0.723571 -0.622963
vn 0.500408 0.663925 -0.555694
vn 0.425544 0.736209 -0.526221
vn 0.613491 0.713550 -0.338342
vn 0.520348 0.801031 -0.295953
vn 0.510797 0.847646 -0.143467
vn 0.529051 0.847230 0.048014
vn 0.645715 0.755804 -0.108682
vn 0.622038 0.778833 0.080543
vn 0.490019 0.834777 0.251055
vn 0.406260 0.879050 0.249448
vn 0.195048 0.843104 0.501131
vn 0.160702 0.885368 0.436232
vn 0.086462 0.862704 0.498263
vn 0.059048 0.787339 0.613686
vn -0.145052 0.771388 0.619614
vn -0.129386 0.843956 0.520575
vn -0.473029 0.719060 0.509114
vn -0.452541 0.785864 0.421455
vn -0.652472 0.667180 0.359375
vn -0.607999 0.757372 0.238169
vn -0.772677 0.610861 -0.172684
vn -0.759666 0.645368 0.080055
vn -0.703695 0.685832 -0.185601
vn -0.681514 0.731601 -0.017272
vn -0.593784 0.699588 -0.397488
vn -0.700213 0.611414 -0.368613
vn -0.544549 0.636284 -0.546451
vn -0.443742 0.733980 -0.514166
vn -0.240129 0.643116 -0.727145
vn -0.299735 0.731451 -0.612486
vn -0.093008 0.589642 -0.802291
vn -0.141034 0.679816 -0.719694
vn -0.024786 0.604726 -0.796047
vn -0.060061 0.690679 -0.720663
vn -0.303974 0.855241 -0.419717
vn -0.205754 0.841754 -0.499114
vn -0.322941 0.859449 -0.396303
vn -0.364874 0.858920 -0.359337
vn -0.455420 0.865087 -0.210280
vn -0.429242 0.896689 -0.108166
vn -0.404085 0.914270 -0.028716
vn -0.330635 0.940449 0.078973
vn -0.141361 0.974059 0.176707
vn -0.014419 0.986577 0.162658
vn 0.002350 0.979536 0.201258
vn 0.124353 0.988905 0.081260
vn 0.228239 0.965743 -0.123479
vn 0.206139 0.959133 -0.193829
vn 0.230247 0.933357 -0.275374
vn -0.148809 0.970175 -0.191355
vn 0.172636 0.908009 -0.381730
vn -0.130029 0.859096 -0.495022
vn 0.090877 0.896468 -0.433690
vn 0.779054 0.541540 -0.315926
vn 0.721611 0.610425 -0.326586
vn 0.792376 0.591860 -0.147792
vn 0.727756 0.654987 -0.203380
vn 0.716984 0.696570 0.026919
vn 0.639310 0.767501 -0.047171
vn 0.540579 0.841289 0.002563
vn 0.432021 0.894833 0.112387
vn 0.589309 0.794367 0.147297
vn 0.453857 0.862657 0.223240
vn 0.276595 0.942936 0.185380
vn 0.248386 0.962658 0.107673
vn -0.031307 0.995416 0.090373
vn 0.005652 0.999819 0.018170
vn -0.072693 0.997336 0.006029
vn -0.186023 0.979941 0.071494
vn -0.293820 0.952930 -0.074790
vn -0.192498 0.973887 -0.120369
vn -0.380013 0.861178 -0.337584
vn -0.287598 0.883193 -0.370483
vn -0.373628 0.771698 -0.514670
vn -0.245007 0.803255 -0.542911
vn -0.092489 0.588003 -0.803554
vn -0.238095 0.676628 -0.696768
vn -0.036569 0.641333 -0.766391
vn -0.118943 0.715857 -0.688041
vn 0.144472 0.604154 -0.783661
vn 0.066074 0.543889 -0.836552
vn 0.248298 0.527568 -0.812416
vn 0.285555 0.608569 -0.740339
vn 0.495534 0.504219 -0.707255
vn 0.408983 0.590400 -0.695817
vn 0.621877 0.446702 -0.643216
vn 0.548120 0.535258 -0.642700
vn 0.653461 0.462750 -0.599042
vn 0.589038 0.546621 -0.595180
vn 0.306279 0.716816 -0.626392
vn 0.394492 0.695500 -0.600546
vn 0.284944 0.724166 -0.628006
vn 0.245815 0.729723 -0.638028
vn 0.122819 0.763873 -0.633571
vn 0.081365 0.809285 -0.581753
vn 0.049505 0.840953 -0.538839
vn 0.022807 0.888823 -0.457682
vn 0.052489 0.949092 -0.310594
vn 0.119180 0.962434 -0.243959
vn 0.103011 0.971034 -0.215596
vn 0.228176 0.955105 -0.188972
vn 0.392042 0.895923 -0.208867
vn 0.421121 0.871880 -0.249964
vn 0.477179 0.838131 -0.264267
vn 0.259052 0.849382 -0.459829
vn 0.508597 0.791430 -0.339068
vn 0.427617 0.712118 -0.556805
vn 0.499850 0.764808 -0.406472
s 1
g polySurface8
usemtl lol:lambert1SG
f 1882/2156/1875 1883/2157/1876 1881/2158/1877
f 1881/2158/1877 1883/2157/1876 1884/2159/1878
f 1881/2158/1877 1884/2159/1878 1887/2160/1879
f 1887/2160/1879 1884/2159/1878 1886/2161/1880
f 1888/2162/1881 1885/2163/1882 1889/2164/1883
f 1889/2164/1883 1885/2163/1882 1890/2165/1884
f 1887/2160/1879 1886/2161/1880 1889/2164/1883
f 1889/2164/1883 1886/2161/1880 1888/2162/1881
f 1891/2166/1885 1890/2165/1884 1892/2167/1886
f 1892/2167/1886 1890/2165/1884 1885/2163/1882
f 1891/2166/1885 1892/2167/1886 1894/2168/1887
f 1894/2168/1887 1892/2167/1886 1893/2169/1888
f 1896/2170/1889 1895/2171/1890 1893/2169/1888
f 1893/2169/1888 1895/2171/1890 1894/2168/1887
f 1898/2172/1891 1895/2171/1890 1897/2173/1892
f 1897/2173/1892 1895/2171/1890 1896/2170/1889
f 1899/2174/1893 1898/2172/1891 1900/2175/1894
f 1900/2175/1894 1898/2172/1891 1897/2173/1892
f 1899/2174/1893 1900/2175/1894 1902/2176/1895
f 1902/2176/1895 1900/2175/1894 1901/2177/1896
f 1906/2178/1897 1903/2179/1898 1905/2180/1899
f 1905/2180/1899 1903/2179/1898 1904/2181/1900
f 1904/2181/1900 1903/2179/1898 1901/2177/1896
f 1901/2177/1896 1903/2179/1898 1902/2176/1895
f 1908/2182/1901 1907/2183/1902 1905/2180/1899
f 1905/2180/1899 1907/2183/1902 1906/2178/1897
f 1907/2183/1902 1908/2182/1901 1910/2184/1903
f 1910/2184/1903 1908/2182/1901 1909/2185/1904
f 1878/2186/1905 1910/2184/1903 1877/2187/1906
f 1877/2187/1906 1910/2184/1903 1909/2185/1904
f 1879/2188/1907 1878/2186/1905 1880/2189/1908
f 1880/2189/1908 1878/2186/1905 1877/2187/1906
f 1875/2190/1909 1879/2188/1907 1876/2191/1910
f 1876/2191/1910 1879/2188/1907 1880/2189/1908
f 1883/2157/1876 1882/2156/1875 1876/2191/1910
f 1876/2191/1910 1882/2156/1875 1875/2190/1909
f 1913/2192/1911 1912/2193/1912 1877/2187/1906
f 1877/2187/1906 1912/2193/1912 1880/2189/1908
f 1927/2194/1913 1913/2192/1911 1909/2185/1904
f 1909/2185/1904 1913/2192/1911 1877/2187/1906
f 1927/2194/1913 1909/2185/1904 1914/2195/1914
f 1914/2195/1914 1909/2185/1904 1908/2182/1901
f 1914/2195/1914 1908/2182/1901 1915/2196/1915
f 1915/2196/1915 1908/2182/1901 1905/2180/1899
f 1916/2197/1916 1915/2196/1915 1904/2181/1900
f 1904/2181/1900 1915/2196/1915 1905/2180/1899
f 1916/2197/1916 1904/2181/1900 1917/2198/1917
f 1917/2198/1917 1904/2181/1900 1901/2177/1896
f 1917/2198/1917 1901/2177/1896 1918/2199/1918
f 1918/2199/1918 1901/2177/1896 1900/2175/1894
f 1918/2199/1918 1900/2175/1894 1919/2200/1919
f 1919/2200/1919 1900/2175/1894 1897/2173/1892
f 1920/2201/1920 1919/2200/1919 1896/2170/1889
f 1896/2170/1889 1919/2200/1919 1897/2173/1892
f 1920/2201/1920 1896/2170/1889 1921/2202/1921
f 1921/2202/1921 1896/2170/1889 1893/2169/1888
f 1922/2203/1922 1921/2202/1921 1892/2167/1886
f 1892/2167/1886 1921/2202/1921 1893/2169/1888
f 1923/2204/1923 1922/2203/1922 1885/2163/1882
f 1885/2163/1882 1922/2203/1922 1892/2167/1886
f 1924/2205/1924 1923/2204/1923 1888/2162/1881
f 1888/2162/1881 1923/2204/1923 1885/2163/1882
f 1924/2205/1924 1888/2162/1881 1925/2206/1925
f 1925/2206/1925 1888/2162/1881 1886/2161/1880
f 1929/2207/1926 1921/2202/1921 1922/2203/1922
f 1925/2206/1925 1886/2161/1880 1926/2208/1927
f 1926/2208/1927 1886/2161/1880 1884/2159/1878
f 1929/2207/1926 1917/2198/1917 1918/2199/1918
f 1929/2207/1926 1924/2205/1924 1925/2206/1925
f 1876/2191/1910 1928/2209/1928 1883/2157/1876
f 1883/2157/1876 1928/2209/1928 1911/2210/1929
f 1926/2208/1927 1884/2159/1878 1911/2210/1929
f 1911/2210/1929 1884/2159/1878 1883/2157/1876
f 1929/2207/1926 1912/2193/1912 1913/2192/1911
f 1929/2207/1926 1915/2196/1915 1916/2197/1916
f 1929/2207/1926 1918/2199/1918 1919/2200/1919
f 1929/2207/1926 1923/2204/1923 1924/2205/1924
f 1929/2207/1926 1911/2210/1929 1928/2209/1928
f 1880/2189/1908 1912/2193/1912 1876/2191/1910
f 1876/2191/1910 1912/2193/1912 1928/2209/1928
f 1928/2209/1928 1912/2193/1912 1929/2207/1926
f 1929/2207/1926 1913/2192/1911 1927/2194/1913
f 1929/2207/1926 1927/2194/1913 1914/2195/1914
f 1929/2207/1926 1914/2195/1914 1915/2196/1915
f 1929/2207/1926 1916/2197/1916 1917/2198/1917
f 1929/2207/1926 1919/2200/1919 1920/2201/1920
f 1929/2207/1926 1920/2201/1920 1921/2202/1921
f 1929/2207/1926 1922/2203/1922 1923/2204/1923
f 1929/2207/1926 1925/2206/1925 1926/2208/1927
f 1929/2207/1926 1926/2208/1927 1911/2210/1929
s 13
f 1937/2211/1930 1938/2212/1931 1936/2213/1932
f 1936/2213/1932 1938/2212/1931 1939/2214/1933
f 1936/2213/1932 1939/2214/1933 1942/2215/1934
f 1942/2215/1934 1939/2214/1933 1941/2216/1935
f 1943/2217/1936 1940/2218/1937 1944/2219/1938
f 1944/2219/1938 1940/2218/1937 1945/2220/1939
f 1942/2215/1934 1941/2216/1935 1944/2219/1938
f 1944/2219/1938 1941/2216/1935 1943/2217/1936
f 1946/2221/1940 1945/2220/1939 1947/2222/1941
f 1947/2222/1941 1945/2220/1939 1940/2218/1937
f 1946/2221/1940 1947/2222/1941 1949/2223/1942
f 1949/2223/1942 1947/2222/1941 1948/2224/1943
f 1951/2225/1944 1950/2226/1945 1948/2224/1943
f 1948/2224/1943 1950/2226/1945 1949/2223/1942
f 1953/2227/1946 1950/2226/1945 1952/2228/1947
f 1952/2228/1947 1950/2226/1945 1951/2225/1944
f 1954/2229/1948 1953/2227/1946 1955/2230/1949
f 1955/2230/1949 1953/2227/1946 1952/2228/1947
f 1954/2229/1948 1955/2230/1949 1957/2231/1950
f 1957/2231/1950 1955/2230/1949 1956/2232/1951
f 1961/2233/1952 1958/2234/1953 1960/2235/1954
f 1960/2235/1954 1958/2234/1953 1959/2236/1955
f 1959/2236/1955 1958/2234/1953 1956/2232/1951
f 1956/2232/1951 1958/2234/1953 1957/2231/1950
f 1963/2237/1956 1962/2238/1957 1960/2235/1954
f 1960/2235/1954 1962/2238/1957 1961/2233/1952
f 1962/2238/1957 1963/2237/1956 1965/2239/1958
f 1965/2239/1958 1963/2237/1956 1964/2240/1959
f 1933/2241/1960 1965/2239/1958 1932/2242/1961
f 1932/2242/1961 1965/2239/1958 1964/2240/1959
f 1934/2243/1962 1933/2241/1960 1935/2244/1963
f 1935/2244/1963 1933/2241/1960 1932/2242/1961
f 1930/2245/1964 1934/2243/1962 1931/2246/1965
f 1931/2246/1965 1934/2243/1962 1935/2244/1963
f 1938/2212/1931 1937/2211/1930 1931/2246/1965
f 1931/2246/1965 1937/2211/1930 1930/2245/1964
f 1968/2247/1966 1967/2248/1967 1932/2242/1961
f 1932/2242/1961 1967/2248/1967 1935/2244/1963
f 1982/2249/1968 1968/2247/1966 1964/2240/1959
f 1964/2240/1959 1968/2247/1966 1932/2242/1961
f 1982/2249/1968 1964/2240/1959 1969/2250/1969
f 1969/2250/1969 1964/2240/1959 1963/2237/1956
f 1969/2250/1969 1963/2237/1956 1970/2251/1970
f 1970/2251/1970 1963/2237/1956 1960/2235/1954
f 1971/2252/1971 1970/2251/1970 1959/2236/1955
f 1959/2236/1955 1970/2251/1970 1960/2235/1954
f 1971/2252/1971 1959/2236/1955 1972/2253/1972
f 1972/2253/1972 1959/2236/1955 1956/2232/1951
f 1972/2253/1972 1956/2232/1951 1973/2254/1973
f 1973/2254/1973 1956/2232/1951 1955/2230/1949
f 1973/2254/1973 1955/2230/1949 1974/2255/1974
f 1974/2255/1974 1955/2230/1949 1952/2228/1947
f 1975/2256/1975 1974/2255/1974 1951/2225/1944
f 1951/2225/1944 1974/2255/1974 1952/2228/1947
f 1975/2256/1975 1951/2225/1944 1976/2257/1976
f 1976/2257/1976 1951/2225/1944 1948/2224/1943
f 1977/2258/1977 1976/2257/1976 1947/2222/1941
f 1947/2222/1941 1976/2257/1976 1948/2224/1943
f 1978/2259/1978 1977/2258/1977 1940/2218/1937
f 1940/2218/1937 1977/2258/1977 1947/2222/1941
f 1979/2260/1979 1978/2259/1978 1943/2217/1936
f 1943/2217/1936 1978/2259/1978 1940/2218/1937
f 1979/2260/1979 1943/2217/1936 1980/2261/1980
f 1980/2261/1980 1943/2217/1936 1941/2216/1935
f 1984/2262/1981 1976/2257/1976 1977/2258/1977
f 1980/2261/1980 1941/2216/1935 1981/2263/1982
f 1981/2263/1982 1941/2216/1935 1939/2214/1933
f 1984/2262/1981 1972/2253/1972 1973/2254/1973
f 1984/2262/1981 1979/2260/1979 1980/2261/1980
f 1931/2246/1965 1983/2264/1983 1938/2212/1931
f 1938/2212/1931 1983/2264/1983 1966/2265/1984
f 1981/2263/1982 1939/2214/1933 1966/2265/1984
f 1966/2265/1984 1939/2214/1933 1938/2212/1931
f 1984/2262/1981 1967/2248/1967 1968/2247/1966
f 1984/2262/1981 1970/2251/1970 1971/2252/1971
f 1984/2262/1981 1973/2254/1973 1974/2255/1974
f 1984/2262/1981 1978/2259/1978 1979/2260/1979
f 1984/2262/1981 1966/2265/1984 1983/2264/1983
f 1935/2244/1963 1967/2248/1967 1931/2246/1965
f 1931/2246/1965 1967/2248/1967 1983/2264/1983
f 1983/2264/1983 1967/2248/1967 1984/2262/1981
f 1984/2262/1981 1968/2247/1966 1982/2249/1968
f 1984/2262/1981 1982/2249/1968 1969/2250/1969
f 1984/2262/1981 1969/2250/1969 1970/2251/1970
f 1984/2262/1981 1971/2252/1971 1972/2253/1972
f 1984/2262/1981 1974/2255/1974 1975/2256/1975
f 1984/2262/1981 1975/2256/1975 1976/2257/1976
f 1984/2262/1981 1977/2258/1977 1978/2259/1978
f 1984/2262/1981 1980/2261/1980 1981/2263/1982
f 1984/2262/1981 1981/2263/1982 1966/2265/1984
s 25
f 1992/2266/1985 1993/2267/1986 1991/2268/1987
f 1991/2268/1987 1993/2267/1986 1994/2269/1988
f 1991/2268/1987 1994/2269/1988 1997/2270/1989
f 1997/2270/1989 1994/2269/1988 1996/2271/1990
f 1998/2272/1991 1995/2273/1992 1999/2274/1993
f 1999/2274/1993 1995/2273/1992 2000/2275/1994
f 1997/2270/1989 1996/2271/1990 1999/2274/1993
f 1999/2274/1993 1996/2271/1990 1998/2272/1991
f 2001/2276/1995 2000/2275/1994 2002/2277/1996
f 2002/2277/1996 2000/2275/1994 1995/2273/1992
f 2001/2276/1995 2002/2277/1996 2004/2278/1997
f 2004/2278/1997 2002/2277/1996 2003/2279/1998
f 2006/2280/1999 2005/2281/2000 2003/2279/1998
f 2003/2279/1998 2005/2281/2000 2004/2278/1997
f 2008/2282/2001 2005/2281/2000 2007/2283/2002
f 2007/2283/2002 2005/2281/2000 2006/2280/1999
f 2009/2284/2003 2008/2282/2001 2010/2285/2004
f 2010/2285/2004 2008/2282/2001 2007/2283/2002
f 2009/2284/2003 2010/2285/2004 2012/2286/2005
f 2012/2286/2005 2010/2285/2004 2011/2287/2006
f 2016/2288/2007 2013/2289/2008 2015/2290/2009
f 2015/2290/2009 2013/2289/2008 2014/2291/2010
f 2014/2291/2010 2013/2289/2008 2011/2287/2006
f 2011/2287/2006 2013/2289/2008 2012/2286/2005
f 2018/2292/2011 2017/2293/2012 2015/2290/2009
f 2015/2290/2009 2017/2293/2012 2016/2288/2007
f 2017/2293/2012 2018/2292/2011 2020/2294/2013
f 2020/2294/2013 2018/2292/2011 2019/2295/2014
f 1988/2296/2015 2020/2294/2013 1987/2297/2016
f 1987/2297/2016 2020/2294/2013 2019/2295/2014
f 1989/2298/2017 1988/2296/2015 1990/2299/2018
f 1990/2299/2018 1988/2296/2015 1987/2297/2016
f 1985/2300/2019 1989/2298/2017 1986/2301/2020
f 1986/2301/2020 1989/2298/2017 1990/2299/2018
f 1993/2267/1986 1992/2266/1985 1986/2301/2020
f 1986/2301/2020 1992/2266/1985 1985/2300/2019
f 2023/2302/2021 2022/2303/2022 1987/2297/2016
f 1987/2297/2016 2022/2303/2022 1990/2299/2018
f 2037/2304/2023 2023/2302/2021 2019/2295/2014
f 2019/2295/2014 2023/2302/2021 1987/2297/2016
f 2037/2304/2023 2019/2295/2014 2024/2305/2024
f 2024/2305/2024 2019/2295/2014 2018/2292/2011
f 2024/2305/2024 2018/2292/2011 2025/2306/2025
f 2025/2306/2025 2018/2292/2011 2015/2290/2009
f 2026/2307/2026 2025/2306/2025 2014/2291/2010
f 2014/2291/2010 2025/2306/2025 2015/2290/2009
f 2026/2307/2026 2014/2291/2010 2027/2308/2027
f 2027/2308/2027 2014/2291/2010 2011/2287/2006
f 2027/2308/2027 2011/2287/2006 2028/2309/2028
f 2028/2309/2028 2011/2287/2006 2010/2285/2004
f 2028/2309/2028 2010/2285/2004 2029/2310/2029
f 2029/2310/2029 2010/2285/2004 2007/2283/2002
f 2030/2311/2030 2029/2310/2029 2006/2280/1999
f 2006/2280/1999 2029/2310/2029 2007/2283/2002
f 2030/2311/2030 2006/2280/1999 2031/2312/2031
f 2031/2312/2031 2006/2280/1999 2003/2279/1998
f 2032/2313/2032 2031/2312/2031 2002/2277/1996
f 2002/2277/1996 2031/2312/2031 2003/2279/1998
f 2033/2314/2033 2032/2313/2032 1995/2273/1992
f 1995/2273/1992 2032/2313/2032 2002/2277/1996
f 2034/2315/2034 2033/2314/2033 1998/2272/1991
f 1998/2272/1991 2033/2314/2033 1995/2273/1992
f 2034/2315/2034 1998/2272/1991 2035/2316/2035
f 2035/2316/2035 1998/2272/1991 1996/2271/1990
f 2039/2317/2036 2031/2312/2031 2032/2313/2032
f 2035/2316/2035 1996/2271/1990 2036/2318/2037
f 2036/2318/2037 1996/2271/1990 1994/2269/1988
f 2039/2317/2036 2027/2308/2027 2028/2309/2028
f 2039/2317/2036 2034/2315/2034 2035/2316/2035
f 1986/2301/2020 2038/2319/2038 1993/2267/1986
f 1993/2267/1986 2038/2319/2038 2021/2320/2039
f 2036/2318/2037 1994/2269/1988 2021/2320/2039
f 2021/2320/2039 1994/2269/1988 1993/2267/1986
f 2039/2317/2036 2022/2303/2022 2023/2302/2021
f 2039/2317/2036 2025/2306/2025 2026/2307/2026
f 2039/2317/2036 2028/2309/2028 2029/2310/2029
f 2039/2317/2036 2033/2314/2033 2034/2315/2034
f 2039/2317/2036 2021/2320/2039 2038/2319/2038
f 1990/2299/2018 2022/2303/2022 1986/2301/2020
f 1986/2301/2020 2022/2303/2022 2038/2319/2038
f 2038/2319/2038 2022/2303/2022 2039/2317/2036
f 2039/2317/2036 2023/2302/2021 2037/2304/2023
f 2039/2317/2036 2037/2304/2023 2024/2305/2024
f 2039/2317/2036 2024/2305/2024 2025/2306/2025
f 2039/2317/2036 2026/2307/2026 2027/2308/2027
f 2039/2317/2036 2029/2310/2029 2030/2311/2030
f 2039/2317/2036 2030/2311/2030 2031/2312/2031
f 2039/2317/2036 2032/2313/2032 2033/2314/2033
f 2039/2317/2036 2035/2316/2035 2036/2318/2037
f 2039/2317/2036 2036/2318/2037 2021/2320/2039
s 37
f 2047/2321/2040 2048/2322/2041 2046/2323/2042
f 2046/2323/2042 2048/2322/2041 2049/2324/2043
f 2046/2323/2042 2049/2324/2043 2052/2325/2044
f 2052/2325/2044 2049/2324/2043 2051/2326/2045
f 2053/2327/2046 2050/2328/2047 2054/2329/2048
f 2054/2329/2048 2050/2328/2047 2055/2330/2049
f 2052/2325/2044 2051/2326/2045 2054/2329/2048
f 2054/2329/2048 2051/2326/2045 2053/2327/2046
f 2056/2331/2050 2055/2330/2049 2057/2332/2051
f 2057/2332/2051 2055/2330/2049 2050/2328/2047
f 2056/2331/2050 2057/2332/2051 2059/2333/2052
f 2059/2333/2052 2057/2332/2051 2058/2334/2053
f 2061/2335/2054 2060/2336/2055 2058/2334/2053
f 2058/2334/2053 2060/2336/2055 2059/2333/2052
f 2063/2337/2056 2060/2336/2055 2062/2338/2057
f 2062/2338/2057 2060/2336/2055 2061/2335/2054
f 2064/2339/2058 2063/2337/2056 2065/2340/2059
f 2065/2340/2059 2063/2337/2056 2062/2338/2057
f 2064/2339/2058 2065/2340/2059 2067/2341/2060
f 2067/2341/2060 2065/2340/2059 2066/2342/2061
f 2071/2343/2062 2068/2344/2063 2070/2345/2064
f 2070/2345/2064 2068/2344/2063 2069/2346/2065
f 2069/2346/2065 2068/2344/2063 2066/2342/2061
f 2066/2342/2061 2068/2344/2063 2067/2341/2060
f 2073/2347/2066 2072/2348/2067 2070/2345/2064
f 2070/2345/2064 2072/2348/2067 2071/2343/2062
f 2072/2348/2067 2073/2347/2066 2075/2349/2068
f 2075/2349/2068 2073/2347/2066 2074/2350/2069
f 2043/2351/2070 2075/2349/2068 2042/2352/2071
f 2042/2352/2071 2075/2349/2068 2074/2350/2069
f 2044/2353/2072 2043/2351/2070 2045/2354/2073
f 2045/2354/2073 2043/2351/2070 2042/2352/2071
f 2040/2355/2074 2044/2353/2072 2041/2356/2075
f 2041/2356/2075 2044/2353/2072 2045/2354/2073
f 2048/2322/2041 2047/2321/2040 2041/2356/2075
f 2041/2356/2075 2047/2321/2040 2040/2355/2074
f 2078/2357/2076 2077/2358/2077 2042/2352/2071
f 2042/2352/2071 2077/2358/2077 2045/2354/2073
f 2092/2359/2078 2078/2357/2076 2074/2350/2069
f 2074/2350/2069 2078/2357/2076 2042/2352/2071
f 2092/2359/2078 2074/2350/2069 2079/2360/2079
f 2079/2360/2079 2074/2350/2069 2073/2347/2066
f 2079/2360/2079 2073/2347/2066 2080/2361/2080
f 2080/2361/2080 2073/2347/2066 2070/2345/2064
f 2081/2362/2081 2080/2361/2080 2069/2346/2065
f 2069/2346/2065 2080/2361/2080 2070/2345/2064
f 2081/2362/2081 2069/2346/2065 2082/2363/2082
f 2082/2363/2082 2069/2346/2065 2066/2342/2061
f 2082/2363/2082 2066/2342/2061 2083/2364/2083
f 2083/2364/2083 2066/2342/2061 2065/2340/2059
f 2083/2364/2083 2065/2340/2059 2084/2365/2084
f 2084/2365/2084 2065/2340/2059 2062/2338/2057
f 2085/2366/2085 2084/2365/2084 2061/2335/2054
f 2061/2335/2054 2084/2365/2084 2062/2338/2057
f 2085/2366/2085 2061/2335/2054 2086/2367/2086
f 2086/2367/2086 2061/2335/2054 2058/2334/2053
f 2087/2368/2087 2086/2367/2086 2057/2332/2051
f 2057/2332/2051 2086/2367/2086 2058/2334/2053
f 2088/2369/2088 2087/2368/2087 2050/2328/2047
f 2050/2328/2047 2087/2368/2087 2057/2332/2051
f 2089/2370/2089 2088/2369/2088 2053/2327/2046
f 2053/2327/2046 2088/2369/2088 2050/2328/2047
f 2089/2370/2089 2053/2327/2046 2090/2371/2090
f 2090/2371/2090 2053/2327/2046 2051/2326/2045
f 2094/2372/2091 2086/2367/2086 2087/2368/2087
f 2090/2371/2090 2051/2326/2045 2091/2373/2092
f 2091/2373/2092 2051/2326/2045 2049/2324/2043
f 2094/2372/2091 2082/2363/2082 2083/2364/2083
f 2094/2372/2091 2089/2370/2089 2090/2371/2090
f 2041/2356/2075 2093/2374/2093 2048/2322/2041
f 2048/2322/2041 2093/2374/2093 2076/2375/2094
f 2091/2373/2092 2049/2324/2043 2076/2375/2094
f 2076/2375/2094 2049/2324/2043 2048/2322/2041
f 2094/2372/2091 2077/2358/2077 2078/2357/2076
f 2094/2372/2091 2080/2361/2080 2081/2362/2081
f 2094/2372/2091 2083/2364/2083 2084/2365/2084
f 2094/2372/2091 2088/2369/2088 2089/2370/2089
f 2094/2372/2091 2076/2375/2094 2093/2374/2093
f 2045/2354/2073 2077/2358/2077 2041/2356/2075
f 2041/2356/2075 2077/2358/2077 2093/2374/2093
f 2093/2374/2093 2077/2358/2077 2094/2372/2091
f 2094/2372/2091 2078/2357/2076 2092/2359/2078
f 2094/2372/2091 2092/2359/2078 2079/2360/2079
f 2094/2372/2091 2079/2360/2079 2080/2361/2080
f 2094/2372/2091 2081/2362/2081 2082/2363/2082
f 2094/2372/2091 2084/2365/2084 2085/2366/2085
f 2094/2372/2091 2085/2366/2085 2086/2367/2086
f 2094/2372/2091 2087/2368/2087 2088/2369/2088
f 2094/2372/2091 2090/2371/2090 2091/2373/2092
f 2094/2372/2091 2091/2373/2092 2076/2375/2094
s 49
f 2102/2376/2095 2103/2377/2096 2101/2378/2097
f 2101/2378/2097 2103/2377/2096 2104/2379/2098
f 2101/2378/2097 2104/2379/2098 2107/2380/2099
f 2107/2380/2099 2104/2379/2098 2106/2381/2100
f 2108/2382/2101 2105/2383/2102 2109/2384/2103
f 2109/2384/2103 2105/2383/2102 2110/2385/2104
f 2107/2380/2099 2106/2381/2100 2109/2384/2103
f 2109/2384/2103 2106/2381/2100 2108/2382/2101
f 2111/2386/2105 2110/2385/2104 2112/2387/2106
f 2112/2387/2106 2110/2385/2104 2105/2383/2102
f 2111/2386/2105 2112/2387/2106 2114/2388/2107
f 2114/2388/2107 2112/2387/2106 2113/2389/2108
f 2116/2390/2109 2115/2391/2110 2113/2389/2108
f 2113/2389/2108 2115/2391/2110 2114/2388/2107
f 2118/2392/2111 2115/2391/2110 2117/2393/2112
f 2117/2393/2112 2115/2391/2110 2116/2390/2109
f 2119/2394/2113 2118/2392/2111 2120/2395/2114
f 2120/2395/2114 2118/2392/2111 2117/2393/2112
f 2119/2394/2113 2120/2395/2114 2122/2396/2115
f 2122/2396/2115 2120/2395/2114 2121/2397/2116
f 2126/2398/2117 2123/2399/2118 2125/2400/2119
f 2125/2400/2119 2123/2399/2118 2124/2401/2120
f 2124/2401/2120 2123/2399/2118 2121/2397/2116
f 2121/2397/2116 2123/2399/2118 2122/2396/2115
f 2128/2402/2121 2127/2403/2122 2125/2400/2119
f 2125/2400/2119 2127/2403/2122 2126/2398/2117
f 2127/2403/2122 2128/2402/2121 2130/2404/2123
f 2130/2404/2123 2128/2402/2121 2129/2405/2124
f 2098/2406/2125 2130/2404/2123 2097/2407/2126
f 2097/2407/2126 2130/2404/2123 2129/2405/2124
f 2099/2408/2127 2098/2406/2125 2100/2409/2128
f 2100/2409/2128 2098/2406/2125 2097/2407/2126
f 2095/2410/2129 2099/2408/2127 2096/2411/2130
f 2096/2411/2130 2099/2408/2127 2100/2409/2128
f 2103/2377/2096 2102/2376/2095 2096/2411/2130
f 2096/2411/2130 2102/2376/2095 2095/2410/2129
f 2133/2412/2131 2132/2413/2132 2097/2407/2126
f 2097/2407/2126 2132/2413/2132 2100/2409/2128
f 2147/2414/2133 2133/2412/2131 2129/2405/2124
f 2129/2405/2124 2133/2412/2131 2097/2407/2126
f 2147/2414/2133 2129/2405/2124 2134/2415/2134
f 2134/2415/2134 2129/2405/2124 2128/2402/2121
f 2134/2415/2134 2128/2402/2121 2135/2416/2135
f 2135/2416/2135 2128/2402/2121 2125/2400/2119
f 2136/2417/2136 2135/2416/2135 2124/2401/2120
f 2124/2401/2120 2135/2416/2135 2125/2400/2119
f 2136/2417/2136 2124/2401/2120 2137/2418/2137
f 2137/2418/2137 2124/2401/2120 2121/2397/2116
f 2137/2418/2137 2121/2397/2116 2138/2419/2138
f 2138/2419/2138 2121/2397/2116 2120/2395/2114
f 2138/2419/2138 2120/2395/2114 2139/2420/2139
f 2139/2420/2139 2120/2395/2114 2117/2393/2112
f 2140/2421/2140 2139/2420/2139 2116/2390/2109
f 2116/2390/2109 2139/2420/2139 2117/2393/2112
f 2140/2421/2140 2116/2390/2109 2141/2422/2141
f 2141/2422/2141 2116/2390/2109 2113/2389/2108
f 2142/2423/2142 2141/2422/2141 2112/2387/2106
f 2112/2387/2106 2141/2422/2141 2113/2389/2108
f 2143/2424/2143 2142/2423/2142 2105/2383/2102
f 2105/2383/2102 2142/2423/2142 2112/2387/2106
f 2144/2425/2144 2143/2424/2143 2108/2382/2101
f 2108/2382/2101 2143/2424/2143 2105/2383/2102
f 2144/2425/2144 2108/2382/2101 2145/2426/2145
f 2145/2426/2145 2108/2382/2101 2106/2381/2100
f 2149/2427/2146 2141/2422/2141 2142/2423/2142
f 2145/2426/2145 2106/2381/2100 2146/2428/2147
f 2146/2428/2147 2106/2381/2100 2104/2379/2098
f 2149/2427/2146 2137/2418/2137 2138/2419/2138
f 2149/2427/2146 2144/2425/2144 2145/2426/2145
f 2096/2411/2130 2148/2429/2148 2103/2377/2096
f 2103/2377/2096 2148/2429/2148 2131/2430/2149
f 2146/2428/2147 2104/2379/2098 2131/2430/2149
f 2131/2430/2149 2104/2379/2098 2103/2377/2096
f 2149/2427/2146 2132/2413/2132 2133/2412/2131
f 2149/2427/2146 2135/2416/2135 2136/2417/2136
f 2149/2427/2146 2138/2419/2138 2139/2420/2139
f 2149/2427/2146 2143/2424/2143 2144/2425/2144
f 2149/2427/2146 2131/2430/2149 2148/2429/2148
f 2100/2409/2128 2132/2413/2132 2096/2411/2130
f 2096/2411/2130 2132/2413/2132 2148/2429/2148
f 2148/2429/2148 2132/2413/2132 2149/2427/2146
f 2149/2427/2146 2133/2412/2131 2147/2414/2133
f 2149/2427/2146 2147/2414/2133 2134/2415/2134
f 2149/2427/2146 2134/2415/2134 2135/2416/2135
f 2149/2427/2146 2136/2417/2136 2137/2418/2137
f 2149/2427/2146 2139/2420/2139 2140/2421/2140
f 2149/2427/2146 2140/2421/2140 2141/2422/2141
f 2149/2427/2146 2142/2423/2142 2143/2424/2143
f 2149/2427/2146 2145/2426/2145 2146/2428/2147
f 2149/2427/2146 2146/2428/2147 2131/2430/2149
s 61
f 2157/2431/2150 2158/2432/2151 2156/2433/2152
f 2156/2433/2152 2158/2432/2151 2159/2434/2153
f 2156/2433/2152 2159/2434/2153 2162/2435/2154
f 2162/2435/2154 2159/2434/2153 2161/2436/2155
f 2163/2437/2156 2160/2438/2157 2164/2439/2158
f 2164/2439/2158 2160/2438/2157 2165/2440/2159
f 2162/2435/2154 2161/2436/2155 2164/2439/2158
f 2164/2439/2158 2161/2436/2155 2163/2437/2156
f 2166/2441/2160 2165/2440/2159 2167/2442/2161
f 2167/2442/2161 2165/2440/2159 2160/2438/2157
f 2166/2441/2160 2167/2442/2161 2169/2443/2162
f 2169/2443/2162 2167/2442/2161 2168/2444/2163
f 2171/2445/2164 2170/2446/2165 2168/2444/2163
f 2168/2444/2163 2170/2446/2165 2169/2443/2162
f 2173/2447/2166 2170/2446/2165 2172/2448/2167
f 2172/2448/2167 2170/2446/2165 2171/2445/2164
f 2174/2449/2168 2173/2447/2166 2175/2450/2169
f 2175/2450/2169 2173/2447/2166 2172/2448/2167
f 2174/2449/2168 2175/2450/2169 2177/2451/2170
f 2177/2451/2170 2175/2450/2169 2176/2452/2171
f 2181/2453/2172 2178/2454/2173 2180/2455/2174
f 2180/2455/2174 2178/2454/2173 2179/2456/2175
f 2179/2456/2175 2178/2454/2173 2176/2452/2171
f 2176/2452/2171 2178/2454/2173 2177/2451/2170
f 2183/2457/2176 2182/2458/2177 2180/2455/2174
f 2180/2455/2174 2182/2458/2177 2181/2453/2172
f 2182/2458/2177 2183/2457/2176 2185/2459/2178
f 2185/2459/2178 2183/2457/2176 2184/2460/2179
f 2153/2461/2180 2185/2459/2178 2152/2462/2181
f 2152/2462/2181 2185/2459/2178 2184/2460/2179
f 2154/2463/2182 2153/2461/2180 2155/2464/2183
f 2155/2464/2183 2153/2461/2180 2152/2462/2181
f 2150/2465/2184 2154/2463/2182 2151/2466/2185
f 2151/2466/2185 2154/2463/2182 2155/2464/2183
f 2158/2432/2151 2157/2431/2150 2151/2466/2185
f 2151/2466/2185 2157/2431/2150 2150/2465/2184
f 2188/2467/2186 2187/2468/2187 2152/2462/2181
f 2152/2462/2181 2187/2468/2187 2155/2464/2183
f 2202/2469/2188 2188/2467/2186 2184/2460/2179
f 2184/2460/2179 2188/2467/2186 2152/2462/2181
f 2202/2469/2188 2184/2460/2179 2189/2470/2189
f 2189/2470/2189 2184/2460/2179 2183/2457/2176
f 2189/2470/2189 2183/2457/2176 2190/2471/2190
f 2190/2471/2190 2183/2457/2176 2180/2455/2174
f 2191/2472/2191 2190/2471/2190 2179/2456/2175
f 2179/2456/2175 2190/2471/2190 2180/2455/2174
f 2191/2472/2191 2179/2456/2175 2192/2473/2192
f 2192/2473/2192 2179/2456/2175 2176/2452/2171
f 2192/2473/2192 2176/2452/2171 2193/2474/2193
f 2193/2474/2193 2176/2452/2171 2175/2450/2169
f 2193/2474/2193 2175/2450/2169 2194/2475/2194
f 2194/2475/2194 2175/2450/2169 2172/2448/2167
f 2195/2476/2195 2194/2475/2194 2171/2445/2164
f 2171/2445/2164 2194/2475/2194 2172/2448/2167
f 2195/2476/2195 2171/2445/2164 2196/2477/2196
f 2196/2477/2196 2171/2445/2164 2168/2444/2163
f 2197/2478/2197 2196/2477/2196 2167/2442/2161
f 2167/2442/2161 2196/2477/2196 2168/2444/2163
f 2198/2479/2198 2197/2478/2197 2160/2438/2157
f 2160/2438/2157 2197/2478/2197 2167/2442/2161
f 2199/2480/2199 2198/2479/2198 2163/2437/2156
f 2163/2437/2156 2198/2479/2198 2160/2438/2157
f 2199/2480/2199 2163/2437/2156 2200/2481/2200
f 2200/2481/2200 2163/2437/2156 2161/2436/2155
f 2204/2482/2201 2196/2477/2196 2197/2478/2197
f 2200/2481/2200 2161/2436/2155 2201/2483/2202
f 2201/2483/2202 2161/2436/2155 2159/2434/2153
f 2204/2482/2201 2192/2473/2192 2193/2474/2193
f 2204/2482/2201 2199/2480/2199 2200/2481/2200
f 2151/2466/2185 2203/2484/2203 2158/2432/2151
f 2158/2432/2151 2203/2484/2203 2186/2485/2204
f 2201/2483/2202 2159/2434/2153 2186/2485/2204
f 2186/2485/2204 2159/2434/2153 2158/2432/2151
f 2204/2482/2201 2187/2468/2187 2188/2467/2186
f 2204/2482/2201 2190/2471/2190 2191/2472/2191
f 2204/2482/2201 2193/2474/2193 2194/2475/2194
f 2204/2482/2201 2198/2479/2198 2199/2480/2199
f 2204/2482/2201 2186/2485/2204 2203/2484/2203
f 2155/2464/2183 2187/2468/2187 2151/2466/2185
f 2151/2466/2185 2187/2468/2187 2203/2484/2203
f 2203/2484/2203 2187/2468/2187 2204/2482/2201
f 2204/2482/2201 2188/2467/2186 2202/2469/2188
f 2204/2482/2201 2202/2469/2188 2189/2470/2189
f 2204/2482/2201 2189/2470/2189 2190/2471/2190
f 2204/2482/2201 2191/2472/2191 2192/2473/2192
f 2204/2482/2201 2194/2475/2194 2195/2476/2195
f 2204/2482/2201 2195/2476/2195 2196/2477/2196
f 2204/2482/2201 2197/2478/2197 2198/2479/2198
f 2204/2482/2201 2200/2481/2200 2201/2483/2202
f 2204/2482/2201 2201/2483/2202 2186/2485/2204
s 73
f 2212/2486/2205 2213/2487/2206 2211/2488/2207
f 2211/2488/2207 2213/2487/2206 2214/2489/2208
f 2211/2488/2207 2214/2489/2208 2217/2490/2209
f 2217/2490/2209 2214/2489/2208 2216/2491/2210
f 2218/2492/2211 2215/2493/2212 2219/2494/2213
f 2219/2494/2213 2215/2493/2212 2220/2495/2214
f 2217/2490/2209 2216/2491/2210 2219/2494/2213
f 2219/2494/2213 2216/2491/2210 2218/2492/2211
f 2221/2496/2215 2220/2495/2214 2222/2497/2216
f 2222/2497/2216 2220/2495/2214 2215/2493/2212
f 2221/2496/2215 2222/2497/2216 2224/2498/2217
f 2224/2498/2217 2222/2497/2216 2223/2499/2218
f 2226/2500/2219 2225/2501/2220 2223/2499/2218
f 2223/2499/2218 2225/2501/2220 2224/2498/2217
f 2228/2502/2221 2225/2501/2220 2227/2503/2222
f 2227/2503/2222 2225/2501/2220 2226/2500/2219
f 2229/2504/2223 2228/2502/2221 2230/2505/2224
f 2230/2505/2224 2228/2502/2221 2227/2503/2222
f 2229/2504/2223 2230/2505/2224 2232/2506/2225
f 2232/2506/2225 2230/2505/2224 2231/2507/2226
f 2236/2508/2227 2233/2509/2228 2235/2510/2229
f 2235/2510/2229 2233/2509/2228 2234/2511/2230
f 2234/2511/2230 2233/2509/2228 2231/2507/2226
f 2231/2507/2226 2233/2509/2228 2232/2506/2225
f 2238/2512/2231 2237/2513/2232 2235/2510/2229
f 2235/2510/2229 2237/2513/2232 2236/2508/2227
f 2237/2513/2232 2238/2512/2231 2240/2514/2233
f 2240/2514/2233 2238/2512/2231 2239/2515/2234
f 2208/2516/2235 2240/2514/2233 2207/2517/2236
f 2207/2517/2236 2240/2514/2233 2239/2515/2234
f 2209/2518/2237 2208/2516/2235 2210/2519/2238
f 2210/2519/2238 2208/2516/2235 2207/2517/2236
f 2205/2520/2239 2209/2518/2237 2206/2521/2240
f 2206/2521/2240 2209/2518/2237 2210/2519/2238
f 2213/2487/2206 2212/2486/2205 2206/2521/2240
f 2206/2521/2240 2212/2486/2205 2205/2520/2239
f 2243/2522/2241 2242/2523/2242 2207/2517/2236
f 2207/2517/2236 2242/2523/2242 2210/2519/2238
f 2257/2524/2243 2243/2522/2241 2239/2515/2234
f 2239/2515/2234 2243/2522/2241 2207/2517/2236
f 2257/2524/2243 2239/2515/2234 2244/2525/2244
f 2244/2525/2244 2239/2515/2234 2238/2512/2231
f 2244/2525/2244 2238/2512/2231 2245/2526/2245
f 2245/2526/2245 2238/2512/2231 2235/2510/2229
f 2246/2527/2246 2245/2526/2245 2234/2511/2230
f 2234/2511/2230 2245/2526/2245 2235/2510/2229
f 2246/2527/2246 2234/2511/2230 2247/2528/2247
f 2247/2528/2247 2234/2511/2230 2231/2507/2226
f 2247/2528/2247 2231/2507/2226 2248/2529/2248
f 2248/2529/2248 2231/2507/2226 2230/2505/2224
f 2248/2529/2248 2230/2505/2224 2249/2530/2249
f 2249/2530/2249 2230/2505/2224 2227/2503/2222
f 2250/2531/2250 2249/2530/2249 2226/2500/2219
f 2226/2500/2219 2249/2530/2249 2227/2503/2222
f 2250/2531/2250 2226/2500/2219 2251/2532/2251
f 2251/2532/2251 2226/2500/2219 2223/2499/2218
f 2252/2533/2252 2251/2532/2251 2222/2497/2216
f 2222/2497/2216 2251/2532/2251 2223/2499/2218
f 2253/2534/2253 2252/2533/2252 2215/2493/2212
f 2215/2493/2212 2252/2533/2252 2222/2497/2216
f 2254/2535/2254 2253/2534/2253 2218/2492/2211
f 2218/2492/2211 2253/2534/2253 2215/2493/2212
f 2254/2535/2254 2218/2492/2211 2255/2536/2255
f 2255/2536/2255 2218/2492/2211 2216/2491/2210
f 2259/2537/2256 2251/2532/2251 2252/2533/2252
f 2255/2536/2255 2216/2491/2210 2256/2538/2257
f 2256/2538/2257 2216/2491/2210 2214/2489/2208
f 2259/2537/2256 2247/2528/2247 2248/2529/2248
f 2259/2537/2256 2254/2535/2254 2255/2536/2255
f 2206/2521/2240 2258/2539/2258 2213/2487/2206
f 2213/2487/2206 2258/2539/2258 2241/2540/2259
f 2256/2538/2257 2214/2489/2208 2241/2540/2259
f 2241/2540/2259 2214/2489/2208 2213/2487/2206
f 2259/2537/2256 2242/2523/2242 2243/2522/2241
f 2259/2537/2256 2245/2526/2245 2246/2527/2246
f 2259/2537/2256 2248/2529/2248 2249/2530/2249
f 2259/2537/2256 2253/2534/2253 2254/2535/2254
f 2259/2537/2256 2241/2540/2259 2258/2539/2258
f 2210/2519/2238 2242/2523/2242 2206/2521/2240
f 2206/2521/2240 2242/2523/2242 2258/2539/2258
f 2258/2539/2258 2242/2523/2242 2259/2537/2256
f 2259/2537/2256 2243/2522/2241 2257/2524/2243
f 2259/2537/2256 2257/2524/2243 2244/2525/2244
f 2259/2537/2256 2244/2525/2244 2245/2526/2245
f 2259/2537/2256 2246/2527/2246 2247/2528/2247
f 2259/2537/2256 2249/2530/2249 2250/2531/2250
f 2259/2537/2256 2250/2531/2250 2251/2532/2251
f 2259/2537/2256 2252/2533/2252 2253/2534/2253
f 2259/2537/2256 2255/2536/2255 2256/2538/2257
f 2259/2537/2256 2256/2538/2257 2241/2540/2259
s 85
f 2267/2541/2260 2268/2542/2261 2266/2543/2262
f 2266/2543/2262 2268/2542/2261 2269/2544/2263
f 2266/2543/2262 2269/2544/2263 2272/2545/2264
f 2272/2545/2264 2269/2544/2263 2271/2546/2265
f 2273/2547/2266 2270/2548/2267 2274/2549/2268
f 2274/2549/2268 2270/2548/2267 2275/2550/2269
f 2272/2545/2264 2271/2546/2265 2274/2549/2268
f 2274/2549/2268 2271/2546/2265 2273/2547/2266
f 2276/2551/2270 2275/2550/2269 2277/2552/2271
f 2277/2552/2271 2275/2550/2269 2270/2548/2267
f 2276/2551/2270 2277/2552/2271 2279/2553/2272
f 2279/2553/2272 2277/2552/2271 2278/2554/2273
f 2281/2555/2274 2280/2556/2275 2278/2554/2273
f 2278/2554/2273 2280/2556/2275 2279/2553/2272
f 2283/2557/2276 2280/2556/2275 2282/2558/2277
f 2282/2558/2277 2280/2556/2275 2281/2555/2274
f 2284/2559/2278 2283/2557/2276 2285/2560/2279
f 2285/2560/2279 2283/2557/2276 2282/2558/2277
f 2284/2559/2278 2285/2560/2279 2287/2561/2280
f 2287/2561/2280 2285/2560/2279 2286/2562/2281
f 2291/2563/2282 2288/2564/2283 2290/2565/2284
f 2290/2565/2284 2288/2564/2283 2289/2566/2285
f 2289/2566/2285 2288/2564/2283 2286/2562/2281
f 2286/2562/2281 2288/2564/2283 2287/2561/2280
f 2293/2567/2286 2292/2568/2287 2290/2565/2284
f 2290/2565/2284 2292/2568/2287 2291/2563/2282
f 2292/2568/2287 2293/2567/2286 2295/2569/2288
f 2295/2569/2288 2293/2567/2286 2294/2570/2289
f 2263/2571/2290 2295/2569/2288 2262/2572/2291
f 2262/2572/2291 2295/2569/2288 2294/2570/2289
f 2264/2573/2292 2263/2571/2290 2265/2574/2293
f 2265/2574/2293 2263/2571/2290 2262/2572/2291
f 2260/2575/2294 2264/2573/2292 2261/2576/2295
f 2261/2576/2295 2264/2573/2292 2265/2574/2293
f 2268/2542/2261 2267/2541/2260 2261/2576/2295
f 2261/2576/2295 2267/2541/2260 2260/2575/2294
f 2298/2577/2296 2297/2578/2297 2262/2572/2291
f 2262/2572/2291 2297/2578/2297 2265/2574/2293
f 2312/2579/2298 2298/2577/2296 2294/2570/2289
f 2294/2570/2289 2298/2577/2296 2262/2572/2291
f 2312/2579/2298 2294/2570/2289 2299/2580/2299
f 2299/2580/2299 2294/2570/2289 2293/2567/2286
f 2299/2580/2299 2293/2567/2286 2300/2581/2300
f 2300/2581/2300 2293/2567/2286 2290/2565/2284
f 2301/2582/2301 2300/2581/2300 2289/2566/2285
f 2289/2566/2285 2300/2581/2300 2290/2565/2284
f 2301/2582/2301 2289/2566/2285 2302/2583/2302
f 2302/2583/2302 2289/2566/2285 2286/2562/2281
f 2302/2583/2302 2286/2562/2281 2303/2584/2303
f 2303/2584/2303 2286/2562/2281 2285/2560/2279
f 2303/2584/2303 2285/2560/2279 2304/2585/2304
f 2304/2585/2304 2285/2560/2279 2282/2558/2277
f 2305/2586/2305 2304/2585/2304 2281/2555/2274
f 2281/2555/2274 2304/2585/2304 2282/2558/2277
f 2305/2586/2305 2281/2555/2274 2306/2587/2306
f 2306/2587/2306 2281/2555/2274 2278/2554/2273
f 2307/2588/2307 2306/2587/2306 2277/2552/2271
f 2277/2552/2271 2306/2587/2306 2278/2554/2273
f 2308/2589/2308 2307/2588/2307 2270/2548/2267
f 2270/2548/2267 2307/2588/2307 2277/2552/2271
f 2309/2590/2309 2308/2589/2308 2273/2547/2266
f 2273/2547/2266 2308/2589/2308 2270/2548/2267
f 2309/2590/2309 2273/2547/2266 2310/2591/2310
f 2310/2591/2310 2273/2547/2266 2271/2546/2265
f 2314/2592/2311 2306/2587/2306 2307/2588/2307
f 2310/2591/2310 2271/2546/2265 2311/2593/2312
f 2311/2593/2312 2271/2546/2265 2269/2544/2263
f 2314/2592/2311 2302/2583/2302 2303/2584/2303
f 2314/2592/2311 2309/2590/2309 2310/2591/2310
f 2261/2576/2295 2313/2594/2313 2268/2542/2261
f 2268/2542/2261 2313/2594/2313 2296/2595/2314
f 2311/2593/2312 2269/2544/2263 2296/2595/2314
f 2296/2595/2314 2269/2544/2263 2268/2542/2261
f 2314/2592/2311 2297/2578/2297 2298/2577/2296
f 2314/2592/2311 2300/2581/2300 2301/2582/2301
f 2314/2592/2311 2303/2584/2303 2304/2585/2304
f 2314/2592/2311 2308/2589/2308 2309/2590/2309
f 2314/2592/2311 2296/2595/2314 2313/2594/2313
f 2265/2574/2293 2297/2578/2297 2261/2576/2295
f 2261/2576/2295 2297/2578/2297 2313/2594/2313
f 2313/2594/2313 2297/2578/2297 2314/2592/2311
f 2314/2592/2311 2298/2577/2296 2312/2579/2298
f 2314/2592/2311 2312/2579/2298 2299/2580/2299
f 2314/2592/2311 2299/2580/2299 2300/2581/2300
f 2314/2592/2311 2301/2582/2301 2302/2583/2302
f 2314/2592/2311 2304/2585/2304 2305/2586/2305
f 2314/2592/2311 2305/2586/2305 2306/2587/2306
f 2314/2592/2311 2307/2588/2307 2308/2589/2308
f 2314/2592/2311 2310/2591/2310 2311/2593/2312
f 2314/2592/2311 2311/2593/2312 2296/2595/2314
s 97
f 2322/2596/2315 2323/2597/2316 2321/2598/2317
f 2321/2598/2317 2323/2597/2316 2324/2599/2318
f 2321/2598/2317 2324/2599/2318 2327/2600/2319
f 2327/2600/2319 2324/2599/2318 2326/2601/2320
f 2328/2602/2321 2325/2603/2322 2329/2604/2323
f 2329/2604/2323 2325/2603/2322 2330/2605/2324
f 2327/2600/2319 2326/2601/2320 2329/2604/2323
f 2329/2604/2323 2326/2601/2320 2328/2602/2321
f 2331/2606/2325 2330/2605/2324 2332/2607/2326
f 2332/2607/2326 2330/2605/2324 2325/2603/2322
f 2331/2606/2325 2332/2607/2326 2334/2608/2327
f 2334/2608/2327 2332/2607/2326 2333/2609/2328
f 2336/2610/2329 2335/2611/2330 2333/2609/2328
f 2333/2609/2328 2335/2611/2330 2334/2608/2327
f 2338/2612/2331 2335/2611/2330 2337/2613/2332
f 2337/2613/2332 2335/2611/2330 2336/2610/2329
f 2339/2614/2333 2338/2612/2331 2340/2615/2334
f 2340/2615/2334 2338/2612/2331 2337/2613/2332
f 2339/2614/2333 2340/2615/2334 2342/2616/2335
f 2342/2616/2335 2340/2615/2334 2341/2617/2336
f 2346/2618/2337 2343/2619/2338 2345/2620/2339
f 2345/2620/2339 2343/2619/2338 2344/2621/2340
f 2344/2621/2340 2343/2619/2338 2341/2617/2336
f 2341/2617/2336 2343/2619/2338 2342/2616/2335
f 2348/2622/2341 2347/2623/2342 2345/2620/2339
f 2345/2620/2339 2347/2623/2342 2346/2618/2337
f 2347/2623/2342 2348/2622/2341 2350/2624/2343
f 2350/2624/2343 2348/2622/2341 2349/2625/2344
f 2318/2626/2345 2350/2624/2343 2317/2627/2346
f 2317/2627/2346 2350/2624/2343 2349/2625/2344
f 2319/2628/2347 2318/2626/2345 2320/2629/2348
f 2320/2629/2348 2318/2626/2345 2317/2627/2346
f 2315/2630/2349 2319/2628/2347 2316/2631/2350
f 2316/2631/2350 2319/2628/2347 2320/2629/2348
f 2323/2597/2316 2322/2596/2315 2316/2631/2350
f 2316/2631/2350 2322/2596/2315 2315/2630/2349
f 2353/2632/2351 2352/2633/2352 2317/2627/2346
f 2317/2627/2346 2352/2633/2352 2320/2629/2348
f 2367/2634/2353 2353/2632/2351 2349/2625/2344
f 2349/2625/2344 2353/2632/2351 2317/2627/2346
f 2367/2634/2353 2349/2625/2344 2354/2635/2354
f 2354/2635/2354 2349/2625/2344 2348/2622/2341
f 2354/2635/2354 2348/2622/2341 2355/2636/2355
f 2355/2636/2355 2348/2622/2341 2345/2620/2339
f 2356/2637/2356 2355/2636/2355 2344/2621/2340
f 2344/2621/2340 2355/2636/2355 2345/2620/2339
f 2356/2637/2356 2344/2621/2340 2357/2638/2357
f 2357/2638/2357 2344/2621/2340 2341/2617/2336
f 2357/2638/2357 2341/2617/2336 2358/2639/2358
f 2358/2639/2358 2341/2617/2336 2340/2615/2334
f 2358/2639/2358 2340/2615/2334 2359/2640/2359
f 2359/2640/2359 2340/2615/2334 2337/2613/2332
f 2360/2641/2360 2359/2640/2359 2336/2610/2329
f 2336/2610/2329 2359/2640/2359 2337/2613/2332
f 2360/2641/2360 2336/2610/2329 2361/2642/2361
f 2361/2642/2361 2336/2610/2329 2333/2609/2328
f 2362/2643/2362 2361/2642/2361 2332/2607/2326
f 2332/2607/2326 2361/2642/2361 2333/2609/2328
f 2363/2644/2363 2362/2643/2362 2325/2603/2322
f 2325/2603/2322 2362/2643/2362 2332/2607/2326
f 2364/2645/2364 2363/2644/2363 2328/2602/2321
f 2328/2602/2321 2363/2644/2363 2325/2603/2322
f 2364/2645/2364 2328/2602/2321 2365/2646/2365
f 2365/2646/2365 2328/2602/2321 2326/2601/2320
f 2369/2647/2366 2361/2642/2361 2362/2643/2362
f 2365/2646/2365 2326/2601/2320 2366/2648/2367
f 2366/2648/2367 2326/2601/2320 2324/2599/2318
f 2369/2647/2366 2357/2638/2357 2358/2639/2358
f 2369/2647/2366 2364/2645/2364 2365/2646/2365
f 2316/2631/2350 2368/2649/2368 2323/2597/2316
f 2323/2597/2316 2368/2649/2368 2351/2650/2369
f 2366/2648/2367 2324/2599/2318 2351/2650/2369
f 2351/2650/2369 2324/2599/2318 2323/2597/2316
f 2369/2647/2366 2352/2633/2352 2353/2632/2351
f 2369/2647/2366 2355/2636/2355 2356/2637/2356
f 2369/2647/2366 2358/2639/2358 2359/2640/2359
f 2369/2647/2366 2363/2644/2363 2364/2645/2364
f 2369/2647/2366 2351/2650/2369 2368/2649/2368
f 2320/2629/2348 2352/2633/2352 2316/2631/2350
f 2316/2631/2350 2352/2633/2352 2368/2649/2368
f 2368/2649/2368 2352/2633/2352 2369/2647/2366
f 2369/2647/2366 2353/2632/2351 2367/2634/2353
f 2369/2647/2366 2367/2634/2353 2354/2635/2354
f 2369/2647/2366 2354/2635/2354 2355/2636/2355
f 2369/2647/2366 2356/2637/2356 2357/2638/2357
f 2369/2647/2366 2359/2640/2359 2360/2641/2360
f 2369/2647/2366 2360/2641/2360 2361/2642/2361
f 2369/2647/2366 2362/2643/2362 2363/2644/2363
f 2369/2647/2366 2365/2646/2365 2366/2648/2367
f 2369/2647/2366 2366/2648/2367 2351/2650/2369
s 109
f 2377/2651/2370 2378/2652/2371 2376/2653/2372
f 2376/2653/2372 2378/2652/2371 2379/2654/2373
f 2376/2653/2372 2379/2654/2373 2382/2655/2374
f 2382/2655/2374 2379/2654/2373 2381/2656/2375
f 2383/2657/2376 2380/2658/2377 2384/2659/2378
f 2384/2659/2378 2380/2658/2377 2385/2660/2379
f 2382/2655/2374 2381/2656/2375 2384/2659/2378
f 2384/2659/2378 2381/2656/2375 2383/2657/2376
f 2386/2661/2380 2385/2660/2379 2387/2662/2381
f 2387/2662/2381 2385/2660/2379 2380/2658/2377
f 2386/2661/2380 2387/2662/2381 2389/2663/2382
f 2389/2663/2382 2387/2662/2381 2388/2664/2383
f 2391/2665/2384 2390/2666/2385 2388/2664/2383
f 2388/2664/2383 2390/2666/2385 2389/2663/2382
f 2393/2667/2386 2390/2666/2385 2392/2668/2387
f 2392/2668/2387 2390/2666/2385 2391/2665/2384
f 2394/2669/2388 2393/2667/2386 2395/2670/2389
f 2395/2670/2389 2393/2667/2386 2392/2668/2387
f 2394/2669/2388 2395/2670/2389 2397/2671/2390
f 2397/2671/2390 2395/2670/2389 2396/2672/2391
f 2401/2673/2392 2398/2674/2393 2400/2675/2394
f 2400/2675/2394 2398/2674/2393 2399/2676/2395
f 2399/2676/2395 2398/2674/2393 2396/2672/2391
f 2396/2672/2391 2398/2674/2393 2397/2671/2390
f 2403/2677/2396 2402/2678/2397 2400/2675/2394
f 2400/2675/2394 2402/2678/2397 2401/2673/2392
f 2402/2678/2397 2403/2677/2396 2405/2679/2398
f 2405/2679/2398 2403/2677/2396 2404/2680/2399
f 2373/2681/2400 2405/2679/2398 2372/2682/2401
f 2372/2682/2401 2405/2679/2398 2404/2680/2399
f 2374/2683/2402 2373/2681/2400 2375/2684/2403
f 2375/2684/2403 2373/2681/2400 2372/2682/2401
f 2370/2685/2404 2374/2683/2402 2371/2686/2405
f 2371/2686/2405 2374/2683/2402 2375/2684/2403
f 2378/2652/2371 2377/2651/2370 2371/2686/2405
f 2371/2686/2405 2377/2651/2370 2370/2685/2404
f 2408/2687/2406 2407/2688/2407 2372/2682/2401
f 2372/2682/2401 2407/2688/2407 2375/2684/2403
f 2422/2689/2408 2408/2687/2406 2404/2680/2399
f 2404/2680/2399 2408/2687/2406 2372/2682/2401
f 2422/2689/2408 2404/2680/2399 2409/2690/2409
f 2409/2690/2409 2404/2680/2399 2403/2677/2396
f 2409/2690/2409 2403/2677/2396 2410/2691/2410
f 2410/2691/2410 2403/2677/2396 2400/2675/2394
f 2411/2692/2411 2410/2691/2410 2399/2676/2395
f 2399/2676/2395 2410/2691/2410 2400/2675/2394
f 2411/2692/2411 2399/2676/2395 2412/2693/2412
f 2412/2693/2412 2399/2676/2395 2396/2672/2391
f 2412/2693/2412 2396/2672/2391 2413/2694/2413
f 2413/2694/2413 2396/2672/2391 2395/2670/2389
f 2413/2694/2413 2395/2670/2389 2414/2695/2414
f 2414/2695/2414 2395/2670/2389 2392/2668/2387
f 2415/2696/2415 2414/2695/2414 2391/2665/2384
f 2391/2665/2384 2414/2695/2414 2392/2668/2387
f 2415/2696/2415 2391/2665/2384 2416/2697/2416
f 2416/2697/2416 2391/2665/2384 2388/2664/2383
f 2417/2698/2417 2416/2697/2416 2387/2662/2381
f 2387/2662/2381 2416/2697/2416 2388/2664/2383
f 2418/2699/2418 2417/2698/2417 2380/2658/2377
f 2380/2658/2377 2417/2698/2417 2387/2662/2381
f 2419/2700/2419 2418/2699/2418 2383/2657/2376
f 2383/2657/2376 2418/2699/2418 2380/2658/2377
f 2419/2700/2419 2383/2657/2376 2420/2701/2420
f 2420/2701/2420 2383/2657/2376 2381/2656/2375
f 2424/2702/2421 2416/2697/2416 2417/2698/2417
f 2420/2701/2420 2381/2656/2375 2421/2703/2422
f 2421/2703/2422 2381/2656/2375 2379/2654/2373
f 2424/2702/2421 2412/2693/2412 2413/2694/2413
f 2424/2702/2421 2419/2700/2419 2420/2701/2420
f 2371/2686/2405 2423/2704/2423 2378/2652/2371
f 2378/2652/2371 2423/2704/2423 2406/2705/2424
f 2421/2703/2422 2379/2654/2373 2406/2705/2424
f 2406/2705/2424 2379/2654/2373 2378/2652/2371
f 2424/2702/2421 2407/2688/2407 2408/2687/2406
f 2424/2702/2421 2410/2691/2410 2411/2692/2411
f 2424/2702/2421 2413/2694/2413 2414/2695/2414
f 2424/2702/2421 2418/2699/2418 2419/2700/2419
f 2424/2702/2421 2406/2705/2424 2423/2704/2423
f 2375/2684/2403 2407/2688/2407 2371/2686/2405
f 2371/2686/2405 2407/2688/2407 2423/2704/2423
f 2423/2704/2423 2407/2688/2407 2424/2702/2421
f 2424/2702/2421 2408/2687/2406 2422/2689/2408
f 2424/2702/2421 2422/2689/2408 2409/2690/2409
f 2424/2702/2421 2409/2690/2409 2410/2691/2410
f 2424/2702/2421 2411/2692/2411 2412/2693/2412
f 2424/2702/2421 2414/2695/2414 2415/2696/2415
f 2424/2702/2421 2415/2696/2415 2416/2697/2416
f 2424/2702/2421 2417/2698/2417 2418/2699/2418
f 2424/2702/2421 2420/2701/2420 2421/2703/2422
f 2424/2702/2421 2421/2703/2422 2406/2705/2424
s 121
f 2432/2706/2425 2433/2707/2426 2431/2708/2427
f 2431/2708/2427 2433/2707/2426 2434/2709/2428
f 2431/2708/2427 2434/2709/2428 2437/2710/2429
f 2437/2710/2429 2434/2709/2428 2436/2711/2430
f 2438/2712/2431 2435/2713/2432 2439/2714/2433
f 2439/2714/2433 2435/2713/2432 2440/2715/2434
f 2437/2710/2429 2436/2711/2430 2439/2714/2433
f 2439/2714/2433 2436/2711/2430 2438/2712/2431
f 2441/2716/2435 2440/2715/2434 2442/2717/2436
f 2442/2717/2436 2440/2715/2434 2435/2713/2432
f 2441/2716/2435 2442/2717/2436 2444/2718/2437
f 2444/2718/2437 2442/2717/2436 2443/2719/2438
f 2446/2720/2439 2445/2721/2440 2443/2719/2438
f 2443/2719/2438 2445/2721/2440 2444/2718/2437
f 2448/2722/2441 2445/2721/2440 2447/2723/2442
f 2447/2723/2442 2445/2721/2440 2446/2720/2439
f 2449/2724/2443 2448/2722/2441 2450/2725/2444
f 2450/2725/2444 2448/2722/2441 2447/2723/2442
f 2449/2724/2443 2450/2725/2444 2452/2726/2445
f 2452/2726/2445 2450/2725/2444 2451/2727/2446
f 2456/2728/2447 2453/2729/2448 2455/2730/2449
f 2455/2730/2449 2453/2729/2448 2454/2731/2450
f 2454/2731/2450 2453/2729/2448 2451/2727/2446
f 2451/2727/2446 2453/2729/2448 2452/2726/2445
f 2458/2732/2451 2457/2733/2452 2455/2730/2449
f 2455/2730/2449 2457/2733/2452 2456/2728/2447
f 2457/2733/2452 2458/2732/2451 2460/2734/2453
f 2460/2734/2453 2458/2732/2451 2459/2735/2454
f 2428/2736/2455 2460/2734/2453 2427/2737/2456
f 2427/2737/2456 2460/2734/2453 2459/2735/2454
f 2429/2738/2457 2428/2736/2455 2430/2739/2458
f 2430/2739/2458 2428/2736/2455 2427/2737/2456
f 2425/2740/2459 2429/2738/2457 2426/2741/2460
f 2426/2741/2460 2429/2738/2457 2430/2739/2458
f 2433/2707/2426 2432/2706/2425 2426/2741/2460
f 2426/2741/2460 2432/2706/2425 2425/2740/2459
f 2463/2742/2461 2462/2743/2462 2427/2737/2456
f 2427/2737/2456 2462/2743/2462 2430/2739/2458
f 2477/2744/2463 2463/2742/2461 2459/2735/2454
f 2459/2735/2454 2463/2742/2461 2427/2737/2456
f 2477/2744/2463 2459/2735/2454 2464/2745/2464
f 2464/2745/2464 2459/2735/2454 2458/2732/2451
f 2464/2745/2464 2458/2732/2451 2465/2746/2465
f 2465/2746/2465 2458/2732/2451 2455/2730/2449
f 2466/2747/2466 2465/2746/2465 2454/2731/2450
f 2454/2731/2450 2465/2746/2465 2455/2730/2449
f 2466/2747/2466 2454/2731/2450 2467/2748/2467
f 2467/2748/2467 2454/2731/2450 2451/2727/2446
f 2467/2748/2467 2451/2727/2446 2468/2749/2468
f 2468/2749/2468 2451/2727/2446 2450/2725/2444
f 2468/2749/2468 2450/2725/2444 2469/2750/2469
f 2469/2750/2469 2450/2725/2444 2447/2723/2442
f 2470/2751/2470 2469/2750/2469 2446/2720/2439
f 2446/2720/2439 2469/2750/2469 2447/2723/2442
f 2470/2751/2470 2446/2720/2439 2471/2752/2471
f 2471/2752/2471 2446/2720/2439 2443/2719/2438
f 2472/2753/2472 2471/2752/2471 2442/2717/2436
f 2442/2717/2436 2471/2752/2471 2443/2719/2438
f 2473/2754/2473 2472/2753/2472 2435/2713/2432
f 2435/2713/2432 2472/2753/2472 2442/2717/2436
f 2474/2755/2474 2473/2754/2473 2438/2712/2431
f 2438/2712/2431 2473/2754/2473 2435/2713/2432
f 2474/2755/2474 2438/2712/2431 2475/2756/2475
f 2475/2756/2475 2438/2712/2431 2436/2711/2430
f 2479/2757/2476 2471/2752/2471 2472/2753/2472
f 2475/2756/2475 2436/2711/2430 2476/2758/2477
f 2476/2758/2477 2436/2711/2430 2434/2709/2428
f 2479/2757/2476 2467/2748/2467 2468/2749/2468
f 2479/2757/2476 2474/2755/2474 2475/2756/2475
f 2426/2741/2460 2478/2759/2478 2433/2707/2426
f 2433/2707/2426 2478/2759/2478 2461/2760/2479
f 2476/2758/2477 2434/2709/2428 2461/2760/2479
f 2461/2760/2479 2434/2709/2428 2433/2707/2426
f 2479/2757/2476 2462/2743/2462 2463/2742/2461
f 2479/2757/2476 2465/2746/2465 2466/2747/2466
f 2479/2757/2476 2468/2749/2468 2469/2750/2469
f 2479/2757/2476 2473/2754/2473 2474/2755/2474
f 2479/2757/2476 2461/2760/2479 2478/2759/2478
f 2430/2739/2458 2462/2743/2462 2426/2741/2460
f 2426/2741/2460 2462/2743/2462 2478/2759/2478
f 2478/2759/2478 2462/2743/2462 2479/2757/2476
f 2479/2757/2476 2463/2742/2461 2477/2744/2463
f 2479/2757/2476 2477/2744/2463 2464/2745/2464
f 2479/2757/2476 2464/2745/2464 2465/2746/2465
f 2479/2757/2476 2466/2747/2466 2467/2748/2467
f 2479/2757/2476 2469/2750/2469 2470/2751/2470
f 2479/2757/2476 2470/2751/2470 2471/2752/2471
f 2479/2757/2476 2472/2753/2472 2473/2754/2473
f 2479/2757/2476 2475/2756/2475 2476/2758/2477
f 2479/2757/2476 2476/2758/2477 2461/2760/2479
s 133
f 2487/2761/2480 2488/2762/2481 2486/2763/2482
f 2486/2763/2482 2488/2762/2481 2489/2764/2483
f 2486/2763/2482 2489/2764/2483 2492/2765/2484
f 2492/2765/2484 2489/2764/2483 2491/2766/2485
f 2493/2767/2486 2490/2768/2487 2494/2769/2488
f 2494/2769/2488 2490/2768/2487 2495/2770/2489
f 2492/2765/2484 2491/2766/2485 2494/2769/2488
f 2494/2769/2488 2491/2766/2485 2493/2767/2486
f 2496/2771/2490 2495/2770/2489 2497/2772/2491
f 2497/2772/2491 2495/2770/2489 2490/2768/2487
f 2496/2771/2490 2497/2772/2491 2499/2773/2492
f 2499/2773/2492 2497/2772/2491 2498/2774/2493
f 2501/2775/2494 2500/2776/2495 2498/2774/2493
f 2498/2774/2493 2500/2776/2495 2499/2773/2492
f 2503/2777/2496 2500/2776/2495 2502/2778/2497
f 2502/2778/2497 2500/2776/2495 2501/2775/2494
f 2504/2779/2498 2503/2777/2496 2505/2780/2499
f 2505/2780/2499 2503/2777/2496 2502/2778/2497
f 2504/2779/2498 2505/2780/2499 2507/2781/2500
f 2507/2781/2500 2505/2780/2499 2506/2782/2501
f 2511/2783/2502 2508/2784/2503 2510/2785/2504
f 2510/2785/2504 2508/2784/2503 2509/2786/2505
f 2509/2786/2505 2508/2784/2503 2506/2782/2501
f 2506/2782/2501 2508/2784/2503 2507/2781/2500
f 2513/2787/2506 2512/2788/2507 2510/2785/2504
f 2510/2785/2504 2512/2788/2507 2511/2783/2502
f 2512/2788/2507 2513/2787/2506 2515/2789/2508
f 2515/2789/2508 2513/2787/2506 2514/2790/2509
f 2483/2791/2510 2515/2789/2508 2482/2792/2511
f 2482/2792/2511 2515/2789/2508 2514/2790/2509
f 2484/2793/2512 2483/2791/2510 2485/2794/2513
f 2485/2794/2513 2483/2791/2510 2482/2792/2511
f 2480/2795/2514 2484/2793/2512 2481/2796/2515
f 2481/2796/2515 2484/2793/2512 2485/2794/2513
f 2488/2762/2481 2487/2761/2480 2481/2796/2515
f 2481/2796/2515 2487/2761/2480 2480/2795/2514
f 2518/2797/2516 2517/2798/2517 2482/2792/2511
f 2482/2792/2511 2517/2798/2517 2485/2794/2513
f 2532/2799/2518 2518/2797/2516 2514/2790/2509
f 2514/2790/2509 2518/2797/2516 2482/2792/2511
f 2532/2799/2518 2514/2790/2509 2519/2800/2519
f 2519/2800/2519 2514/2790/2509 2513/2787/2506
f 2519/2800/2519 2513/2787/2506 2520/2801/2520
f 2520/2801/2520 2513/2787/2506 2510/2785/2504
f 2521/2802/2521 2520/2801/2520 2509/2786/2505
f 2509/2786/2505 2520/2801/2520 2510/2785/2504
f 2521/2802/2521 2509/2786/2505 2522/2803/2522
f 2522/2803/2522 2509/2786/2505 2506/2782/2501
f 2522/2803/2522 2506/2782/2501 2523/2804/2523
f 2523/2804/2523 2506/2782/2501 2505/2780/2499
f 2523/2804/2523 2505/2780/2499 2524/2805/2524
f 2524/2805/2524 2505/2780/2499 2502/2778/2497
f 2525/2806/2525 2524/2805/2524 2501/2775/2494
f 2501/2775/2494 2524/2805/2524 2502/2778/2497
f 2525/2806/2525 2501/2775/2494 2526/2807/2526
f 2526/2807/2526 2501/2775/2494 2498/2774/2493
f 2527/2808/2527 2526/2807/2526 2497/2772/2491
f 2497/2772/2491 2526/2807/2526 2498/2774/2493
f 2528/2809/2528 2527/2808/2527 2490/2768/2487
f 2490/2768/2487 2527/2808/2527 2497/2772/2491
f 2529/2810/2529 2528/2809/2528 2493/2767/2486
f 2493/2767/2486 2528/2809/2528 2490/2768/2487
f 2529/2810/2529 2493/2767/2486 2530/2811/2530
f 2530/2811/2530 2493/2767/2486 2491/2766/2485
f 2534/2812/2531 2526/2807/2526 2527/2808/2527
f 2530/2811/2530 2491/2766/2485 2531/2813/2532
f 2531/2813/2532 2491/2766/2485 2489/2764/2483
f 2534/2812/2531 2522/2803/2522 2523/2804/2523
f 2534/2812/2531 2529/2810/2529 2530/2811/2530
f 2481/2796/2515 2533/2814/2533 2488/2762/2481
f 2488/2762/2481 2533/2814/2533 2516/2815/2534
f 2531/2813/2532 2489/2764/2483 2516/2815/2534
f 2516/2815/2534 2489/2764/2483 2488/2762/2481
f 2534/2812/2531 2517/2798/2517 2518/2797/2516
f 2534/2812/2531 2520/2801/2520 2521/2802/2521
f 2534/2812/2531 2523/2804/2523 2524/2805/2524
f 2534/2812/2531 2528/2809/2528 2529/2810/2529
f 2534/2812/2531 2516/2815/2534 2533/2814/2533
f 2485/2794/2513 2517/2798/2517 2481/2796/2515
f 2481/2796/2515 2517/2798/2517 2533/2814/2533
f 2533/2814/2533 2517/2798/2517 2534/2812/2531
f 2534/2812/2531 2518/2797/2516 2532/2799/2518
f 2534/2812/2531 2532/2799/2518 2519/2800/2519
f 2534/2812/2531 2519/2800/2519 2520/2801/2520
f 2534/2812/2531 2521/2802/2521 2522/2803/2522
f 2534/2812/2531 2524/2805/2524 2525/2806/2525
f 2534/2812/2531 2525/2806/2525 2526/2807/2526
f 2534/2812/2531 2527/2808/2527 2528/2809/2528
f 2534/2812/2531 2530/2811/2530 2531/2813/2532
f 2534/2812/2531 2531/2813/2532 2516/2815/2534
s 145
f 2542/2816/2535 2543/2817/2536 2541/2818/2537
f 2541/2818/2537 2543/2817/2536 2544/2819/2538
f 2541/2818/2537 2544/2819/2538 2547/2820/2539
f 2547/2820/2539 2544/2819/2538 2546/2821/2540
f 2548/2822/2541 2545/2823/2542 2549/2824/2543
f 2549/2824/2543 2545/2823/2542 2550/2825/2544
f 2547/2820/2539 2546/2821/2540 2549/2824/2543
f 2549/2824/2543 2546/2821/2540 2548/2822/2541
f 2551/2826/2545 2550/2825/2544 2552/2827/2546
f 2552/2827/2546 2550/2825/2544 2545/2823/2542
f 2551/2826/2545 2552/2827/2546 2554/2828/2547
f 2554/2828/2547 2552/2827/2546 2553/2829/2548
f 2556/2830/2549 2555/2831/2550 2553/2829/2548
f 2553/2829/2548 2555/2831/2550 2554/2828/2547
f 2558/2832/2551 2555/2831/2550 2557/2833/2552
f 2557/2833/2552 2555/2831/2550 2556/2830/2549
f 2559/2834/2553 2558/2832/2551 2560/2835/2554
f 2560/2835/2554 2558/2832/2551 2557/2833/2552
f 2559/2834/2553 2560/2835/2554 2562/2836/2555
f 2562/2836/2555 2560/2835/2554 2561/2837/2556
f 2566/2838/2557 2563/2839/2558 2565/2840/2559
f 2565/2840/2559 2563/2839/2558 2564/2841/2560
f 2564/2841/2560 2563/2839/2558 2561/2837/2556
f 2561/2837/2556 2563/2839/2558 2562/2836/2555
f 2568/2842/2561 2567/2843/2562 2565/2840/2559
f 2565/2840/2559 2567/2843/2562 2566/2838/2557
f 2567/2843/2562 2568/2842/2561 2570/2844/2563
f 2570/2844/2563 2568/2842/2561 2569/2845/2564
f 2538/2846/2565 2570/2844/2563 2537/2847/2566
f 2537/2847/2566 2570/2844/2563 2569/2845/2564
f 2539/2848/2567 2538/2846/2565 2540/2849/2568
f 2540/2849/2568 2538/2846/2565 2537/2847/2566
f 2535/2850/2569 2539/2848/2567 2536/2851/2570
f 2536/2851/2570 2539/2848/2567 2540/2849/2568
f 2543/2817/2536 2542/2816/2535 2536/2851/2570
f 2536/2851/2570 2542/2816/2535 2535/2850/2569
f 2573/2852/2571 2572/2853/2572 2537/2847/2566
f 2537/2847/2566 2572/2853/2572 2540/2849/2568
f 2587/2854/2573 2573/2852/2571 2569/2845/2564
f 2569/2845/2564 2573/2852/2571 2537/2847/2566
f 2587/2854/2573 2569/2845/2564 2574/2855/2574
f 2574/2855/2574 2569/2845/2564 2568/2842/2561
f 2574/2855/2574 2568/2842/2561 2575/2856/2575
f 2575/2856/2575 2568/2842/2561 2565/2840/2559
f 2576/2857/2576 2575/2856/2575 2564/2841/2560
f 2564/2841/2560 2575/2856/2575 2565/2840/2559
f 2576/2857/2576 2564/2841/2560 2577/2858/2577
f 2577/2858/2577 2564/2841/2560 2561/2837/2556
f 2577/2858/2577 2561/2837/2556 2578/2859/2578
f 2578/2859/2578 2561/2837/2556 2560/2835/2554
f 2578/2859/2578 2560/2835/2554 2579/2860/2579
f 2579/2860/2579 2560/2835/2554 2557/2833/2552
f 2580/2861/2580 2579/2860/2579 2556/2830/2549
f 2556/2830/2549 2579/2860/2579 2557/2833/2552
f 2580/2861/2580 2556/2830/2549 2581/2862/2581
f 2581/2862/2581 2556/2830/2549 2553/2829/2548
f 2582/2863/2582 2581/2862/2581 2552/2827/2546
f 2552/2827/2546 2581/2862/2581 2553/2829/2548
f 2583/2864/2583 2582/2863/2582 2545/2823/2542
f 2545/2823/2542 2582/2863/2582 2552/2827/2546
f 2584/2865/2584 2583/2864/2583 2548/2822/2541
f 2548/2822/2541 2583/2864/2583 2545/2823/2542
f 2584/2865/2584 2548/2822/2541 2585/2866/2585
f 2585/2866/2585 2548/2822/2541 2546/2821/2540
f 2589/2867/2586 2581/2862/2581 2582/2863/2582
f 2585/2866/2585 2546/2821/2540 2586/2868/2587
f 2586/2868/2587 2546/2821/2540 2544/2819/2538
f 2589/2867/2586 2577/2858/2577 2578/2859/2578
f 2589/2867/2586 2584/2865/2584 2585/2866/2585
f 2536/2851/2570 2588/2869/2588 2543/2817/2536
f 2543/2817/2536 2588/2869/2588 2571/2870/2589
f 2586/2868/2587 2544/2819/2538 2571/2870/2589
f 2571/2870/2589 2544/2819/2538 2543/2817/2536
f 2589/2867/2586 2572/2853/2572 2573/2852/2571
f 2589/2867/2586 2575/2856/2575 2576/2857/2576
f 2589/2867/2586 2578/2859/2578 2579/2860/2579
f 2589/2867/2586 2583/2864/2583 2584/2865/2584
f 2589/2867/2586 2571/2870/2589 2588/2869/2588
f 2540/2849/2568 2572/2853/2572 2536/2851/2570
f 2536/2851/2570 2572/2853/2572 2588/2869/2588
f 2588/2869/2588 2572/2853/2572 2589/2867/2586
f 2589/2867/2586 2573/2852/2571 2587/2854/2573
f 2589/2867/2586 2587/2854/2573 2574/2855/2574
f 2589/2867/2586 2574/2855/2574 2575/2856/2575
f 2589/2867/2586 2576/2857/2576 2577/2858/2577
f 2589/2867/2586 2579/2860/2579 2580/2861/2580
f 2589/2867/2586 2580/2861/2580 2581/2862/2581
f 2589/2867/2586 2582/2863/2582 2583/2864/2583
f 2589/2867/2586 2585/2866/2585 2586/2868/2587
f 2589/2867/2586 2586/2868/2587 2571/2870/2589
s 157
f 2597/2871/2590 2598/2872/2591 2596/2873/2592
f 2596/2873/2592 2598/2872/2591 2599/2874/2593
f 2596/2873/2592 2599/2874/2593 2602/2875/2594
f 2602/2875/2594 2599/2874/2593 2601/2876/2595
f 2603/2877/2596 2600/2878/2597 2604/2879/2598
f 2604/2879/2598 2600/2878/2597 2605/2880/2599
f 2602/2875/2594 2601/2876/2595 2604/2879/2598
f 2604/2879/2598 2601/2876/2595 2603/2877/2596
f 2606/2881/2600 2605/2880/2599 2607/2882/2601
f 2607/2882/2601 2605/2880/2599 2600/2878/2597
f 2606/2881/2600 2607/2882/2601 2609/2883/2602
f 2609/2883/2602 2607/2882/2601 2608/2884/2603
f 2611/2885/2604 2610/2886/2605 2608/2884/2603
f 2608/2884/2603 2610/2886/2605 2609/2883/2602
f 2613/2887/2606 2610/2886/2605 2612/2888/2607
f 2612/2888/2607 2610/2886/2605 2611/2885/2604
f 2614/2889/2608 2613/2887/2606 2615/2890/2609
f 2615/2890/2609 2613/2887/2606 2612/2888/2607
f 2614/2889/2608 2615/2890/2609 2617/2891/2610
f 2617/2891/2610 2615/2890/2609 2616/2892/2611
f 2621/2893/2612 2618/2894/2613 2620/2895/2614
f 2620/2895/2614 2618/2894/2613 2619/2896/2615
f 2619/2896/2615 2618/2894/2613 2616/2892/2611
f 2616/2892/2611 2618/2894/2613 2617/2891/2610
f 2623/2897/2616 2622/2898/2617 2620/2895/2614
f 2620/2895/2614 2622/2898/2617 2621/2893/2612
f 2622/2898/2617 2623/2897/2616 2625/2899/2618
f 2625/2899/2618 2623/2897/2616 2624/2900/2619
f 2593/2901/2620 2625/2899/2618 2592/2902/2621
f 2592/2902/2621 2625/2899/2618 2624/2900/2619
f 2594/2903/2622 2593/2901/2620 2595/2904/2623
f 2595/2904/2623 2593/2901/2620 2592/2902/2621
f 2590/2905/2624 2594/2903/2622 2591/2906/2625
f 2591/2906/2625 2594/2903/2622 2595/2904/2623
f 2598/2872/2591 2597/2871/2590 2591/2906/2625
f 2591/2906/2625 2597/2871/2590 2590/2905/2624
f 2628/2907/2626 2627/2908/2627 2592/2902/2621
f 2592/2902/2621 2627/2908/2627 2595/2904/2623
f 2642/2909/2628 2628/2907/2626 2624/2900/2619
f 2624/2900/2619 2628/2907/2626 2592/2902/2621
f 2642/2909/2628 2624/2900/2619 2629/2910/2629
f 2629/2910/2629 2624/2900/2619 2623/2897/2616
f 2629/2910/2629 2623/2897/2616 2630/2911/2630
f 2630/2911/2630 2623/2897/2616 2620/2895/2614
f 2631/2912/2631 2630/2911/2630 2619/2896/2615
f 2619/2896/2615 2630/2911/2630 2620/2895/2614
f 2631/2912/2631 2619/2896/2615 2632/2913/2632
f 2632/2913/2632 2619/2896/2615 2616/2892/2611
f 2632/2913/2632 2616/2892/2611 2633/2914/2633
f 2633/2914/2633 2616/2892/2611 2615/2890/2609
f 2633/2914/2633 2615/2890/2609 2634/2915/2634
f 2634/2915/2634 2615/2890/2609 2612/2888/2607
f 2635/2916/2635 2634/2915/2634 2611/2885/2604
f 2611/2885/2604 2634/2915/2634 2612/2888/2607
f 2635/2916/2635 2611/2885/2604 2636/2917/2636
f 2636/2917/2636 2611/2885/2604 2608/2884/2603
f 2637/2918/2637 2636/2917/2636 2607/2882/2601
f 2607/2882/2601 2636/2917/2636 2608/2884/2603
f 2638/2919/2638 2637/2918/2637 2600/2878/2597
f 2600/2878/2597 2637/2918/2637 2607/2882/2601
f 2639/2920/2639 2638/2919/2638 2603/2877/2596
f 2603/2877/2596 2638/2919/2638 2600/2878/2597
f 2639/2920/2639 2603/2877/2596 2640/2921/2640
f 2640/2921/2640 2603/2877/2596 2601/2876/2595
f 2644/2922/2641 2636/2917/2636 2637/2918/2637
f 2640/2921/2640 2601/2876/2595 2641/2923/2642
f 2641/2923/2642 2601/2876/2595 2599/2874/2593
f 2644/2922/2641 2632/2913/2632 2633/2914/2633
f 2644/2922/2641 2639/2920/2639 2640/2921/2640
f 2591/2906/2625 2643/2924/2643 2598/2872/2591
f 2598/2872/2591 2643/2924/2643 2626/2925/2644
f 2641/2923/2642 2599/2874/2593 2626/2925/2644
f 2626/2925/2644 2599/2874/2593 2598/2872/2591
f 2644/2922/2641 2627/2908/2627 2628/2907/2626
f 2644/2922/2641 2630/2911/2630 2631/2912/2631
f 2644/2922/2641 2633/2914/2633 2634/2915/2634
f 2644/2922/2641 2638/2919/2638 2639/2920/2639
f 2644/2922/2641 2626/2925/2644 2643/2924/2643
f 2595/2904/2623 2627/2908/2627 2591/2906/2625
f 2591/2906/2625 2627/2908/2627 2643/2924/2643
f 2643/2924/2643 2627/2908/2627 2644/2922/2641
f 2644/2922/2641 2628/2907/2626 2642/2909/2628
f 2644/2922/2641 2642/2909/2628 2629/2910/2629
f 2644/2922/2641 2629/2910/2629 2630/2911/2630
f 2644/2922/2641 2631/2912/2631 2632/2913/2632
f 2644/2922/2641 2634/2915/2634 2635/2916/2635
f 2644/2922/2641 2635/2916/2635 2636/2917/2636
f 2644/2922/2641 2637/2918/2637 2638/2919/2638
f 2644/2922/2641 2640/2921/2640 2641/2923/2642
f 2644/2922/2641 2641/2923/2642 2626/2925/2644
s 169
f 2652/2926/2645 2653/2927/2646 2651/2928/2647
f 2651/2928/2647 2653/2927/2646 2654/2929/2648
f 2651/2928/2647 2654/2929/2648 2657/2930/2649
f 2657/2930/2649 2654/2929/2648 2656/2931/2650
f 2658/2932/2651 2655/2933/2652 2659/2934/2653
f 2659/2934/2653 2655/2933/2652 2660/2935/2654
f 2657/2930/2649 2656/2931/2650 2659/2934/2653
f 2659/2934/2653 2656/2931/2650 2658/2932/2651
f 2661/2936/2655 2660/2935/2654 2662/2937/2656
f 2662/2937/2656 2660/2935/2654 2655/2933/2652
f 2661/2936/2655 2662/2937/2656 2664/2938/2657
f 2664/2938/2657 2662/2937/2656 2663/2939/2658
f 2666/2940/2659 2665/2941/2660 2663/2939/2658
f 2663/2939/2658 2665/2941/2660 2664/2938/2657
f 2668/2942/2661 2665/2941/2660 2667/2943/2662
f 2667/2943/2662 2665/2941/2660 2666/2940/2659
f 2669/2944/2663 2668/2942/2661 2670/2945/2664
f 2670/2945/2664 2668/2942/2661 2667/2943/2662
f 2669/2944/2663 2670/2945/2664 2672/2946/2665
f 2672/2946/2665 2670/2945/2664 2671/2947/2666
f 2676/2948/2667 2673/2949/2668 2675/2950/2669
f 2675/2950/2669 2673/2949/2668 2674/2951/2670
f 2674/2951/2670 2673/2949/2668 2671/2947/2666
f 2671/2947/2666 2673/2949/2668 2672/2946/2665
f 2678/2952/2671 2677/2953/2672 2675/2950/2669
f 2675/2950/2669 2677/2953/2672 2676/2948/2667
f 2677/2953/2672 2678/2952/2671 2680/2954/2673
f 2680/2954/2673 2678/2952/2671 2679/2955/2674
f 2648/2956/2675 2680/2954/2673 2647/2957/2676
f 2647/2957/2676 2680/2954/2673 2679/2955/2674
f 2649/2958/2677 2648/2956/2675 2650/2959/2678
f 2650/2959/2678 2648/2956/2675 2647/2957/2676
f 2645/2960/2679 2649/2958/2677 2646/2961/2680
f 2646/2961/2680 2649/2958/2677 2650/2959/2678
f 2653/2927/2646 2652/2926/2645 2646/2961/2680
f 2646/2961/2680 2652/2926/2645 2645/2960/2679
f 2683/2962/2681 2682/2963/2682 2647/2957/2676
f 2647/2957/2676 2682/2963/2682 2650/2959/2678
f 2697/2964/2683 2683/2962/2681 2679/2955/2674
f 2679/2955/2674 2683/2962/2681 2647/2957/2676
f 2697/2964/2683 2679/2955/2674 2684/2965/2684
f 2684/2965/2684 2679/2955/2674 2678/2952/2671
f 2684/2965/2684 2678/2952/2671 2685/2966/2685
f 2685/2966/2685 2678/2952/2671 2675/2950/2669
f 2686/2967/2686 2685/2966/2685 2674/2951/2670
f 2674/2951/2670 2685/2966/2685 2675/2950/2669
f 2686/2967/2686 2674/2951/2670 2687/2968/2687
f 2687/2968/2687 2674/2951/2670 2671/2947/2666
f 2687/2968/2687 2671/2947/2666 2688/2969/2688
f 2688/2969/2688 2671/2947/2666 2670/2945/2664
f 2688/2969/2688 2670/2945/2664 2689/2970/2689
f 2689/2970/2689 2670/2945/2664 2667/2943/2662
f 2690/2971/2690 2689/2970/2689 2666/2940/2659
f 2666/2940/2659 2689/2970/2689 2667/2943/2662
f 2690/2971/2690 2666/2940/2659 2691/2972/2691
f 2691/2972/2691 2666/2940/2659 2663/2939/2658
f 2692/2973/2692 2691/2972/2691 2662/2937/2656
f 2662/2937/2656 2691/2972/2691 2663/2939/2658
f 2693/2974/2693 2692/2973/2692 2655/2933/2652
f 2655/2933/2652 2692/2973/2692 2662/2937/2656
f 2694/2975/2694 2693/2974/2693 2658/2932/2651
f 2658/2932/2651 2693/2974/2693 2655/2933/2652
f 2694/2975/2694 2658/2932/2651 2695/2976/2695
f 2695/2976/2695 2658/2932/2651 2656/2931/2650
f 2699/2977/2696 2691/2972/2691 2692/2973/2692
f 2695/2976/2695 2656/2931/2650 2696/2978/2697
f 2696/2978/2697 2656/2931/2650 2654/2929/2648
f 2699/2977/2696 2687/2968/2687 2688/2969/2688
f 2699/2977/2696 2694/2975/2694 2695/2976/2695
f 2646/2961/2680 2698/2979/2698 2653/2927/2646
f 2653/2927/2646 2698/2979/2698 2681/2980/2699
f 2696/2978/2697 2654/2929/2648 2681/2980/2699
f 2681/2980/2699 2654/2929/2648 2653/2927/2646
f 2699/2977/2696 2682/2963/2682 2683/2962/2681
f 2699/2977/2696 2685/2966/2685 2686/2967/2686
f 2699/2977/2696 2688/2969/2688 2689/2970/2689
f 2699/2977/2696 2693/2974/2693 2694/2975/2694
f 2699/2977/2696 2681/2980/2699 2698/2979/2698
f 2650/2959/2678 2682/2963/2682 2646/2961/2680
f 2646/2961/2680 2682/2963/2682 2698/2979/2698
f 2698/2979/2698 2682/2963/2682 2699/2977/2696
f 2699/2977/2696 2683/2962/2681 2697/2964/2683
f 2699/2977/2696 2697/2964/2683 2684/2965/2684
f 2699/2977/2696 2684/2965/2684 2685/2966/2685
f 2699/2977/2696 2686/2967/2686 2687/2968/2687
f 2699/2977/2696 2689/2970/2689 2690/2971/2690
f 2699/2977/2696 2690/2971/2690 2691/2972/2691
f 2699/2977/2696 2692/2973/2692 2693/2974/2693
f 2699/2977/2696 2695/2976/2695 2696/2978/2697
f 2699/2977/2696 2696/2978/2697 2681/2980/2699
s 181
f 2707/2981/2700 2708/2982/2701 2706/2983/2702
f 2706/2983/2702 2708/2982/2701 2709/2984/2703
f 2706/2983/2702 2709/2984/2703 2712/2985/2704
f 2712/2985/2704 2709/2984/2703 2711/2986/2705
f 2713/2987/2706 2710/2988/2707 2714/2989/2708
f 2714/2989/2708 2710/2988/2707 2715/2990/2709
f 2712/2985/2704 2711/2986/2705 2714/2989/2708
f 2714/2989/2708 2711/2986/2705 2713/2987/2706
f 2716/2991/2710 2715/2990/2709 2717/2992/2711
f 2717/2992/2711 2715/2990/2709 2710/2988/2707
f 2716/2991/2710 2717/2992/2711 2719/2993/2712
f 2719/2993/2712 2717/2992/2711 2718/2994/2713
f 2721/2995/2714 2720/2996/2715 2718/2994/2713
f 2718/2994/2713 2720/2996/2715 2719/2993/2712
f 2723/2997/2716 2720/2996/2715 2722/2998/2717
f 2722/2998/2717 2720/2996/2715 2721/2995/2714
f 2724/2999/2718 2723/2997/2716 2725/3000/2719
f 2725/3000/2719 2723/2997/2716 2722/2998/2717
f 2724/2999/2718 2725/3000/2719 2727/3001/2720
f 2727/3001/2720 2725/3000/2719 2726/3002/2721
f 2731/3003/2722 2728/3004/2723 2730/3005/2724
f 2730/3005/2724 2728/3004/2723 2729/3006/2725
f 2729/3006/2725 2728/3004/2723 2726/3002/2721
f 2726/3002/2721 2728/3004/2723 2727/3001/2720
f 2733/3007/2726 2732/3008/2727 2730/3005/2724
f 2730/3005/2724 2732/3008/2727 2731/3003/2722
f 2732/3008/2727 2733/3007/2726 2735/3009/2728
f 2735/3009/2728 2733/3007/2726 2734/3010/2729
f 2703/3011/2730 2735/3009/2728 2702/3012/2731
f 2702/3012/2731 2735/3009/2728 2734/3010/2729
f 2704/3013/2732 2703/3011/2730 2705/3014/2733
f 2705/3014/2733 2703/3011/2730 2702/3012/2731
f 2700/3015/2734 2704/3013/2732 2701/3016/2735
f 2701/3016/2735 2704/3013/2732 2705/3014/2733
f 2708/2982/2701 2707/2981/2700 2701/3016/2735
f 2701/3016/2735 2707/2981/2700 2700/3015/2734
f 2738/3017/2736 2737/3018/2737 2702/3012/2731
f 2702/3012/2731 2737/3018/2737 2705/3014/2733
f 2752/3019/2738 2738/3017/2736 2734/3010/2729
f 2734/3010/2729 2738/3017/2736 2702/3012/2731
f 2752/3019/2738 2734/3010/2729 2739/3020/2739
f 2739/3020/2739 2734/3010/2729 2733/3007/2726
f 2739/3020/2739 2733/3007/2726 2740/3021/2740
f 2740/3021/2740 2733/3007/2726 2730/3005/2724
f 2741/3022/2741 2740/3021/2740 2729/3006/2725
f 2729/3006/2725 2740/3021/2740 2730/3005/2724
f 2741/3022/2741 2729/3006/2725 2742/3023/2742
f 2742/3023/2742 2729/3006/2725 2726/3002/2721
f 2742/3023/2742 2726/3002/2721 2743/3024/2743
f 2743/3024/2743 2726/3002/2721 2725/3000/2719
f 2743/3024/2743 2725/3000/2719 2744/3025/2744
f 2744/3025/2744 2725/3000/2719 2722/2998/2717
f 2745/3026/2745 2744/3025/2744 2721/2995/2714
f 2721/2995/2714 2744/3025/2744 2722/2998/2717
f 2745/3026/2745 2721/2995/2714 2746/3027/2746
f 2746/3027/2746 2721/2995/2714 2718/2994/2713
f 2747/3028/2747 2746/3027/2746 2717/2992/2711
f 2717/2992/2711 2746/3027/2746 2718/2994/2713
f 2748/3029/2748 2747/3028/2747 2710/2988/2707
f 2710/2988/2707 2747/3028/2747 2717/2992/2711
f 2749/3030/2749 2748/3029/2748 2713/2987/2706
f 2713/2987/2706 2748/3029/2748 2710/2988/2707
f 2749/3030/2749 2713/2987/2706 2750/3031/2750
f 2750/3031/2750 2713/2987/2706 2711/2986/2705
f 2754/3032/2751 2746/3027/2746 2747/3028/2747
f 2750/3031/2750 2711/2986/2705 2751/3033/2752
f 2751/3033/2752 2711/2986/2705 2709/2984/2703
f 2754/3032/2751 2742/3023/2742 2743/3024/2743
f 2754/3032/2751 2749/3030/2749 2750/3031/2750
f 2701/3016/2735 2753/3034/2753 2708/2982/2701
f 2708/2982/2701 2753/3034/2753 2736/3035/2754
f 2751/3033/2752 2709/2984/2703 2736/3035/2754
f 2736/3035/2754 2709/2984/2703 2708/2982/2701
f 2754/3032/2751 2737/3018/2737 2738/3017/2736
f 2754/3032/2751 2740/3021/2740 2741/3022/2741
f 2754/3032/2751 2743/3024/2743 2744/3025/2744
f 2754/3032/2751 2748/3029/2748 2749/3030/2749
f 2754/3032/2751 2736/3035/2754 2753/3034/2753
f 2705/3014/2733 2737/3018/2737 2701/3016/2735
f 2701/3016/2735 2737/3018/2737 2753/3034/2753
f 2753/3034/2753 2737/3018/2737 2754/3032/2751
f 2754/3032/2751 2738/3017/2736 2752/3019/2738
f 2754/3032/2751 2752/3019/2738 2739/3020/2739
f 2754/3032/2751 2739/3020/2739 2740/3021/2740
f 2754/3032/2751 2741/3022/2741 2742/3023/2742
f 2754/3032/2751 2744/3025/2744 2745/3026/2745
f 2754/3032/2751 2745/3026/2745 2746/3027/2746
f 2754/3032/2751 2747/3028/2747 2748/3029/2748
f 2754/3032/2751 2750/3031/2750 2751/3033/2752
f 2754/3032/2751 2751/3033/2752 2736/3035/2754
s 193
f 2762/3036/2755 2763/3037/2756 2761/3038/2757
f 2761/3038/2757 2763/3037/2756 2764/3039/2758
f 2761/3038/2757 2764/3039/2758 2767/3040/2759
f 2767/3040/2759 2764/3039/2758 2766/3041/2760
f 2768/3042/2761 2765/3043/2762 2769/3044/2763
f 2769/3044/2763 2765/3043/2762 2770/3045/2764
f 2767/3040/2759 2766/3041/2760 2769/3044/2763
f 2769/3044/2763 2766/3041/2760 2768/3042/2761
f 2771/3046/2765 2770/3045/2764 2772/3047/2766
f 2772/3047/2766 2770/3045/2764 2765/3043/2762
f 2771/3046/2765 2772/3047/2766 2774/3048/2767
f 2774/3048/2767 2772/3047/2766 2773/3049/2768
f 2776/3050/2769 2775/3051/2770 2773/3049/2768
f 2773/3049/2768 2775/3051/2770 2774/3048/2767
f 2778/3052/2771 2775/3051/2770 2777/3053/2772
f 2777/3053/2772 2775/3051/2770 2776/3050/2769
f 2779/3054/2773 2778/3052/2771 2780/3055/2774
f 2780/3055/2774 2778/3052/2771 2777/3053/2772
f 2779/3054/2773 2780/3055/2774 2782/3056/2775
f 2782/3056/2775 2780/3055/2774 2781/3057/2776
f 2786/3058/2777 2783/3059/2778 2785/3060/2779
f 2785/3060/2779 2783/3059/2778 2784/3061/2780
f 2784/3061/2780 2783/3059/2778 2781/3057/2776
f 2781/3057/2776 2783/3059/2778 2782/3056/2775
f 2788/3062/2781 2787/3063/2782 2785/3060/2779
f 2785/3060/2779 2787/3063/2782 2786/3058/2777
f 2787/3063/2782 2788/3062/2781 2790/3064/2783
f 2790/3064/2783 2788/3062/2781 2789/3065/2784
f 2758/3066/2785 2790/3064/2783 2757/3067/2786
f 2757/3067/2786 2790/3064/2783 2789/3065/2784
f 2759/3068/2787 2758/3066/2785 2760/3069/2788
f 2760/3069/2788 2758/3066/2785 2757/3067/2786
f 2755/3070/2789 2759/3068/2787 2756/3071/2790
f 2756/3071/2790 2759/3068/2787 2760/3069/2788
f 2763/3037/2756 2762/3036/2755 2756/3071/2790
f 2756/3071/2790 2762/3036/2755 2755/3070/2789
f 2793/3072/2791 2792/3073/2792 2757/3067/2786
f 2757/3067/2786 2792/3073/2792 2760/3069/2788
f 2807/3074/2793 2793/3072/2791 2789/3065/2784
f 2789/3065/2784 2793/3072/2791 2757/3067/2786
f 2807/3074/2793 2789/3065/2784 2794/3075/2794
f 2794/3075/2794 2789/3065/2784 2788/3062/2781
f 2794/3075/2794 2788/3062/2781 2795/3076/2795
f 2795/3076/2795 2788/3062/2781 2785/3060/2779
f 2796/3077/2796 2795/3076/2795 2784/3061/2780
f 2784/3061/2780 2795/3076/2795 2785/3060/2779
f 2796/3077/2796 2784/3061/2780 2797/3078/2797
f 2797/3078/2797 2784/3061/2780 2781/3057/2776
f 2797/3078/2797 2781/3057/2776 2798/3079/2798
f 2798/3079/2798 2781/3057/2776 2780/3055/2774
f 2798/3079/2798 2780/3055/2774 2799/3080/2799
f 2799/3080/2799 2780/3055/2774 2777/3053/2772
f 2800/3081/2800 2799/3080/2799 2776/3050/2769
f 2776/3050/2769 2799/3080/2799 2777/3053/2772
f 2800/3081/2800 2776/3050/2769 2801/3082/2801
f 2801/3082/2801 2776/3050/2769 2773/3049/2768
f 2802/3083/2802 2801/3082/2801 2772/3047/2766
f 2772/3047/2766 2801/3082/2801 2773/3049/2768
f 2803/3084/2803 2802/3083/2802 2765/3043/2762
f 2765/3043/2762 2802/3083/2802 2772/3047/2766
f 2804/3085/2804 2803/3084/2803 2768/3042/2761
f 2768/3042/2761 2803/3084/2803 2765/3043/2762
f 2804/3085/2804 2768/3042/2761 2805/3086/2805
f 2805/3086/2805 2768/3042/2761 2766/3041/2760
f 2809/3087/2806 2801/3082/2801 2802/3083/2802
f 2805/3086/2805 2766/3041/2760 2806/3088/2807
f 2806/3088/2807 2766/3041/2760 2764/3039/2758
f 2809/3087/2806 2797/3078/2797 2798/3079/2798
f 2809/3087/2806 2804/3085/2804 2805/3086/2805
f 2756/3071/2790 2808/3089/2808 2763/3037/2756
f 2763/3037/2756 2808/3089/2808 2791/3090/2809
f 2806/3088/2807 2764/3039/2758 2791/3090/2809
f 2791/3090/2809 2764/3039/2758 2763/3037/2756
f 2809/3087/2806 2792/3073/2792 2793/3072/2791
f 2809/3087/2806 2795/3076/2795 2796/3077/2796
f 2809/3087/2806 2798/3079/2798 2799/3080/2799
f 2809/3087/2806 2803/3084/2803 2804/3085/2804
f 2809/3087/2806 2791/3090/2809 2808/3089/2808
f 2760/3069/2788 2792/3073/2792 2756/3071/2790
f 2756/3071/2790 2792/3073/2792 2808/3089/2808
f 2808/3089/2808 2792/3073/2792 2809/3087/2806
f 2809/3087/2806 2793/3072/2791 2807/3074/2793
f 2809/3087/2806 2807/3074/2793 2794/3075/2794
f 2809/3087/2806 2794/3075/2794 2795/3076/2795
f 2809/3087/2806 2796/3077/2796 2797/3078/2797
f 2809/3087/2806 2799/3080/2799 2800/3081/2800
f 2809/3087/2806 2800/3081/2800 2801/3082/2801
f 2809/3087/2806 2802/3083/2802 2803/3084/2803
f 2809/3087/2806 2805/3086/2805 2806/3088/2807
f 2809/3087/2806 2806/3088/2807 2791/3090/2809
s 205
f 2817/3091/2810 2818/3092/2811 2816/3093/2812
f 2816/3093/2812 2818/3092/2811 2819/3094/2813
f 2816/3093/2812 2819/3094/2813 2822/3095/2814
f 2822/3095/2814 2819/3094/2813 2821/3096/2815
f 2823/3097/2816 2820/3098/2817 2824/3099/2818
f 2824/3099/2818 2820/3098/2817 2825/3100/2819
f 2822/3095/2814 2821/3096/2815 2824/3099/2818
f 2824/3099/2818 2821/3096/2815 2823/3097/2816
f 2826/3101/2820 2825/3100/2819 2827/3102/2821
f 2827/3102/2821 2825/3100/2819 2820/3098/2817
f 2826/3101/2820 2827/3102/2821 2829/3103/2822
f 2829/3103/2822 2827/3102/2821 2828/3104/2823
f 2831/3105/2824 2830/3106/2825 2828/3104/2823
f 2828/3104/2823 2830/3106/2825 2829/3103/2822
f 2833/3107/2826 2830/3106/2825 2832/3108/2827
f 2832/3108/2827 2830/3106/2825 2831/3105/2824
f 2834/3109/2828 2833/3107/2826 2835/3110/2829
f 2835/3110/2829 2833/3107/2826 2832/3108/2827
f 2834/3109/2828 2835/3110/2829 2837/3111/2830
f 2837/3111/2830 2835/3110/2829 2836/3112/2831
f 2841/3113/2832 2838/3114/2833 2840/3115/2834
f 2840/3115/2834 2838/3114/2833 2839/3116/2835
f 2839/3116/2835 2838/3114/2833 2836/3112/2831
f 2836/3112/2831 2838/3114/2833 2837/3111/2830
f 2843/3117/2836 2842/3118/2837 2840/3115/2834
f 2840/3115/2834 2842/3118/2837 2841/3113/2832
f 2842/3118/2837 2843/3117/2836 2845/3119/2838
f 2845/3119/2838 2843/3117/2836 2844/3120/2839
f 2813/3121/2840 2845/3119/2838 2812/3122/2841
f 2812/3122/2841 2845/3119/2838 2844/3120/2839
f 2814/3123/2842 2813/3121/2840 2815/3124/2843
f 2815/3124/2843 2813/3121/2840 2812/3122/2841
f 2810/3125/2844 2814/3123/2842 2811/3126/2845
f 2811/3126/2845 2814/3123/2842 2815/3124/2843
f 2818/3092/2811 2817/3091/2810 2811/3126/2845
f 2811/3126/2845 2817/3091/2810 2810/3125/2844
f 2848/3127/2846 2847/3128/2847 2812/3122/2841
f 2812/3122/2841 2847/3128/2847 2815/3124/2843
f 2862/3129/2848 2848/3127/2846 2844/3120/2839
f 2844/3120/2839 2848/3127/2846 2812/3122/2841
f 2862/3129/2848 2844/3120/2839 2849/3130/2849
f 2849/3130/2849 2844/3120/2839 2843/3117/2836
f 2849/3130/2849 2843/3117/2836 2850/3131/2850
f 2850/3131/2850 2843/3117/2836 2840/3115/2834
f 2851/3132/2851 2850/3131/2850 2839/3116/2835
f 2839/3116/2835 2850/3131/2850 2840/3115/2834
f 2851/3132/2851 2839/3116/2835 2852/3133/2852
f 2852/3133/2852 2839/3116/2835 2836/3112/2831
f 2852/3133/2852 2836/3112/2831 2853/3134/2853
f 2853/3134/2853 2836/3112/2831 2835/3110/2829
f 2853/3134/2853 2835/3110/2829 2854/3135/2854
f 2854/3135/2854 2835/3110/2829 2832/3108/2827
f 2855/3136/2855 2854/3135/2854 2831/3105/2824
f 2831/3105/2824 2854/3135/2854 2832/3108/2827
f 2855/3136/2855 2831/3105/2824 2856/3137/2856
f 2856/3137/2856 2831/3105/2824 2828/3104/2823
f 2857/3138/2857 2856/3137/2856 2827/3102/2821
f 2827/3102/2821 2856/3137/2856 2828/3104/2823
f 2858/3139/2858 2857/3138/2857 2820/3098/2817
f 2820/3098/2817 2857/3138/2857 2827/3102/2821
f 2859/3140/2859 2858/3139/2858 2823/3097/2816
f 2823/3097/2816 2858/3139/2858 2820/3098/2817
f 2859/3140/2859 2823/3097/2816 2860/3141/2860
f 2860/3141/2860 2823/3097/2816 2821/3096/2815
f 2864/3142/2861 2856/3137/2856 2857/3138/2857
f 2860/3141/2860 2821/3096/2815 2861/3143/2862
f 2861/3143/2862 2821/3096/2815 2819/3094/2813
f 2864/3142/2861 2852/3133/2852 2853/3134/2853
f 2864/3142/2861 2859/3140/2859 2860/3141/2860
f 2811/3126/2845 2863/3144/2863 2818/3092/2811
f 2818/3092/2811 2863/3144/2863 2846/3145/2864
f 2861/3143/2862 2819/3094/2813 2846/3145/2864
f 2846/3145/2864 2819/3094/2813 2818/3092/2811
f 2864/3142/2861 2847/3128/2847 2848/3127/2846
f 2864/3142/2861 2850/3131/2850 2851/3132/2851
f 2864/3142/2861 2853/3134/2853 2854/3135/2854
f 2864/3142/2861 2858/3139/2858 2859/3140/2859
f 2864/3142/2861 2846/3145/2864 2863/3144/2863
f 2815/3124/2843 2847/3128/2847 2811/3126/2845
f 2811/3126/2845 2847/3128/2847 2863/3144/2863
f 2863/3144/2863 2847/3128/2847 2864/3142/2861
f 2864/3142/2861 2848/3127/2846 2862/3129/2848
f 2864/3142/2861 2862/3129/2848 2849/3130/2849
f 2864/3142/2861 2849/3130/2849 2850/3131/2850
f 2864/3142/2861 2851/3132/2851 2852/3133/2852
f 2864/3142/2861 2854/3135/2854 2855/3136/2855
f 2864/3142/2861 2855/3136/2855 2856/3137/2856
f 2864/3142/2861 2857/3138/2857 2858/3139/2858
f 2864/3142/2861 2860/3141/2860 2861/3143/2862
f 2864/3142/2861 2861/3143/2862 2846/3145/2864
s 217
f 2872/3146/2865 2873/3147/2866 2871/3148/2867
f 2871/3148/2867 2873/3147/2866 2874/3149/2868
f 2871/3148/2867 2874/3149/2868 2877/3150/2869
f 2877/3150/2869 2874/3149/2868 2876/3151/2870
f 2878/3152/2871 2875/3153/2872 2879/3154/2873
f 2879/3154/2873 2875/3153/2872 2880/3155/2874
f 2877/3150/2869 2876/3151/2870 2879/3154/2873
f 2879/3154/2873 2876/3151/2870 2878/3152/2871
f 2881/3156/2875 2880/3155/2874 2882/3157/2876
f 2882/3157/2876 2880/3155/2874 2875/3153/2872
f 2881/3156/2875 2882/3157/2876 2884/3158/2877
f 2884/3158/2877 2882/3157/2876 2883/3159/2878
f 2886/3160/2879 2885/3161/2880 2883/3159/2878
f 2883/3159/2878 2885/3161/2880 2884/3158/2877
f 2888/3162/2881 2885/3161/2880 2887/3163/2882
f 2887/3163/2882 2885/3161/2880 2886/3160/2879
f 2889/3164/2883 2888/3162/2881 2890/3165/2884
f 2890/3165/2884 2888/3162/2881 2887/3163/2882
f 2889/3164/2883 2890/3165/2884 2892/3166/2885
f 2892/3166/2885 2890/3165/2884 2891/3167/2886
f 2896/3168/2887 2893/3169/2888 2895/3170/2889
f 2895/3170/2889 2893/3169/2888 2894/3171/2890
f 2894/3171/2890 2893/3169/2888 2891/3167/2886
f 2891/3167/2886 2893/3169/2888 2892/3166/2885
f 2898/3172/2891 2897/3173/2892 2895/3170/2889
f 2895/3170/2889 2897/3173/2892 2896/3168/2887
f 2897/3173/2892 2898/3172/2891 2900/3174/2893
f 2900/3174/2893 2898/3172/2891 2899/3175/2894
f 2868/3176/2895 2900/3174/2893 2867/3177/2896
f 2867/3177/2896 2900/3174/2893 2899/3175/2894
f 2869/3178/2897 2868/3176/2895 2870/3179/2898
f 2870/3179/2898 2868/3176/2895 2867/3177/2896
f 2865/3180/2899 2869/3178/2897 2866/3181/2900
f 2866/3181/2900 2869/3178/2897 2870/3179/2898
f 2873/3147/2866 2872/3146/2865 2866/3181/2900
f 2866/3181/2900 2872/3146/2865 2865/3180/2899
f 2903/3182/2901 2902/3183/2902 2867/3177/2896
f 2867/3177/2896 2902/3183/2902 2870/3179/2898
f 2917/3184/2903 2903/3182/2901 2899/3175/2894
f 2899/3175/2894 2903/3182/2901 2867/3177/2896
f 2917/3184/2903 2899/3175/2894 2904/3185/2904
f 2904/3185/2904 2899/3175/2894 2898/3172/2891
f 2904/3185/2904 2898/3172/2891 2905/3186/2905
f 2905/3186/2905 2898/3172/2891 2895/3170/2889
f 2906/3187/2906 2905/3186/2905 2894/3171/2890
f 2894/3171/2890 2905/3186/2905 2895/3170/2889
f 2906/3187/2906 2894/3171/2890 2907/3188/2907
f 2907/3188/2907 2894/3171/2890 2891/3167/2886
f 2907/3188/2907 2891/3167/2886 2908/3189/2908
f 2908/3189/2908 2891/3167/2886 2890/3165/2884
f 2908/3189/2908 2890/3165/2884 2909/3190/2909
f 2909/3190/2909 2890/3165/2884 2887/3163/2882
f 2910/3191/2910 2909/3190/2909 2886/3160/2879
f 2886/3160/2879 2909/3190/2909 2887/3163/2882
f 2910/3191/2910 2886/3160/2879 2911/3192/2911
f 2911/3192/2911 2886/3160/2879 2883/3159/2878
f 2912/3193/2912 2911/3192/2911 2882/3157/2876
f 2882/3157/2876 2911/3192/2911 2883/3159/2878
f 2913/3194/2913 2912/3193/2912 2875/3153/2872
f 2875/3153/2872 2912/3193/2912 2882/3157/2876
f 2914/3195/2914 2913/3194/2913 2878/3152/2871
f 2878/3152/2871 2913/3194/2913 2875/3153/2872
f 2914/3195/2914 2878/3152/2871 2915/3196/2915
f 2915/3196/2915 2878/3152/2871 2876/3151/2870
f 2919/3197/2916 2911/3192/2911 2912/3193/2912
f 2915/3196/2915 2876/3151/2870 2916/3198/2917
f 2916/3198/2917 2876/3151/2870 2874/3149/2868
f 2919/3197/2916 2907/3188/2907 2908/3189/2908
f 2919/3197/2916 2914/3195/2914 2915/3196/2915
f 2866/3181/2900 2918/3199/2918 2873/3147/2866
f 2873/3147/2866 2918/3199/2918 2901/3200/2919
f 2916/3198/2917 2874/3149/2868 2901/3200/2919
f 2901/3200/2919 2874/3149/2868 2873/3147/2866
f 2919/3197/2916 2902/3183/2902 2903/3182/2901
f 2919/3197/2916 2905/3186/2905 2906/3187/2906
f 2919/3197/2916 2908/3189/2908 2909/3190/2909
f 2919/3197/2916 2913/3194/2913 2914/3195/2914
f 2919/3197/2916 2901/3200/2919 2918/3199/2918
f 2870/3179/2898 2902/3183/2902 2866/3181/2900
f 2866/3181/2900 2902/3183/2902 2918/3199/2918
f 2918/3199/2918 2902/3183/2902 2919/3197/2916
f 2919/3197/2916 2903/3182/2901 2917/3184/2903
f 2919/3197/2916 2917/3184/2903 2904/3185/2904
f 2919/3197/2916 2904/3185/2904 2905/3186/2905
f 2919/3197/2916 2906/3187/2906 2907/3188/2907
f 2919/3197/2916 2909/3190/2909 2910/3191/2910
f 2919/3197/2916 2910/3191/2910 2911/3192/2911
f 2919/3197/2916 2912/3193/2912 2913/3194/2913
f 2919/3197/2916 2915/3196/2915 2916/3198/2917
f 2919/3197/2916 2916/3198/2917 2901/3200/2919
s 229
f 2927/3201/2920 2928/3202/2921 2926/3203/2922
f 2926/3203/2922 2928/3202/2921 2929/3204/2923
f 2926/3203/2922 2929/3204/2923 2932/3205/2924
f 2932/3205/2924 2929/3204/2923 2931/3206/2925
f 2933/3207/2926 2930/3208/2927 2934/3209/2928
f 2934/3209/2928 2930/3208/2927 2935/3210/2929
f 2932/3205/2924 2931/3206/2925 2934/3209/2928
f 2934/3209/2928 2931/3206/2925 2933/3207/2926
f 2936/3211/2930 2935/3210/2929 2937/3212/2931
f 2937/3212/2931 2935/3210/2929 2930/3208/2927
f 2936/3211/2930 2937/3212/2931 2939/3213/2932
f 2939/3213/2932 2937/3212/2931 2938/3214/2933
f 2941/3215/2934 2940/3216/2935 2938/3214/2933
f 2938/3214/2933 2940/3216/2935 2939/3213/2932
f 2943/3217/2936 2940/3216/2935 2942/3218/2937
f 2942/3218/2937 2940/3216/2935 2941/3215/2934
f 2944/3219/2938 2943/3217/2936 2945/3220/2939
f 2945/3220/2939 2943/3217/2936 2942/3218/2937
f 2944/3219/2938 2945/3220/2939 2947/3221/2940
f 2947/3221/2940 2945/3220/2939 2946/3222/2941
f 2951/3223/2942 2948/3224/2943 2950/3225/2944
f 2950/3225/2944 2948/3224/2943 2949/3226/2945
f 2949/3226/2945 2948/3224/2943 2946/3222/2941
f 2946/3222/2941 2948/3224/2943 2947/3221/2940
f 2953/3227/2946 2952/3228/2947 2950/3225/2944
f 2950/3225/2944 2952/3228/2947 2951/3223/2942
f 2952/3228/2947 2953/3227/2946 2955/3229/2948
f 2955/3229/2948 2953/3227/2946 2954/3230/2949
f 2923/3231/2950 2955/3229/2948 2922/3232/2951
f 2922/3232/2951 2955/3229/2948 2954/3230/2949
f 2924/3233/2952 2923/3231/2950 2925/3234/2953
f 2925/3234/2953 2923/3231/2950 2922/3232/2951
f 2920/3235/2954 2924/3233/2952 2921/3236/2955
f 2921/3236/2955 2924/3233/2952 2925/3234/2953
f 2928/3202/2921 2927/3201/2920 2921/3236/2955
f 2921/3236/2955 2927/3201/2920 2920/3235/2954
f 2958/3237/2956 2957/3238/2957 2922/3232/2951
f 2922/3232/2951 2957/3238/2957 2925/3234/2953
f 2972/3239/2958 2958/3237/2956 2954/3230/2949
f 2954/3230/2949 2958/3237/2956 2922/3232/2951
f 2972/3239/2958 2954/3230/2949 2959/3240/2959
f 2959/3240/2959 2954/3230/2949 2953/3227/2946
f 2959/3240/2959 2953/3227/2946 2960/3241/2960
f 2960/3241/2960 2953/3227/2946 2950/3225/2944
f 2961/3242/2961 2960/3241/2960 2949/3226/2945
f 2949/3226/2945 2960/3241/2960 2950/3225/2944
f 2961/3242/2961 2949/3226/2945 2962/3243/2962
f 2962/3243/2962 2949/3226/2945 2946/3222/2941
f 2962/3243/2962 2946/3222/2941 2963/3244/2963
f 2963/3244/2963 2946/3222/2941 2945/3220/2939
f 2963/3244/2963 2945/3220/2939 2964/3245/2964
f 2964/3245/2964 2945/3220/2939 2942/3218/2937
f 2965/3246/2965 2964/3245/2964 2941/3215/2934
f 2941/3215/2934 2964/3245/2964 2942/3218/2937
f 2965/3246/2965 2941/3215/2934 2966/3247/2966
f 2966/3247/2966 2941/3215/2934 2938/3214/2933
f 2967/3248/2967 2966/3247/2966 2937/3212/2931
f 2937/3212/2931 2966/3247/2966 2938/3214/2933
f 2968/3249/2968 2967/3248/2967 2930/3208/2927
f 2930/3208/2927 2967/3248/2967 2937/3212/2931
f 2969/3250/2969 2968/3249/2968 2933/3207/2926
f 2933/3207/2926 2968/3249/2968 2930/3208/2927
f 2969/3250/2969 2933/3207/2926 2970/3251/2970
f 2970/3251/2970 2933/3207/2926 2931/3206/2925
f 2974/3252/2971 2966/3247/2966 2967/3248/2967
f 2970/3251/2970 2931/3206/2925 2971/3253/2972
f 2971/3253/2972 2931/3206/2925 2929/3204/2923
f 2974/3252/2971 2962/3243/2962 2963/3244/2963
f 2974/3252/2971 2969/3250/2969 2970/3251/2970
f 2921/3236/2955 2973/3254/2973 2928/3202/2921
f 2928/3202/2921 2973/3254/2973 2956/3255/2974
f 2971/3253/2972 2929/3204/2923 2956/3255/2974
f 2956/3255/2974 2929/3204/2923 2928/3202/2921
f 2974/3252/2971 2957/3238/2957 2958/3237/2956
f 2974/3252/2971 2960/3241/2960 2961/3242/2961
f 2974/3252/2971 2963/3244/2963 2964/3245/2964
f 2974/3252/2971 2968/3249/2968 2969/3250/2969
f 2974/3252/2971 2956/3255/2974 2973/3254/2973
f 2925/3234/2953 2957/3238/2957 2921/3236/2955
f 2921/3236/2955 2957/3238/2957 2973/3254/2973
f 2973/3254/2973 2957/3238/2957 2974/3252/2971
f 2974/3252/2971 2958/3237/2956 2972/3239/2958
f 2974/3252/2971 2972/3239/2958 2959/3240/2959
f 2974/3252/2971 2959/3240/2959 2960/3241/2960
f 2974/3252/2971 2961/3242/2961 2962/3243/2962
f 2974/3252/2971 2964/3245/2964 2965/3246/2965
f 2974/3252/2971 2965/3246/2965 2966/3247/2966
f 2974/3252/2971 2967/3248/2967 2968/3249/2968
f 2974/3252/2971 2970/3251/2970 2971/3253/2972
f 2974/3252/2971 2971/3253/2972 2956/3255/2974
s 241
f 2982/3256/2975 2983/3257/2976 2981/3258/2977
f 2981/3258/2977 2983/3257/2976 2984/3259/2978
f 2981/3258/2977 2984/3259/2978 2987/3260/2979
f 2987/3260/2979 2984/3259/2978 2986/3261/2980
f 2988/3262/2981 2985/3263/2982 2989/3264/2983
f 2989/3264/2983 2985/3263/2982 2990/3265/2984
f 2987/3260/2979 2986/3261/2980 2989/3264/2983
f 2989/3264/2983 2986/3261/2980 2988/3262/2981
f 2991/3266/2985 2990/3265/2984 2992/3267/2986
f 2992/3267/2986 2990/3265/2984 2985/3263/2982
f 2991/3266/2985 2992/3267/2986 2994/3268/2987
f 2994/3268/2987 2992/3267/2986 2993/3269/2988
f 2996/3270/2989 2995/3271/2990 2993/3269/2988
f 2993/3269/2988 2995/3271/2990 2994/3268/2987
f 2998/3272/2991 2995/3271/2990 2997/3273/2992
f 2997/3273/2992 2995/3271/2990 2996/3270/2989
f 2999/3274/2993 2998/3272/2991 3000/3275/2994
f 3000/3275/2994 2998/3272/2991 2997/3273/2992
f 2999/3274/2993 3000/3275/2994 3002/3276/2995
f 3002/3276/2995 3000/3275/2994 3001/3277/2996
f 3006/3278/2997 3003/3279/2998 3005/3280/2999
f 3005/3280/2999 3003/3279/2998 3004/3281/3000
f 3004/3281/3000 3003/3279/2998 3001/3277/2996
f 3001/3277/2996 3003/3279/2998 3002/3276/2995
f 3008/3282/3001 3007/3283/3002 3005/3280/2999
f 3005/3280/2999 3007/3283/3002 3006/3278/2997
f 3007/3283/3002 3008/3282/3001 3010/3284/3003
f 3010/3284/3003 3008/3282/3001 3009/3285/3004
f 2978/3286/3005 3010/3284/3003 2977/3287/3006
f 2977/3287/3006 3010/3284/3003 3009/3285/3004
f 2979/3288/3007 2978/3286/3005 2980/3289/3008
f 2980/3289/3008 2978/3286/3005 2977/3287/3006
f 2975/3290/3009 2979/3288/3007 2976/3291/3010
f 2976/3291/3010 2979/3288/3007 2980/3289/3008
f 2983/3257/2976 2982/3256/2975 2976/3291/3010
f 2976/3291/3010 2982/3256/2975 2975/3290/3009
f 3013/3292/3011 3012/3293/3012 2977/3287/3006
f 2977/3287/3006 3012/3293/3012 2980/3289/3008
f 3027/3294/3013 3013/3292/3011 3009/3285/3004
f 3009/3285/3004 3013/3292/3011 2977/3287/3006
f 3027/3294/3013 3009/3285/3004 3014/3295/3014
f 3014/3295/3014 3009/3285/3004 3008/3282/3001
f 3014/3295/3014 3008/3282/3001 3015/3296/3015
f 3015/3296/3015 3008/3282/3001 3005/3280/2999
f 3016/3297/3016 3015/3296/3015 3004/3281/3000
f 3004/3281/3000 3015/3296/3015 3005/3280/2999
f 3016/3297/3016 3004/3281/3000 3017/3298/3017
f 3017/3298/3017 3004/3281/3000 3001/3277/2996
f 3017/3298/3017 3001/3277/2996 3018/3299/3018
f 3018/3299/3018 3001/3277/2996 3000/3275/2994
f 3018/3299/3018 3000/3275/2994 3019/3300/3019
f 3019/3300/3019 3000/3275/2994 2997/3273/2992
f 3020/3301/3020 3019/3300/3019 2996/3270/2989
f 2996/3270/2989 3019/3300/3019 2997/3273/2992
f 3020/3301/3020 2996/3270/2989 3021/3302/3021
f 3021/3302/3021 2996/3270/2989 2993/3269/2988
f 3022/3303/3022 3021/3302/3021 2992/3267/2986
f 2992/3267/2986 3021/3302/3021 2993/3269/2988
f 3023/3304/3023 3022/3303/3022 2985/3263/2982
f 2985/3263/2982 3022/3303/3022 2992/3267/2986
f 3024/3305/3024 3023/3304/3023 2988/3262/2981
f 2988/3262/2981 3023/3304/3023 2985/3263/2982
f 3024/3305/3024 2988/3262/2981 3025/3306/3025
f 3025/3306/3025 2988/3262/2981 2986/3261/2980
f 3029/3307/3026 3021/3302/3021 3022/3303/3022
f 3025/3306/3025 2986/3261/2980 3026/3308/3027
f 3026/3308/3027 2986/3261/2980 2984/3259/2978
f 3029/3307/3026 3017/3298/3017 3018/3299/3018
f 3029/3307/3026 3024/3305/3024 3025/3306/3025
f 2976/3291/3010 3028/3309/3028 2983/3257/2976
f 2983/3257/2976 3028/3309/3028 3011/3310/3029
f 3026/3308/3027 2984/3259/2978 3011/3310/3029
f 3011/3310/3029 2984/3259/2978 2983/3257/2976
f 3029/3307/3026 3012/3293/3012 3013/3292/3011
f 3029/3307/3026 3015/3296/3015 3016/3297/3016
f 3029/3307/3026 3018/3299/3018 3019/3300/3019
f 3029/3307/3026 3023/3304/3023 3024/3305/3024
f 3029/3307/3026 3011/3310/3029 3028/3309/3028
f 2980/3289/3008 3012/3293/3012 2976/3291/3010
f 2976/3291/3010 3012/3293/3012 3028/3309/3028
f 3028/3309/3028 3012/3293/3012 3029/3307/3026
f 3029/3307/3026 3013/3292/3011 3027/3294/3013
f 3029/3307/3026 3027/3294/3013 3014/3295/3014
f 3029/3307/3026 3014/3295/3014 3015/3296/3015
f 3029/3307/3026 3016/3297/3016 3017/3298/3017
f 3029/3307/3026 3019/3300/3019 3020/3301/3020
f 3029/3307/3026 3020/3301/3020 3021/3302/3021
f 3029/3307/3026 3022/3303/3022 3023/3304/3023
f 3029/3307/3026 3025/3306/3025 3026/3308/3027
f 3029/3307/3026 3026/3308/3027 3011/3310/3029
s 253
f 3037/3311/3030 3038/3312/3031 3036/3313/3032
f 3036/3313/3032 3038/3312/3031 3039/3314/3033
f 3036/3313/3032 3039/3314/3033 3042/3315/3034
f 3042/3315/3034 3039/3314/3033 3041/3316/3035
f 3043/3317/3036 3040/3318/3037 3044/3319/3038
f 3044/3319/3038 3040/3318/3037 3045/3320/3039
f 3042/3315/3034 3041/3316/3035 3044/3319/3038
f 3044/3319/3038 3041/3316/3035 3043/3317/3036
f 3046/3321/3040 3045/3320/3039 3047/3322/3041
f 3047/3322/3041 3045/3320/3039 3040/3318/3037
f 3046/3321/3040 3047/3322/3041 3049/3323/3042
f 3049/3323/3042 3047/3322/3041 3048/3324/3043
f 3051/3325/3044 3050/3326/3045 3048/3324/3043
f 3048/3324/3043 3050/3326/3045 3049/3323/3042
f 3053/3327/3046 3050/3326/3045 3052/3328/3047
f 3052/3328/3047 3050/3326/3045 3051/3325/3044
f 3054/3329/3048 3053/3327/3046 3055/3330/3049
f 3055/3330/3049 3053/3327/3046 3052/3328/3047
f 3054/3329/3048 3055/3330/3049 3057/3331/3050
f 3057/3331/3050 3055/3330/3049 3056/3332/3051
f 3061/3333/3052 3058/3334/3053 3060/3335/3054
f 3060/3335/3054 3058/3334/3053 3059/3336/3055
f 3059/3336/3055 3058/3334/3053 3056/3332/3051
f 3056/3332/3051 3058/3334/3053 3057/3331/3050
f 3063/3337/3056 3062/3338/3057 3060/3335/3054
f 3060/3335/3054 3062/3338/3057 3061/3333/3052
f 3062/3338/3057 3063/3337/3056 3065/3339/3058
f 3065/3339/3058 3063/3337/3056 3064/3340/3059
f 3033/3341/3060 3065/3339/3058 3032/3342/3061
f 3032/3342/3061 3065/3339/3058 3064/3340/3059
f 3034/3343/3062 3033/3341/3060 3035/3344/3063
f 3035/3344/3063 3033/3341/3060 3032/3342/3061
f 3030/3345/3064 3034/3343/3062 3031/3346/3065
f 3031/3346/3065 3034/3343/3062 3035/3344/3063
f 3038/3312/3031 3037/3311/3030 3031/3346/3065
f 3031/3346/3065 3037/3311/3030 3030/3345/3064
f 3068/3347/3066 3067/3348/3067 3032/3342/3061
f 3032/3342/3061 3067/3348/3067 3035/3344/3063
f 3082/3349/3068 3068/3347/3066 3064/3340/3059
f 3064/3340/3059 3068/3347/3066 3032/3342/3061
f 3082/3349/3068 3064/3340/3059 3069/3350/3069
f 3069/3350/3069 3064/3340/3059 3063/3337/3056
f 3069/3350/3069 3063/3337/3056 3070/3351/3070
f 3070/3351/3070 3063/3337/3056 3060/3335/3054
f 3071/3352/3071 3070/3351/3070 3059/3336/3055
f 3059/3336/3055 3070/3351/3070 3060/3335/3054
f 3071/3352/3071 3059/3336/3055 3072/3353/3072
f 3072/3353/3072 3059/3336/3055 3056/3332/3051
f 3072/3353/3072 3056/3332/3051 3073/3354/3073
f 3073/3354/3073 3056/3332/3051 3055/3330/3049
f 3073/3354/3073 3055/3330/3049 3074/3355/3074
f 3074/3355/3074 3055/3330/3049 3052/3328/3047
f 3075/3356/3075 3074/3355/3074 3051/3325/3044
f 3051/3325/3044 3074/3355/3074 3052/3328/3047
f 3075/3356/3075 3051/3325/3044 3076/3357/3076
f 3076/3357/3076 3051/3325/3044 3048/3324/3043
f 3077/3358/3077 3076/3357/3076 3047/3322/3041
f 3047/3322/3041 3076/3357/3076 3048/3324/3043
f 3078/3359/3078 3077/3358/3077 3040/3318/3037
f 3040/3318/3037 3077/3358/3077 3047/3322/3041
f 3079/3360/3079 3078/3359/3078 3043/3317/3036
f 3043/3317/3036 3078/3359/3078 3040/3318/3037
f 3079/3360/3079 3043/3317/3036 3080/3361/3080
f 3080/3361/3080 3043/3317/3036 3041/3316/3035
f 3084/3362/3081 3076/3357/3076 3077/3358/3077
f 3080/3361/3080 3041/3316/3035 3081/3363/3082
f 3081/3363/3082 3041/3316/3035 3039/3314/3033
f 3084/3362/3081 3072/3353/3072 3073/3354/3073
f 3084/3362/3081 3079/3360/3079 3080/3361/3080
f 3031/3346/3065 3083/3364/3083 3038/3312/3031
f 3038/3312/3031 3083/3364/3083 3066/3365/3084
f 3081/3363/3082 3039/3314/3033 3066/3365/3084
f 3066/3365/3084 3039/3314/3033 3038/3312/3031
f 3084/3362/3081 3067/3348/3067 3068/3347/3066
f 3084/3362/3081 3070/3351/3070 3071/3352/3071
f 3084/3362/3081 3073/3354/3073 3074/3355/3074
f 3084/3362/3081 3078/3359/3078 3079/3360/3079
f 3084/3362/3081 3066/3365/3084 3083/3364/3083
f 3035/3344/3063 3067/3348/3067 3031/3346/3065
f 3031/3346/3065 3067/3348/3067 3083/3364/3083
f 3083/3364/3083 3067/3348/3067 3084/3362/3081
f 3084/3362/3081 3068/3347/3066 3082/3349/3068
f 3084/3362/3081 3082/3349/3068 3069/3350/3069
f 3084/3362/3081 3069/3350/3069 3070/3351/3070
f 3084/3362/3081 3071/3352/3071 3072/3353/3072
f 3084/3362/3081 3074/3355/3074 3075/3356/3075
f 3084/3362/3081 3075/3356/3075 3076/3357/3076
f 3084/3362/3081 3077/3358/3077 3078/3359/3078
f 3084/3362/3081 3080/3361/3080 3081/3363/3082
f 3084/3362/3081 3081/3363/3082 3066/3365/3084
s 265
f 3092/3366/3085 3093/3367/3086 3091/3368/3087
f 3091/3368/3087 3093/3367/3086 3094/3369/3088
f 3091/3368/3087 3094/3369/3088 3097/3370/3089
f 3097/3370/3089 3094/3369/3088 3096/3371/3090
f 3098/3372/3091 3095/3373/3092 3099/3374/3093
f 3099/3374/3093 3095/3373/3092 3100/3375/3094
f 3097/3370/3089 3096/3371/3090 3099/3374/3093
f 3099/3374/3093 3096/3371/3090 3098/3372/3091
f 3101/3376/3095 3100/3375/3094 3102/3377/3096
f 3102/3377/3096 3100/3375/3094 3095/3373/3092
f 3101/3376/3095 3102/3377/3096 3104/3378/3097
f 3104/3378/3097 3102/3377/3096 3103/3379/3098
f 3106/3380/3099 3105/3381/3100 3103/3379/3098
f 3103/3379/3098 3105/3381/3100 3104/3378/3097
f 3108/3382/3101 3105/3381/3100 3107/3383/3102
f 3107/3383/3102 3105/3381/3100 3106/3380/3099
f 3109/3384/3103 3108/3382/3101 3110/3385/3104
f 3110/3385/3104 3108/3382/3101 3107/3383/3102
f 3109/3384/3103 3110/3385/3104 3112/3386/3105
f 3112/3386/3105 3110/3385/3104 3111/3387/3106
f 3116/3388/3107 3113/3389/3108 3115/3390/3109
f 3115/3390/3109 3113/3389/3108 3114/3391/3110
f 3114/3391/3110 3113/3389/3108 3111/3387/3106
f 3111/3387/3106 3113/3389/3108 3112/3386/3105
f 3118/3392/3111 3117/3393/3112 3115/3390/3109
f 3115/3390/3109 3117/3393/3112 3116/3388/3107
f 3117/3393/3112 3118/3392/3111 3120/3394/3113
f 3120/3394/3113 3118/3392/3111 3119/3395/3114
f 3088/3396/3115 3120/3394/3113 3087/3397/3116
f 3087/3397/3116 3120/3394/3113 3119/3395/3114
f 3089/3398/3117 3088/3396/3115 3090/3399/3118
f 3090/3399/3118 3088/3396/3115 3087/3397/3116
f 3085/3400/3119 3089/3398/3117 3086/3401/3120
f 3086/3401/3120 3089/3398/3117 3090/3399/3118
f 3093/3367/3086 3092/3366/3085 3086/3401/3120
f 3086/3401/3120 3092/3366/3085 3085/3400/3119
f 3123/3402/3121 3122/3403/3122 3087/3397/3116
f 3087/3397/3116 3122/3403/3122 3090/3399/3118
f 3137/3404/3123 3123/3402/3121 3119/3395/3114
f 3119/3395/3114 3123/3402/3121 3087/3397/3116
f 3137/3404/3123 3119/3395/3114 3124/3405/3124
f 3124/3405/3124 3119/3395/3114 3118/3392/3111
f 3124/3405/3124 3118/3392/3111 3125/3406/3125
f 3125/3406/3125 3118/3392/3111 3115/3390/3109
f 3126/3407/3126 3125/3406/3125 3114/3391/3110
f 3114/3391/3110 3125/3406/3125 3115/3390/3109
f 3126/3407/3126 3114/3391/3110 3127/3408/3127
f 3127/3408/3127 3114/3391/3110 3111/3387/3106
f 3127/3408/3127 3111/3387/3106 3128/3409/3128
f 3128/3409/3128 3111/3387/3106 3110/3385/3104
f 3128/3409/3128 3110/3385/3104 3129/3410/3129
f 3129/3410/3129 3110/3385/3104 3107/3383/3102
f 3130/3411/3130 3129/3410/3129 3106/3380/3099
f 3106/3380/3099 3129/3410/3129 3107/3383/3102
f 3130/3411/3130 3106/3380/3099 3131/3412/3131
f 3131/3412/3131 3106/3380/3099 3103/3379/3098
f 3132/3413/3132 3131/3412/3131 3102/3377/3096
f 3102/3377/3096 3131/3412/3131 3103/3379/3098
f 3133/3414/3133 3132/3413/3132 3095/3373/3092
f 3095/3373/3092 3132/3413/3132 3102/3377/3096
f 3134/3415/3134 3133/3414/3133 3098/3372/3091
f 3098/3372/3091 3133/3414/3133 3095/3373/3092
f 3134/3415/3134 3098/3372/3091 3135/3416/3135
f 3135/3416/3135 3098/3372/3091 3096/3371/3090
f 3139/3417/3136 3131/3412/3131 3132/3413/3132
f 3135/3416/3135 3096/3371/3090 3136/3418/3137
f 3136/3418/3137 3096/3371/3090 3094/3369/3088
f 3139/3417/3136 3127/3408/3127 3128/3409/3128
f 3139/3417/3136 3134/3415/3134 3135/3416/3135
f 3086/3401/3120 3138/3419/3138 3093/3367/3086
f 3093/3367/3086 3138/3419/3138 3121/3420/3139
f 3136/3418/3137 3094/3369/3088 3121/3420/3139
f 3121/3420/3139 3094/3369/3088 3093/3367/3086
f 3139/3417/3136 3122/3403/3122 3123/3402/3121
f 3139/3417/3136 3125/3406/3125 3126/3407/3126
f 3139/3417/3136 3128/3409/3128 3129/3410/3129
f 3139/3417/3136 3133/3414/3133 3134/3415/3134
f 3139/3417/3136 3121/3420/3139 3138/3419/3138
f 3090/3399/3118 3122/3403/3122 3086/3401/3120
f 3086/3401/3120 3122/3403/3122 3138/3419/3138
f 3138/3419/3138 3122/3403/3122 3139/3417/3136
f 3139/3417/3136 3123/3402/3121 3137/3404/3123
f 3139/3417/3136 3137/3404/3123 3124/3405/3124
f 3139/3417/3136 3124/3405/3124 3125/3406/3125
f 3139/3417/3136 3126/3407/3126 3127/3408/3127
f 3139/3417/3136 3129/3410/3129 3130/3411/3130
f 3139/3417/3136 3130/3411/3130 3131/3412/3131
f 3139/3417/3136 3132/3413/3132 3133/3414/3133
f 3139/3417/3136 3135/3416/3135 3136/3418/3137
f 3139/3417/3136 3136/3418/3137 3121/3420/3139
s 277
f 3147/3421/3140 3148/3422/3141 3146/3423/3142
f 3146/3423/3142 3148/3422/3141 3149/3424/3143
f 3146/3423/3142 3149/3424/3143 3152/3425/3144
f 3152/3425/3144 3149/3424/3143 3151/3426/3145
f 3153/3427/3146 3150/3428/3147 3154/3429/3148
f 3154/3429/3148 3150/3428/3147 3155/3430/3149
f 3152/3425/3144 3151/3426/3145 3154/3429/3148
f 3154/3429/3148 3151/3426/3145 3153/3427/3146
f 3156/3431/3150 3155/3430/3149 3157/3432/3151
f 3157/3432/3151 3155/3430/3149 3150/3428/3147
f 3156/3431/3150 3157/3432/3151 3159/3433/3152
f 3159/3433/3152 3157/3432/3151 3158/3434/3153
f 3161/3435/3154 3160/3436/3155 3158/3434/3153
f 3158/3434/3153 3160/3436/3155 3159/3433/3152
f 3163/3437/3156 3160/3436/3155 3162/3438/3157
f 3162/3438/3157 3160/3436/3155 3161/3435/3154
f 3164/3439/3158 3163/3437/3156 3165/3440/3159
f 3165/3440/3159 3163/3437/3156 3162/3438/3157
f 3164/3439/3158 3165/3440/3159 3167/3441/3160
f 3167/3441/3160 3165/3440/3159 3166/3442/3161
f 3171/3443/3162 3168/3444/3163 3170/3445/3164
f 3170/3445/3164 3168/3444/3163 3169/3446/3165
f 3169/3446/3165 3168/3444/3163 3166/3442/3161
f 3166/3442/3161 3168/3444/3163 3167/3441/3160
f 3173/3447/3166 3172/3448/3167 3170/3445/3164
f 3170/3445/3164 3172/3448/3167 3171/3443/3162
f 3172/3448/3167 3173/3447/3166 3175/3449/3168
f 3175/3449/3168 3173/3447/3166 3174/3450/3169
f 3143/3451/3170 3175/3449/3168 3142/3452/3171
f 3142/3452/3171 3175/3449/3168 3174/3450/3169
f 3144/3453/3172 3143/3451/3170 3145/3454/3173
f 3145/3454/3173 3143/3451/3170 3142/3452/3171
f 3140/3455/3174 3144/3453/3172 3141/3456/3175
f 3141/3456/3175 3144/3453/3172 3145/3454/3173
f 3148/3422/3141 3147/3421/3140 3141/3456/3175
f 3141/3456/3175 3147/3421/3140 3140/3455/3174
f 3178/3457/3176 3177/3458/3177 3142/3452/3171
f 3142/3452/3171 3177/3458/3177 3145/3454/3173
f 3192/3459/3178 3178/3457/3176 3174/3450/3169
f 3174/3450/3169 3178/3457/3176 3142/3452/3171
f 3192/3459/3178 3174/3450/3169 3179/3460/3179
f 3179/3460/3179 3174/3450/3169 3173/3447/3166
f 3179/3460/3179 3173/3447/3166 3180/3461/3180
f 3180/3461/3180 3173/3447/3166 3170/3445/3164
f 3181/3462/3181 3180/3461/3180 3169/3446/3165
f 3169/3446/3165 3180/3461/3180 3170/3445/3164
f 3181/3462/3181 3169/3446/3165 3182/3463/3182
f 3182/3463/3182 3169/3446/3165 3166/3442/3161
f 3182/3463/3182 3166/3442/3161 3183/3464/3183
f 3183/3464/3183 3166/3442/3161 3165/3440/3159
f 3183/3464/3183 3165/3440/3159 3184/3465/3184
f 3184/3465/3184 3165/3440/3159 3162/3438/3157
f 3185/3466/3185 3184/3465/3184 3161/3435/3154
f 3161/3435/3154 3184/3465/3184 3162/3438/3157
f 3185/3466/3185 3161/3435/3154 3186/3467/3186
f 3186/3467/3186 3161/3435/3154 3158/3434/3153
f 3187/3468/3187 3186/3467/3186 3157/3432/3151
f 3157/3432/3151 3186/3467/3186 3158/3434/3153
f 3188/3469/3188 3187/3468/3187 3150/3428/3147
f 3150/3428/3147 3187/3468/3187 3157/3432/3151
f 3189/3470/3189 3188/3469/3188 3153/3427/3146
f 3153/3427/3146 3188/3469/3188 3150/3428/3147
f 3189/3470/3189 3153/3427/3146 3190/3471/3190
f 3190/3471/3190 3153/3427/3146 3151/3426/3145
f 3194/3472/3191 3186/3467/3186 3187/3468/3187
f 3190/3471/3190 3151/3426/3145 3191/3473/3192
f 3191/3473/3192 3151/3426/3145 3149/3424/3143
f 3194/3472/3191 3182/3463/3182 3183/3464/3183
f 3194/3472/3191 3189/3470/3189 3190/3471/3190
f 3141/3456/3175 3193/3474/3193 3148/3422/3141
f 3148/3422/3141 3193/3474/3193 3176/3475/3194
f 3191/3473/3192 3149/3424/3143 3176/3475/3194
f 3176/3475/3194 3149/3424/3143 3148/3422/3141
f 3194/3472/3191 3177/3458/3177 3178/3457/3176
f 3194/3472/3191 3180/3461/3180 3181/3462/3181
f 3194/3472/3191 3183/3464/3183 3184/3465/3184
f 3194/3472/3191 3188/3469/3188 3189/3470/3189
f 3194/3472/3191 3176/3475/3194 3193/3474/3193
f 3145/3454/3173 3177/3458/3177 3141/3456/3175
f 3141/3456/3175 3177/3458/3177 3193/3474/3193
f 3193/3474/3193 3177/3458/3177 3194/3472/3191
f 3194/3472/3191 3178/3457/3176 3192/3459/3178
f 3194/3472/3191 3192/3459/3178 3179/3460/3179
f 3194/3472/3191 3179/3460/3179 3180/3461/3180
f 3194/3472/3191 3181/3462/3181 3182/3463/3182
f 3194/3472/3191 3184/3465/3184 3185/3466/3185
f 3194/3472/3191 3185/3466/3185 3186/3467/3186
f 3194/3472/3191 3187/3468/3187 3188/3469/3188
f 3194/3472/3191 3190/3471/3190 3191/3473/3192
f 3194/3472/3191 3191/3473/3192 3176/3475/3194
s 289
f 3202/3476/3195 3203/3477/3196 3201/3478/3197
f 3201/3478/3197 3203/3477/3196 3204/3479/3198
f 3201/3478/3197 3204/3479/3198 3207/3480/3199
f 3207/3480/3199 3204/3479/3198 3206/3481/3200
f 3208/3482/3201 3205/3483/3202 3209/3484/3203
f 3209/3484/3203 3205/3483/3202 3210/3485/3204
f 3207/3480/3199 3206/3481/3200 3209/3484/3203
f 3209/3484/3203 3206/3481/3200 3208/3482/3201
f 3211/3486/3205 3210/3485/3204 3212/3487/3206
f 3212/3487/3206 3210/3485/3204 3205/3483/3202
f 3211/3486/3205 3212/3487/3206 3214/3488/3207
f 3214/3488/3207 3212/3487/3206 3213/3489/3208
f 3216/3490/3209 3215/3491/3210 3213/3489/3208
f 3213/3489/3208 3215/3491/3210 3214/3488/3207
f 3218/3492/3211 3215/3491/3210 3217/3493/3212
f 3217/3493/3212 3215/3491/3210 3216/3490/3209
f 3219/3494/3213 3218/3492/3211 3220/3495/3214
f 3220/3495/3214 3218/3492/3211 3217/3493/3212
f 3219/3494/3213 3220/3495/3214 3222/3496/3215
f 3222/3496/3215 3220/3495/3214 3221/3497/3216
f 3226/3498/3217 3223/3499/3218 3225/3500/3219
f 3225/3500/3219 3223/3499/3218 3224/3501/3220
f 3224/3501/3220 3223/3499/3218 3221/3497/3216
f 3221/3497/3216 3223/3499/3218 3222/3496/3215
f 3228/3502/3221 3227/3503/3222 3225/3500/3219
f 3225/3500/3219 3227/3503/3222 3226/3498/3217
f 3227/3503/3222 3228/3502/3221 3230/3504/3223
f 3230/3504/3223 3228/3502/3221 3229/3505/3224
f 3198/3506/3225 3230/3504/3223 3197/3507/3226
f 3197/3507/3226 3230/3504/3223 3229/3505/3224
f 3199/3508/3227 3198/3506/3225 3200/3509/3228
f 3200/3509/3228 3198/3506/3225 3197/3507/3226
f 3195/3510/3229 3199/3508/3227 3196/3511/3230
f 3196/3511/3230 3199/3508/3227 3200/3509/3228
f 3203/3477/3196 3202/3476/3195 3196/3511/3230
f 3196/3511/3230 3202/3476/3195 3195/3510/3229
f 3233/3512/3231 3232/3513/3232 3197/3507/3226
f 3197/3507/3226 3232/3513/3232 3200/3509/3228
f 3247/3514/3233 3233/3512/3231 3229/3505/3224
f 3229/3505/3224 3233/3512/3231 3197/3507/3226
f 3247/3514/3233 3229/3505/3224 3234/3515/3234
f 3234/3515/3234 3229/3505/3224 3228/3502/3221
f 3234/3515/3234 3228/3502/3221 3235/3516/3235
f 3235/3516/3235 3228/3502/3221 3225/3500/3219
f 3236/3517/3236 3235/3516/3235 3224/3501/3220
f 3224/3501/3220 3235/3516/3235 3225/3500/3219
f 3236/3517/3236 3224/3501/3220 3237/3518/3237
f 3237/3518/3237 3224/3501/3220 3221/3497/3216
f 3237/3518/3237 3221/3497/3216 3238/3519/3238
f 3238/3519/3238 3221/3497/3216 3220/3495/3214
f 3238/3519/3238 3220/3495/3214 3239/3520/3239
f 3239/3520/3239 3220/3495/3214 3217/3493/3212
f 3240/3521/3240 3239/3520/3239 3216/3490/3209
f 3216/3490/3209 3239/3520/3239 3217/3493/3212
f 3240/3521/3240 3216/3490/3209 3241/3522/3241
f 3241/3522/3241 3216/3490/3209 3213/3489/3208
f 3242/3523/3242 3241/3522/3241 3212/3487/3206
f 3212/3487/3206 3241/3522/3241 3213/3489/3208
f 3243/3524/3243 3242/3523/3242 3205/3483/3202
f 3205/3483/3202 3242/3523/3242 3212/3487/3206
f 3244/3525/3244 3243/3524/3243 3208/3482/3201
f 3208/3482/3201 3243/3524/3243 3205/3483/3202
f 3244/3525/3244 3208/3482/3201 3245/3526/3245
f 3245/3526/3245 3208/3482/3201 3206/3481/3200
f 3249/3527/3246 3241/3522/3241 3242/3523/3242
f 3245/3526/3245 3206/3481/3200 3246/3528/3247
f 3246/3528/3247 3206/3481/3200 3204/3479/3198
f 3249/3527/3246 3237/3518/3237 3238/3519/3238
f 3249/3527/3246 3244/3525/3244 3245/3526/3245
f 3196/3511/3230 3248/3529/3248 3203/3477/3196
f 3203/3477/3196 3248/3529/3248 3231/3530/3249
f 3246/3528/3247 3204/3479/3198 3231/3530/3249
f 3231/3530/3249 3204/3479/3198 3203/3477/3196
f 3249/3527/3246 3232/3513/3232 3233/3512/3231
f 3249/3527/3246 3235/3516/3235 3236/3517/3236
f 3249/3527/3246 3238/3519/3238 3239/3520/3239
f 3249/3527/3246 3243/3524/3243 3244/3525/3244
f 3249/3527/3246 3231/3530/3249 3248/3529/3248
f 3200/3509/3228 3232/3513/3232 3196/3511/3230
f 3196/3511/3230 3232/3513/3232 3248/3529/3248
f 3248/3529/3248 3232/3513/3232 3249/3527/3246
f 3249/3527/3246 3233/3512/3231 3247/3514/3233
f 3249/3527/3246 3247/3514/3233 3234/3515/3234
f 3249/3527/3246 3234/3515/3234 3235/3516/3235
f 3249/3527/3246 3236/3517/3236 3237/3518/3237
f 3249/3527/3246 3239/3520/3239 3240/3521/3240
f 3249/3527/3246 3240/3521/3240 3241/3522/3241
f 3249/3527/3246 3242/3523/3242 3243/3524/3243
f 3249/3527/3246 3245/3526/3245 3246/3528/3247
f 3249/3527/3246 3246/3528/3247 3231/3530/3249
s 301
f 3257/3531/3250 3258/3532/3251 3256/3533/3252
f 3256/3533/3252 3258/3532/3251 3259/3534/3253
f 3256/3533/3252 3259/3534/3253 3262/3535/3254
f 3262/3535/3254 3259/3534/3253 3261/3536/3255
f 3263/3537/3256 3260/3538/3257 3264/3539/3258
f 3264/3539/3258 3260/3538/3257 3265/3540/3259
f 3262/3535/3254 3261/3536/3255 3264/3539/3258
f 3264/3539/3258 3261/3536/3255 3263/3537/3256
f 3266/3541/3260 3265/3540/3259 3267/3542/3261
f 3267/3542/3261 3265/3540/3259 3260/3538/3257
f 3266/3541/3260 3267/3542/3261 3269/3543/3262
f 3269/3543/3262 3267/3542/3261 3268/3544/3263
f 3271/3545/3264 3270/3546/3265 3268/3544/3263
f 3268/3544/3263 3270/3546/3265 3269/3543/3262
f 3273/3547/3266 3270/3546/3265 3272/3548/3267
f 3272/3548/3267 3270/3546/3265 3271/3545/3264
f 3274/3549/3268 3273/3547/3266 3275/3550/3269
f 3275/3550/3269 3273/3547/3266 3272/3548/3267
f 3274/3549/3268 3275/3550/3269 3277/3551/3270
f 3277/3551/3270 3275/3550/3269 3276/3552/3271
f 3281/3553/3272 3278/3554/3273 3280/3555/3274
f 3280/3555/3274 3278/3554/3273 3279/3556/3275
f 3279/3556/3275 3278/3554/3273 3276/3552/3271
f 3276/3552/3271 3278/3554/3273 3277/3551/3270
f 3283/3557/3276 3282/3558/3277 3280/3555/3274
f 3280/3555/3274 3282/3558/3277 3281/3553/3272
f 3282/3558/3277 3283/3557/3276 3285/3559/3278
f 3285/3559/3278 3283/3557/3276 3284/3560/3279
f 3253/3561/3280 3285/3559/3278 3252/3562/3281
f 3252/3562/3281 3285/3559/3278 3284/3560/3279
f 3254/3563/3282 3253/3561/3280 3255/3564/3283
f 3255/3564/3283 3253/3561/3280 3252/3562/3281
f 3250/3565/3284 3254/3563/3282 3251/3566/3285
f 3251/3566/3285 3254/3563/3282 3255/3564/3283
f 3258/3532/3251 3257/3531/3250 3251/3566/3285
f 3251/3566/3285 3257/3531/3250 3250/3565/3284
f 3288/3567/3286 3287/3568/3287 3252/3562/3281
f 3252/3562/3281 3287/3568/3287 3255/3564/3283
f 3302/3569/3288 3288/3567/3286 3284/3560/3279
f 3284/3560/3279 3288/3567/3286 3252/3562/3281
f 3302/3569/3288 3284/3560/3279 3289/3570/3289
f 3289/3570/3289 3284/3560/3279 3283/3557/3276
f 3289/3570/3289 3283/3557/3276 3290/3571/3290
f 3290/3571/3290 3283/3557/3276 3280/3555/3274
f 3291/3572/3291 3290/3571/3290 3279/3556/3275
f 3279/3556/3275 3290/3571/3290 3280/3555/3274
f 3291/3572/3291 3279/3556/3275 3292/3573/3292
f 3292/3573/3292 3279/3556/3275 3276/3552/3271
f 3292/3573/3292 3276/3552/3271 3293/3574/3293
f 3293/3574/3293 3276/3552/3271 3275/3550/3269
f 3293/3574/3293 3275/3550/3269 3294/3575/3294
f 3294/3575/3294 3275/3550/3269 3272/3548/3267
f 3295/3576/3295 3294/3575/3294 3271/3545/3264
f 3271/3545/3264 3294/3575/3294 3272/3548/3267
f 3295/3576/3295 3271/3545/3264 3296/3577/3296
f 3296/3577/3296 3271/3545/3264 3268/3544/3263
f 3297/3578/3297 3296/3577/3296 3267/3542/3261
f 3267/3542/3261 3296/3577/3296 3268/3544/3263
f 3298/3579/3298 3297/3578/3297 3260/3538/3257
f 3260/3538/3257 3297/3578/3297 3267/3542/3261
f 3299/3580/3299 3298/3579/3298 3263/3537/3256
f 3263/3537/3256 3298/3579/3298 3260/3538/3257
f 3299/3580/3299 3263/3537/3256 3300/3581/3300
f 3300/3581/3300 3263/3537/3256 3261/3536/3255
f 3304/3582/3301 3296/3577/3296 3297/3578/3297
f 3300/3581/3300 3261/3536/3255 3301/3583/3302
f 3301/3583/3302 3261/3536/3255 3259/3534/3253
f 3304/3582/3301 3292/3573/3292 3293/3574/3293
f 3304/3582/3301 3299/3580/3299 3300/3581/3300
f 3251/3566/3285 3303/3584/3303 3258/3532/3251
f 3258/3532/3251 3303/3584/3303 3286/3585/3304
f 3301/3583/3302 3259/3534/3253 3286/3585/3304
f 3286/3585/3304 3259/3534/3253 3258/3532/3251
f 3304/3582/3301 3287/3568/3287 3288/3567/3286
f 3304/3582/3301 3290/3571/3290 3291/3572/3291
f 3304/3582/3301 3293/3574/3293 3294/3575/3294
f 3304/3582/3301 3298/3579/3298 3299/3580/3299
f 3304/3582/3301 3286/3585/3304 3303/3584/3303
f 3255/3564/3283 3287/3568/3287 3251/3566/3285
f 3251/3566/3285 3287/3568/3287 3303/3584/3303
f 3303/3584/3303 3287/3568/3287 3304/3582/3301
f 3304/3582/3301 3288/3567/3286 3302/3569/3288
f 3304/3582/3301 3302/3569/3288 3289/3570/3289
f 3304/3582/3301 3289/3570/3289 3290/3571/3290
f 3304/3582/3301 3291/3572/3291 3292/3573/3292
f 3304/3582/3301 3294/3575/3294 3295/3576/3295
f 3304/3582/3301 3295/3576/3295 3296/3577/3296
f 3304/3582/3301 3297/3578/3297 3298/3579/3298
f 3304/3582/3301 3300/3581/3300 3301/3583/3302
f 3304/3582/3301 3301/3583/3302 3286/3585/3304
s 313
f 3312/3586/3305 3313/3587/3306 3311/3588/3307
f 3311/3588/3307 3313/3587/3306 3314/3589/3308
f 3311/3588/3307 3314/3589/3308 3317/3590/3309
f 3317/3590/3309 3314/3589/3308 3316/3591/3310
f 3318/3592/3311 3315/3593/3312 3319/3594/3313
f 3319/3594/3313 3315/3593/3312 3320/3595/3314
f 3317/3590/3309 3316/3591/3310 3319/3594/3313
f 3319/3594/3313 3316/3591/3310 3318/3592/3311
f 3321/3596/3315 3320/3595/3314 3322/3597/3316
f 3322/3597/3316 3320/3595/3314 3315/3593/3312
f 3321/3596/3315 3322/3597/3316 3324/3598/3317
f 3324/3598/3317 3322/3597/3316 3323/3599/3318
f 3326/3600/3319 3325/3601/3320 3323/3599/3318
f 3323/3599/3318 3325/3601/3320 3324/3598/3317
f 3328/3602/3321 3325/3601/3320 3327/3603/3322
f 3327/3603/3322 3325/3601/3320 3326/3600/3319
f 3329/3604/3323 3328/3602/3321 3330/3605/3324
f 3330/3605/3324 3328/3602/3321 3327/3603/3322
f 3329/3604/3323 3330/3605/3324 3332/3606/3325
f 3332/3606/3325 3330/3605/3324 3331/3607/3326
f 3336/3608/3327 3333/3609/3328 3335/3610/3329
f 3335/3610/3329 3333/3609/3328 3334/3611/3330
f 3334/3611/3330 3333/3609/3328 3331/3607/3326
f 3331/3607/3326 3333/3609/3328 3332/3606/3325
f 3338/3612/3331 3337/3613/3332 3335/3610/3329
f 3335/3610/3329 3337/3613/3332 3336/3608/3327
f 3337/3613/3332 3338/3612/3331 3340/3614/3333
f 3340/3614/3333 3338/3612/3331 3339/3615/3334
f 3308/3616/3335 3340/3614/3333 3307/3617/3336
f 3307/3617/3336 3340/3614/3333 3339/3615/3334
f 3309/3618/3337 3308/3616/3335 3310/3619/3338
f 3310/3619/3338 3308/3616/3335 3307/3617/3336
f 3305/3620/3339 3309/3618/3337 3306/3621/3340
f 3306/3621/3340 3309/3618/3337 3310/3619/3338
f 3313/3587/3306 3312/3586/3305 3306/3621/3340
f 3306/3621/3340 3312/3586/3305 3305/3620/3339
f 3343/3622/3341 3342/3623/3342 3307/3617/3336
f 3307/3617/3336 3342/3623/3342 3310/3619/3338
f 3357/3624/3343 3343/3622/3341 3339/3615/3334
f 3339/3615/3334 3343/3622/3341 3307/3617/3336
f 3357/3624/3343 3339/3615/3334 3344/3625/3344
f 3344/3625/3344 3339/3615/3334 3338/3612/3331
f 3344/3625/3344 3338/3612/3331 3345/3626/3345
f 3345/3626/3345 3338/3612/3331 3335/3610/3329
f 3346/3627/3346 3345/3626/3345 3334/3611/3330
f 3334/3611/3330 3345/3626/3345 3335/3610/3329
f 3346/3627/3346 3334/3611/3330 3347/3628/3347
f 3347/3628/3347 3334/3611/3330 3331/3607/3326
f 3347/3628/3347 3331/3607/3326 3348/3629/3348
f 3348/3629/3348 3331/3607/3326 3330/3605/3324
f 3348/3629/3348 3330/3605/3324 3349/3630/3349
f 3349/3630/3349 3330/3605/3324 3327/3603/3322
f 3350/3631/3350 3349/3630/3349 3326/3600/3319
f 3326/3600/3319 3349/3630/3349 3327/3603/3322
f 3350/3631/3350 3326/3600/3319 3351/3632/3351
f 3351/3632/3351 3326/3600/3319 3323/3599/3318
f 3352/3633/3352 3351/3632/3351 3322/3597/3316
f 3322/3597/3316 3351/3632/3351 3323/3599/3318
f 3353/3634/3353 3352/3633/3352 3315/3593/3312
f 3315/3593/3312 3352/3633/3352 3322/3597/3316
f 3354/3635/3354 3353/3634/3353 3318/3592/3311
f 3318/3592/3311 3353/3634/3353 3315/3593/3312
f 3354/3635/3354 3318/3592/3311 3355/3636/3355
f 3355/3636/3355 3318/3592/3311 3316/3591/3310
f 3359/3637/3356 3351/3632/3351 3352/3633/3352
f 3355/3636/3355 3316/3591/3310 3356/3638/3357
f 3356/3638/3357 3316/3591/3310 3314/3589/3308
f 3359/3637/3356 3347/3628/3347 3348/3629/3348
f 3359/3637/3356 3354/3635/3354 3355/3636/3355
f 3306/3621/3340 3358/3639/3358 3313/3587/3306
f 3313/3587/3306 3358/3639/3358 3341/3640/3359
f 3356/3638/3357 3314/3589/3308 3341/3640/3359
f 3341/3640/3359 3314/3589/3308 3313/3587/3306
f 3359/3637/3356 3342/3623/3342 3343/3622/3341
f 3359/3637/3356 3345/3626/3345 3346/3627/3346
f 3359/3637/3356 3348/3629/3348 3349/3630/3349
f 3359/3637/3356 3353/3634/3353 3354/3635/3354
f 3359/3637/3356 3341/3640/3359 3358/3639/3358
f 3310/3619/3338 3342/3623/3342 3306/3621/3340
f 3306/3621/3340 3342/3623/3342 3358/3639/3358
f 3358/3639/3358 3342/3623/3342 3359/3637/3356
f 3359/3637/3356 3343/3622/3341 3357/3624/3343
f 3359/3637/3356 3357/3624/3343 3344/3625/3344
f 3359/3637/3356 3344/3625/3344 3345/3626/3345
f 3359/3637/3356 3346/3627/3346 3347/3628/3347
f 3359/3637/3356 3349/3630/3349 3350/3631/3350
f 3359/3637/3356 3350/3631/3350 3351/3632/3351
f 3359/3637/3356 3352/3633/3352 3353/3634/3353
f 3359/3637/3356 3355/3636/3355 3356/3638/3357
f 3359/3637/3356 3356/3638/3357 3341/3640/3359
s 325
f 3367/3641/3360 3368/3642/3361 3366/3643/3362
f 3366/3643/3362 3368/3642/3361 3369/3644/3363
f 3366/3643/3362 3369/3644/3363 3372/3645/3364
f 3372/3645/3364 3369/3644/3363 3371/3646/3365
f 3373/3647/3366 3370/3648/3367 3374/3649/3368
f 3374/3649/3368 3370/3648/3367 3375/3650/3369
f 3372/3645/3364 3371/3646/3365 3374/3649/3368
f 3374/3649/3368 3371/3646/3365 3373/3647/3366
f 3376/3651/3370 3375/3650/3369 3377/3652/3371
f 3377/3652/3371 3375/3650/3369 3370/3648/3367
f 3376/3651/3370 3377/3652/3371 3379/3653/3372
f 3379/3653/3372 3377/3652/3371 3378/3654/3373
f 3381/3655/3374 3380/3656/3375 3378/3654/3373
f 3378/3654/3373 3380/3656/3375 3379/3653/3372
f 3383/3657/3376 3380/3656/3375 3382/3658/3377
f 3382/3658/3377 3380/3656/3375 3381/3655/3374
f 3384/3659/3378 3383/3657/3376 3385/3660/3379
f 3385/3660/3379 3383/3657/3376 3382/3658/3377
f 3384/3659/3378 3385/3660/3379 3387/3661/3380
f 3387/3661/3380 3385/3660/3379 3386/3662/3381
f 3391/3663/3382 3388/3664/3383 3390/3665/3384
f 3390/3665/3384 3388/3664/3383 3389/3666/3385
f 3389/3666/3385 3388/3664/3383 3386/3662/3381
f 3386/3662/3381 3388/3664/3383 3387/3661/3380
f 3393/3667/3386 3392/3668/3387 3390/3665/3384
f 3390/3665/3384 3392/3668/3387 3391/3663/3382
f 3392/3668/3387 3393/3667/3386 3395/3669/3388
f 3395/3669/3388 3393/3667/3386 3394/3670/3389
f 3363/3671/3390 3395/3669/3388 3362/3672/3391
f 3362/3672/3391 3395/3669/3388 3394/3670/3389
f 3364/3673/3392 3363/3671/3390 3365/3674/3393
f 3365/3674/3393 3363/3671/3390 3362/3672/3391
f 3360/3675/3394 3364/3673/3392 3361/3676/3395
f 3361/3676/3395 3364/3673/3392 3365/3674/3393
f 3368/3642/3361 3367/3641/3360 3361/3676/3395
f 3361/3676/3395 3367/3641/3360 3360/3675/3394
f 3398/3677/3396 3397/3678/3397 3362/3672/3391
f 3362/3672/3391 3397/3678/3397 3365/3674/3393
f 3412/3679/3398 3398/3677/3396 3394/3670/3389
f 3394/3670/3389 3398/3677/3396 3362/3672/3391
f 3412/3679/3398 3394/3670/3389 3399/3680/3399
f 3399/3680/3399 3394/3670/3389 3393/3667/3386
f 3399/3680/3399 3393/3667/3386 3400/3681/3400
f 3400/3681/3400 3393/3667/3386 3390/3665/3384
f 3401/3682/3401 3400/3681/3400 3389/3666/3385
f 3389/3666/3385 3400/3681/3400 3390/3665/3384
f 3401/3682/3401 3389/3666/3385 3402/3683/3402
f 3402/3683/3402 3389/3666/3385 3386/3662/3381
f 3402/3683/3402 3386/3662/3381 3403/3684/3403
f 3403/3684/3403 3386/3662/3381 3385/3660/3379
f 3403/3684/3403 3385/3660/3379 3404/3685/3404
f 3404/3685/3404 3385/3660/3379 3382/3658/3377
f 3405/3686/3405 3404/3685/3404 3381/3655/3374
f 3381/3655/3374 3404/3685/3404 3382/3658/3377
f 3405/3686/3405 3381/3655/3374 3406/3687/3406
f 3406/3687/3406 3381/3655/3374 3378/3654/3373
f 3407/3688/3407 3406/3687/3406 3377/3652/3371
f 3377/3652/3371 3406/3687/3406 3378/3654/3373
f 3408/3689/3408 3407/3688/3407 3370/3648/3367
f 3370/3648/3367 3407/3688/3407 3377/3652/3371
f 3409/3690/3409 3408/3689/3408 3373/3647/3366
f 3373/3647/3366 3408/3689/3408 3370/3648/3367
f 3409/3690/3409 3373/3647/3366 3410/3691/3410
f 3410/3691/3410 3373/3647/3366 3371/3646/3365
f 3414/3692/3411 3406/3687/3406 3407/3688/3407
f 3410/3691/3410 3371/3646/3365 3411/3693/3412
f 3411/3693/3412 3371/3646/3365 3369/3644/3363
f 3414/3692/3411 3402/3683/3402 3403/3684/3403
f 3414/3692/3411 3409/3690/3409 3410/3691/3410
f 3361/3676/3395 3413/3694/3413 3368/3642/3361
f 3368/3642/3361 3413/3694/3413 3396/3695/3414
f 3411/3693/3412 3369/3644/3363 3396/3695/3414
f 3396/3695/3414 3369/3644/3363 3368/3642/3361
f 3414/3692/3411 3397/3678/3397 3398/3677/3396
f 3414/3692/3411 3400/3681/3400 3401/3682/3401
f 3414/3692/3411 3403/3684/3403 3404/3685/3404
f 3414/3692/3411 3408/3689/3408 3409/3690/3409
f 3414/3692/3411 3396/3695/3414 3413/3694/3413
f 3365/3674/3393 3397/3678/3397 3361/3676/3395
f 3361/3676/3395 3397/3678/3397 3413/3694/3413
f 3413/3694/3413 3397/3678/3397 3414/3692/3411
f 3414/3692/3411 3398/3677/3396 3412/3679/3398
f 3414/3692/3411 3412/3679/3398 3399/3680/3399
f 3414/3692/3411 3399/3680/3399 3400/3681/3400
f 3414/3692/3411 3401/3682/3401 3402/3683/3402
f 3414/3692/3411 3404/3685/3404 3405/3686/3405
f 3414/3692/3411 3405/3686/3405 3406/3687/3406
f 3414/3692/3411 3407/3688/3407 3408/3689/3408
f 3414/3692/3411 3410/3691/3410 3411/3693/3412
f 3414/3692/3411 3411/3693/3412 3396/3695/3414
s 337
f 3422/3696/3415 3423/3697/3416 3421/3698/3417
f 3421/3698/3417 3423/3697/3416 3424/3699/3418
f 3421/3698/3417 3424/3699/3418 3427/3700/3419
f 3427/3700/3419 3424/3699/3418 3426/3701/3420
f 3428/3702/3421 3425/3703/3422 3429/3704/3423
f 3429/3704/3423 3425/3703/3422 3430/3705/3424
f 3427/3700/3419 3426/3701/3420 3429/3704/3423
f 3429/3704/3423 3426/3701/3420 3428/3702/3421
f 3431/3706/3425 3430/3705/3424 3432/3707/3426
f 3432/3707/3426 3430/3705/3424 3425/3703/3422
f 3431/3706/3425 3432/3707/3426 3434/3708/3427
f 3434/3708/3427 3432/3707/3426 3433/3709/3428
f 3436/3710/3429 3435/3711/3430 3433/3709/3428
f 3433/3709/3428 3435/3711/3430 3434/3708/3427
f 3438/3712/3431 3435/3711/3430 3437/3713/3432
f 3437/3713/3432 3435/3711/3430 3436/3710/3429
f 3439/3714/3433 3438/3712/3431 3440/3715/3434
f 3440/3715/3434 3438/3712/3431 3437/3713/3432
f 3439/3714/3433 3440/3715/3434 3442/3716/3435
f 3442/3716/3435 3440/3715/3434 3441/3717/3436
f 3446/3718/3437 3443/3719/3438 3445/3720/3439
f 3445/3720/3439 3443/3719/3438 3444/3721/3440
f 3444/3721/3440 3443/3719/3438 3441/3717/3436
f 3441/3717/3436 3443/3719/3438 3442/3716/3435
f 3448/3722/3441 3447/3723/3442 3445/3720/3439
f 3445/3720/3439 3447/3723/3442 3446/3718/3437
f 3447/3723/3442 3448/3722/3441 3450/3724/3443
f 3450/3724/3443 3448/3722/3441 3449/3725/3444
f 3418/3726/3445 3450/3724/3443 3417/3727/3446
f 3417/3727/3446 3450/3724/3443 3449/3725/3444
f 3419/3728/3447 3418/3726/3445 3420/3729/3448
f 3420/3729/3448 3418/3726/3445 3417/3727/3446
f 3415/3730/3449 3419/3728/3447 3416/3731/3450
f 3416/3731/3450 3419/3728/3447 3420/3729/3448
f 3423/3697/3416 3422/3696/3415 3416/3731/3450
f 3416/3731/3450 3422/3696/3415 3415/3730/3449
f 3453/3732/3451 3452/3733/3452 3417/3727/3446
f 3417/3727/3446 3452/3733/3452 3420/3729/3448
f 3467/3734/3453 3453/3732/3451 3449/3725/3444
f 3449/3725/3444 3453/3732/3451 3417/3727/3446
f 3467/3734/3453 3449/3725/3444 3454/3735/3454
f 3454/3735/3454 3449/3725/3444 3448/3722/3441
f 3454/3735/3454 3448/3722/3441 3455/3736/3455
f 3455/3736/3455 3448/3722/3441 3445/3720/3439
f 3456/3737/3456 3455/3736/3455 3444/3721/3440
f 3444/3721/3440 3455/3736/3455 3445/3720/3439
f 3456/3737/3456 3444/3721/3440 3457/3738/3457
f 3457/3738/3457 3444/3721/3440 3441/3717/3436
f 3457/3738/3457 3441/3717/3436 3458/3739/3458
f 3458/3739/3458 3441/3717/3436 3440/3715/3434
f 3458/3739/3458 3440/3715/3434 3459/3740/3459
f 3459/3740/3459 3440/3715/3434 3437/3713/3432
f 3460/3741/3460 3459/3740/3459 3436/3710/3429
f 3436/3710/3429 3459/3740/3459 3437/3713/3432
f 3460/3741/3460 3436/3710/3429 3461/3742/3461
f 3461/3742/3461 3436/3710/3429 3433/3709/3428
f 3462/3743/3462 3461/3742/3461 3432/3707/3426
f 3432/3707/3426 3461/3742/3461 3433/3709/3428
f 3463/3744/3463 3462/3743/3462 3425/3703/3422
f 3425/3703/3422 3462/3743/3462 3432/3707/3426
f 3464/3745/3464 3463/3744/3463 3428/3702/3421
f 3428/3702/3421 3463/3744/3463 3425/3703/3422
f 3464/3745/3464 3428/3702/3421 3465/3746/3465
f 3465/3746/3465 3428/3702/3421 3426/3701/3420
f 3469/3747/3466 3461/3742/3461 3462/3743/3462
f 3465/3746/3465 3426/3701/3420 3466/3748/3467
f 3466/3748/3467 3426/3701/3420 3424/3699/3418
f 3469/3747/3466 3457/3738/3457 3458/3739/3458
f 3469/3747/3466 3464/3745/3464 3465/3746/3465
f 3416/3731/3450 3468/3749/3468 3423/3697/3416
f 3423/3697/3416 3468/3749/3468 3451/3750/3469
f 3466/3748/3467 3424/3699/3418 3451/3750/3469
f 3451/3750/3469 3424/3699/3418 3423/3697/3416
f 3469/3747/3466 3452/3733/3452 3453/3732/3451
f 3469/3747/3466 3455/3736/3455 3456/3737/3456
f 3469/3747/3466 3458/3739/3458 3459/3740/3459
f 3469/3747/3466 3463/3744/3463 3464/3745/3464
f 3469/3747/3466 3451/3750/3469 3468/3749/3468
f 3420/3729/3448 3452/3733/3452 3416/3731/3450
f 3416/3731/3450 3452/3733/3452 3468/3749/3468
f 3468/3749/3468 3452/3733/3452 3469/3747/3466
f 3469/3747/3466 3453/3732/3451 3467/3734/3453
f 3469/3747/3466 3467/3734/3453 3454/3735/3454
f 3469/3747/3466 3454/3735/3454 3455/3736/3455
f 3469/3747/3466 3456/3737/3456 3457/3738/3457
f 3469/3747/3466 3459/3740/3459 3460/3741/3460
f 3469/3747/3466 3460/3741/3460 3461/3742/3461
f 3469/3747/3466 3462/3743/3462 3463/3744/3463
f 3469/3747/3466 3465/3746/3465 3466/3748/3467
f 3469/3747/3466 3466/3748/3467 3451/3750/3469
s 349
f 3477/3751/3470 3478/3752/3471 3476/3753/3472
f 3476/3753/3472 3478/3752/3471 3479/3754/3473
f 3476/3753/3472 3479/3754/3473 3482/3755/3474
f 3482/3755/3474 3479/3754/3473 3481/3756/3475
f 3483/3757/3476 3480/3758/3477 3484/3759/3478
f 3484/3759/3478 3480/3758/3477 3485/3760/3479
f 3482/3755/3474 3481/3756/3475 3484/3759/3478
f 3484/3759/3478 3481/3756/3475 3483/3757/3476
f 3486/3761/3480 3485/3760/3479 3487/3762/3481
f 3487/3762/3481 3485/3760/3479 3480/3758/3477
f 3486/3761/3480 3487/3762/3481 3489/3763/3482
f 3489/3763/3482 3487/3762/3481 3488/3764/3483
f 3491/3765/3484 3490/3766/3485 3488/3764/3483
f 3488/3764/3483 3490/3766/3485 3489/3763/3482
f 3493/3767/3486 3490/3766/3485 3492/3768/3487
f 3492/3768/3487 3490/3766/3485 3491/3765/3484
f 3494/3769/3488 3493/3767/3486 3495/3770/3489
f 3495/3770/3489 3493/3767/3486 3492/3768/3487
f 3494/3769/3488 3495/3770/3489 3497/3771/3490
f 3497/3771/3490 3495/3770/3489 3496/3772/3491
f 3501/3773/3492 3498/3774/3493 3500/3775/3494
f 3500/3775/3494 3498/3774/3493 3499/3776/3495
f 3499/3776/3495 3498/3774/3493 3496/3772/3491
f 3496/3772/3491 3498/3774/3493 3497/3771/3490
f 3503/3777/3496 3502/3778/3497 3500/3775/3494
f 3500/3775/3494 3502/3778/3497 3501/3773/3492
f 3502/3778/3497 3503/3777/3496 3505/3779/3498
f 3505/3779/3498 3503/3777/3496 3504/3780/3499
f 3473/3781/3500 3505/3779/3498 3472/3782/3501
f 3472/3782/3501 3505/3779/3498 3504/3780/3499
f 3474/3783/3502 3473/3781/3500 3475/3784/3503
f 3475/3784/3503 3473/3781/3500 3472/3782/3501
f 3470/3785/3504 3474/3783/3502 3471/3786/3505
f 3471/3786/3505 3474/3783/3502 3475/3784/3503
f 3478/3752/3471 3477/3751/3470 3471/3786/3505
f 3471/3786/3505 3477/3751/3470 3470/3785/3504
f 3508/3787/3506 3507/3788/3507 3472/3782/3501
f 3472/3782/3501 3507/3788/3507 3475/3784/3503
f 3522/3789/3508 3508/3787/3506 3504/3780/3499
f 3504/3780/3499 3508/3787/3506 3472/3782/3501
f 3522/3789/3508 3504/3780/3499 3509/3790/3509
f 3509/3790/3509 3504/3780/3499 3503/3777/3496
f 3509/3790/3509 3503/3777/3496 3510/3791/3510
f 3510/3791/3510 3503/3777/3496 3500/3775/3494
f 3511/3792/3511 3510/3791/3510 3499/3776/3495
f 3499/3776/3495 3510/3791/3510 3500/3775/3494
f 3511/3792/3511 3499/3776/3495 3512/3793/3512
f 3512/3793/3512 3499/3776/3495 3496/3772/3491
f 3512/3793/3512 3496/3772/3491 3513/3794/3513
f 3513/3794/3513 3496/3772/3491 3495/3770/3489
f 3513/3794/3513 3495/3770/3489 3514/3795/3514
f 3514/3795/3514 3495/3770/3489 3492/3768/3487
f 3515/3796/3515 3514/3795/3514 3491/3765/3484
f 3491/3765/3484 3514/3795/3514 3492/3768/3487
f 3515/3796/3515 3491/3765/3484 3516/3797/3516
f 3516/3797/3516 3491/3765/3484 3488/3764/3483
f 3517/3798/3517 3516/3797/3516 3487/3762/3481
f 3487/3762/3481 3516/3797/3516 3488/3764/3483
f 3518/3799/3518 3517/3798/3517 3480/3758/3477
f 3480/3758/3477 3517/3798/3517 3487/3762/3481
f 3519/3800/3519 3518/3799/3518 3483/3757/3476
f 3483/3757/3476 3518/3799/3518 3480/3758/3477
f 3519/3800/3519 3483/3757/3476 3520/3801/3520
f 3520/3801/3520 3483/3757/3476 3481/3756/3475
f 3524/3802/3521 3516/3797/3516 3517/3798/3517
f 3520/3801/3520 3481/3756/3475 3521/3803/3522
f 3521/3803/3522 3481/3756/3475 3479/3754/3473
f 3524/3802/3521 3512/3793/3512 3513/3794/3513
f 3524/3802/3521 3519/3800/3519 3520/3801/3520
f 3471/3786/3505 3523/3804/3523 3478/3752/3471
f 3478/3752/3471 3523/3804/3523 3506/3805/3524
f 3521/3803/3522 3479/3754/3473 3506/3805/3524
f 3506/3805/3524 3479/3754/3473 3478/3752/3471
f 3524/3802/3521 3507/3788/3507 3508/3787/3506
f 3524/3802/3521 3510/3791/3510 3511/3792/3511
f 3524/3802/3521 3513/3794/3513 3514/3795/3514
f 3524/3802/3521 3518/3799/3518 3519/3800/3519
f 3524/3802/3521 3506/3805/3524 3523/3804/3523
f 3475/3784/3503 3507/3788/3507 3471/3786/3505
f 3471/3786/3505 3507/3788/3507 3523/3804/3523
f 3523/3804/3523 3507/3788/3507 3524/3802/3521
f 3524/3802/3521 3508/3787/3506 3522/3789/3508
f 3524/3802/3521 3522/3789/3508 3509/3790/3509
f 3524/3802/3521 3509/3790/3509 3510/3791/3510
f 3524/3802/3521 3511/3792/3511 3512/3793/3512
f 3524/3802/3521 3514/3795/3514 3515/3796/3515
f 3524/3802/3521 3515/3796/3515 3516/3797/3516
f 3524/3802/3521 3517/3798/3517 3518/3799/3518
f 3524/3802/3521 3520/3801/3520 3521/3803/3522
f 3524/3802/3521 3521/3803/3522 3506/3805/3524
s 361
f 3532/3806/3525 3533/3807/3526 3531/3808/3527
f 3531/3808/3527 3533/3807/3526 3534/3809/3528
f 3531/3808/3527 3534/3809/3528 3537/3810/3529
f 3537/3810/3529 3534/3809/3528 3536/3811/3530
f 3538/3812/3531 3535/3813/3532 3539/3814/3533
f 3539/3814/3533 3535/3813/3532 3540/3815/3534
f 3537/3810/3529 3536/3811/3530 3539/3814/3533
f 3539/3814/3533 3536/3811/3530 3538/3812/3531
f 3541/3816/3535 3540/3815/3534 3542/3817/3536
f 3542/3817/3536 3540/3815/3534 3535/3813/3532
f 3541/3816/3535 3542/3817/3536 3544/3818/3537
f 3544/3818/3537 3542/3817/3536 3543/3819/3538
f 3546/3820/3539 3545/3821/3540 3543/3819/3538
f 3543/3819/3538 3545/3821/3540 3544/3818/3537
f 3548/3822/3541 3545/3821/3540 3547/3823/3542
f 3547/3823/3542 3545/3821/3540 3546/3820/3539
f 3549/3824/3543 3548/3822/3541 3550/3825/3544
f 3550/3825/3544 3548/3822/3541 3547/3823/3542
f 3549/3824/3543 3550/3825/3544 3552/3826/3545
f 3552/3826/3545 3550/3825/3544 3551/3827/3546
f 3556/3828/3547 3553/3829/3548 3555/3830/3549
f 3555/3830/3549 3553/3829/3548 3554/3831/3550
f 3554/3831/3550 3553/3829/3548 3551/3827/3546
f 3551/3827/3546 3553/3829/3548 3552/3826/3545
f 3558/3832/3551 3557/3833/3552 3555/3830/3549
f 3555/3830/3549 3557/3833/3552 3556/3828/3547
f 3557/3833/3552 3558/3832/3551 3560/3834/3553
f 3560/3834/3553 3558/3832/3551 3559/3835/3554
f 3528/3836/3555 3560/3834/3553 3527/3837/3556
f 3527/3837/3556 3560/3834/3553 3559/3835/3554
f 3529/3838/3557 3528/3836/3555 3530/3839/3558
f 3530/3839/3558 3528/3836/3555 3527/3837/3556
f 3525/3840/3559 3529/3838/3557 3526/3841/3560
f 3526/3841/3560 3529/3838/3557 3530/3839/3558
f 3533/3807/3526 3532/3806/3525 3526/3841/3560
f 3526/3841/3560 3532/3806/3525 3525/3840/3559
f 3563/3842/3561 3562/3843/3562 3527/3837/3556
f 3527/3837/3556 3562/3843/3562 3530/3839/3558
f 3577/3844/3563 3563/3842/3561 3559/3835/3554
f 3559/3835/3554 3563/3842/3561 3527/3837/3556
f 3577/3844/3563 3559/3835/3554 3564/3845/3564
f 3564/3845/3564 3559/3835/3554 3558/3832/3551
f 3564/3845/3564 3558/3832/3551 3565/3846/3565
f 3565/3846/3565 3558/3832/3551 3555/3830/3549
f 3566/3847/3566 3565/3846/3565 3554/3831/3550
f 3554/3831/3550 3565/3846/3565 3555/3830/3549
f 3566/3847/3566 3554/3831/3550 3567/3848/3567
f 3567/3848/3567 3554/3831/3550 3551/3827/3546
f 3567/3848/3567 3551/3827/3546 3568/3849/3568
f 3568/3849/3568 3551/3827/3546 3550/3825/3544
f 3568/3849/3568 3550/3825/3544 3569/3850/3569
f 3569/3850/3569 3550/3825/3544 3547/3823/3542
f 3570/3851/3570 3569/3850/3569 3546/3820/3539
f 3546/3820/3539 3569/3850/3569 3547/3823/3542
f 3570/3851/3570 3546/3820/3539 3571/3852/3571
f 3571/3852/3571 3546/3820/3539 3543/3819/3538
f 3572/3853/3572 3571/3852/3571 3542/3817/3536
f 3542/3817/3536 3571/3852/3571 3543/3819/3538
f 3573/3854/3573 3572/3853/3572 3535/3813/3532
f 3535/3813/3532 3572/3853/3572 3542/3817/3536
f 3574/3855/3574 3573/3854/3573 3538/3812/3531
f 3538/3812/3531 3573/3854/3573 3535/3813/3532
f 3574/3855/3574 3538/3812/3531 3575/3856/3575
f 3575/3856/3575 3538/3812/3531 3536/3811/3530
f 3579/3857/3576 3571/3852/3571 3572/3853/3572
f 3575/3856/3575 3536/3811/3530 3576/3858/3577
f 3576/3858/3577 3536/3811/3530 3534/3809/3528
f 3579/3857/3576 3567/3848/3567 3568/3849/3568
f 3579/3857/3576 3574/3855/3574 3575/3856/3575
f 3526/3841/3560 3578/3859/3578 3533/3807/3526
f 3533/3807/3526 3578/3859/3578 3561/3860/3579
f 3576/3858/3577 3534/3809/3528 3561/3860/3579
f 3561/3860/3579 3534/3809/3528 3533/3807/3526
f 3579/3857/3576 3562/3843/3562 3563/3842/3561
f 3579/3857/3576 3565/3846/3565 3566/3847/3566
f 3579/3857/3576 3568/3849/3568 3569/3850/3569
f 3579/3857/3576 3573/3854/3573 3574/3855/3574
f 3579/3857/3576 3561/3860/3579 3578/3859/3578
f 3530/3839/3558 3562/3843/3562 3526/3841/3560
f 3526/3841/3560 3562/3843/3562 3578/3859/3578
f 3578/3859/3578 3562/3843/3562 3579/3857/3576
f 3579/3857/3576 3563/3842/3561 3577/3844/3563
f 3579/3857/3576 3577/3844/3563 3564/3845/3564
f 3579/3857/3576 3564/3845/3564 3565/3846/3565
f 3579/3857/3576 3566/3847/3566 3567/3848/3567
f 3579/3857/3576 3569/3850/3569 3570/3851/3570
f 3579/3857/3576 3570/3851/3570 3571/3852/3571
f 3579/3857/3576 3572/3853/3572 3573/3854/3573
f 3579/3857/3576 3575/3856/3575 3576/3858/3577
f 3579/3857/3576 3576/3858/3577 3561/3860/3579
