# This file uses centimeters as units for non-parametric coordinates.

v -11.981800 0.000000 11.981800
v -9.585440 0.000000 11.981800
v -7.189080 0.000000 11.981800
v -4.792720 0.000000 11.981800
v -2.396360 0.000000 11.981800
v 0.000000 0.000000 11.981800
v 2.396361 0.000000 11.981800
v 4.792720 0.000000 11.981800
v 7.189080 0.000000 11.981800
v 9.585441 0.000000 11.981800
v 11.981800 0.000000 11.981800
v -11.981800 0.000000 9.585440
v -9.585440 0.000000 9.585440
v -7.189080 0.000000 9.585440
v -4.792720 0.000000 9.585440
v -2.396360 0.000000 9.585440
v 0.000000 0.000000 9.585440
v 2.396361 0.000000 9.585440
v 4.792720 0.000000 9.585440
v 7.189080 0.000000 9.585440
v 9.585441 0.000000 9.585440
v 11.981800 0.000000 9.585440
v -11.981800 0.000000 7.189080
v -9.585440 0.000000 7.189080
v -7.189080 0.000000 7.189080
v -4.792720 0.000000 7.189080
v -2.396360 0.000000 7.189080
v 0.000000 0.000000 7.189080
v 2.396361 0.000000 7.189080
v 4.792720 0.000000 7.189080
v 7.189080 0.000000 7.189080
v 9.585441 0.000000 7.189080
v 11.981800 0.000000 7.189080
v -11.981800 0.000000 4.792720
v -9.585440 0.000000 4.792720
v -7.189080 0.000000 4.792720
v -4.792720 0.000000 4.792720
v -2.396360 0.000000 4.792720
v 0.000000 0.000000 4.792720
v 2.396361 0.000000 4.792720
v 4.792720 0.000000 4.792720
v 7.189080 0.000000 4.792720
v 9.585441 0.000000 4.792720
v 11.981800 0.000000 4.792720
v -11.981800 0.000000 2.396360
v -9.585440 0.000000 2.396360
v -7.189080 0.000000 2.396360
v -4.792720 0.000000 2.396360
v -2.396360 0.000000 2.396360
v 0.000000 0.000000 2.396360
v 2.396361 0.000000 2.396360
v 4.792720 0.000000 2.396360
v 7.189080 0.000000 2.396360
v 9.585441 0.000000 2.396360
v 11.981800 0.000000 2.396360
v -11.981800 0.000000 0.000000
v -9.585440 0.000000 0.000000
v -7.189080 0.000000 0.000000
v -4.792720 0.000000 0.000000
v -2.396360 0.000000 0.000000
v 0.000000 0.000000 0.000000
v 2.396361 0.000000 0.000000
v 4.792720 0.000000 0.000000
v 7.189080 0.000000 0.000000
v 9.585441 0.000000 0.000000
v 11.981800 0.000000 0.000000
v -11.981800 0.000000 -2.396361
v -9.585440 0.000000 -2.396361
v -7.189080 0.000000 -2.396361
v -4.792720 0.000000 -2.396361
v -2.396360 0.000000 -2.396361
v 0.000000 0.000000 -2.396361
v 2.396361 0.000000 -2.396361
v 4.792720 0.000000 -2.396361
v 7.189080 0.000000 -2.396361
v 9.585441 0.000000 -2.396361
v 11.981800 0.000000 -2.396361
v -11.981800 0.000000 -4.792720
v -9.585440 0.000000 -4.792720
v -7.189080 0.000000 -4.792720
v -4.792720 0.000000 -4.792720
v -2.396360 0.000000 -4.792720
v 0.000000 0.000000 -4.792720
v 2.396361 0.000000 -4.792720
v 4.792720 0.000000 -4.792720
v 7.189080 0.000000 -4.792720
v 9.585441 0.000000 -4.792720
v 11.981800 0.000000 -4.792720
v -11.981800 0.000000 -7.189080
v -9.585440 0.000000 -7.189080
v -7.189080 0.000000 -7.189080
v -4.792720 0.000000 -7.189080
v -2.396360 0.000000 -7.189080
v 0.000000 0.000000 -7.189080
v 2.396361 0.000000 -7.189080
v 4.792720 0.000000 -7.189080
v 7.189080 0.000000 -7.189080
v 9.585441 0.000000 -7.189080
v 11.981800 0.000000 -7.189080
v -11.981800 0.000000 -9.585441
v -9.585440 0.000000 -9.585441
v -7.189080 0.000000 -9.585441
v -4.792720 0.000000 -9.585441
v -2.396360 0.000000 -9.585441
v 0.000000 0.000000 -9.585441
v 2.396361 0.000000 -9.585441
v 4.792720 0.000000 -9.585441
v 7.189080 0.000000 -9.585441
v 9.585441 0.000000 -9.585441
v 11.981800 0.000000 -9.585441
v -11.981800 0.000000 -11.981800
v -9.585440 0.000000 -11.981800
v -7.189080 0.000000 -11.981800
v -4.792720 0.000000 -11.981800
v -2.396360 0.000000 -11.981800
v 0.000000 0.000000 -11.981800
v 2.396361 0.000000 -11.981800
v 4.792720 0.000000 -11.981800
v 7.189080 0.000000 -11.981800
v 9.585441 0.000000 -11.981800
v 11.981800 0.000000 -11.981800
v -10.783620 0.000000 11.981800
v -11.981800 0.000000 10.783620
v -8.387261 0.000000 11.981800
v -9.585440 0.000000 10.783620
v -5.990900 0.000000 11.981800
v -7.189080 0.000000 10.783620
v -3.594540 0.000000 11.981800
v -4.792720 0.000000 10.783620
v -1.198180 0.000000 11.981800
v -2.396360 0.000000 10.783620
v 1.198180 0.000000 11.981800
v 0.000000 0.000000 10.783620
v 3.594540 0.000000 11.981800
v 2.396361 0.000000 10.783620
v 5.990900 0.000000 11.981800
v 4.792720 0.000000 10.783620
v 8.387261 0.000000 11.981800
v 7.189080 0.000000 10.783620
v 10.783621 0.000000 11.981800
v 9.585441 0.000000 10.783620
v 11.981800 0.000000 10.783620
v -10.783620 0.000000 9.585440
v -11.981800 0.000000 8.387261
v -8.387261 0.000000 9.585440
v -9.585440 0.000000 8.387261
v -5.990900 0.000000 9.585440
v -7.189080 0.000000 8.387261
v -3.594540 0.000000 9.585440
v -4.792720 0.000000 8.387261
v -1.198180 0.000000 9.585440
v -2.396360 0.000000 8.387261
v 1.198180 0.000000 9.585440
v 0.000000 0.000000 8.387261
v 3.594540 0.000000 9.585440
v 2.396361 0.000000 8.387261
v 5.990900 0.000000 9.585440
v 4.792720 0.000000 8.387261
v 8.387261 0.000000 9.585440
v 7.189080 0.000000 8.387261
v 10.783621 0.000000 9.585440
v 9.585441 0.000000 8.387261
v 11.981800 0.000000 8.387261
v -10.783620 0.000000 7.189080
v -11.981800 0.000000 5.990900
v -8.387261 0.000000 7.189080
v -9.585440 0.000000 5.990900
v -5.990900 0.000000 7.189080
v -7.189080 0.000000 5.990900
v -3.594540 0.000000 7.189080
v -4.792720 0.000000 5.990900
v -1.198180 0.000000 7.189080
v -2.396360 0.000000 5.990900
v 1.198180 0.000000 7.189080
v 0.000000 0.000000 5.990900
v 3.594540 0.000000 7.189080
v 2.396361 0.000000 5.990900
v 5.990900 0.000000 7.189080
v 4.792720 0.000000 5.990900
v 8.387261 0.000000 7.189080
v 7.189080 0.000000 5.990900
v 10.783621 0.000000 7.189080
v 9.585441 0.000000 5.990900
v 11.981800 0.000000 5.990900
v -10.783620 0.000000 4.792720
v -11.981800 0.000000 3.594540
v -8.387261 0.000000 4.792720
v -9.585440 0.000000 3.594540
v -5.990900 0.000000 4.792720
v -7.189080 0.000000 3.594540
v -3.594540 0.000000 4.792720
v -4.792720 0.000000 3.594540
v -1.198180 0.000000 4.792720
v -2.396360 0.000000 3.594540
v 1.198180 0.000000 4.792720
v 0.000000 0.000000 3.594540
v 3.594540 0.000000 4.792720
v 2.396361 0.000000 3.594540
v 5.990900 0.000000 4.792720
v 4.792720 0.000000 3.594540
v 8.387261 0.000000 4.792720
v 7.189080 0.000000 3.594540
v 10.783621 0.000000 4.792720
v 9.585441 0.000000 3.594540
v 11.981800 0.000000 3.594540
v -10.783620 0.000000 2.396360
v -11.981800 0.000000 1.198180
v -8.387261 0.000000 2.396360
v -9.585440 0.000000 1.198180
v -5.990900 0.000000 2.396360
v -7.189080 0.000000 1.198180
v -3.594540 0.000000 2.396360
v -4.792720 0.000000 1.198180
v -1.198180 0.000000 2.396360
v -2.396360 0.000000 1.198180
v 1.198180 0.000000 2.396360
v 0.000000 0.000000 1.198180
v 3.594540 0.000000 2.396360
v 2.396361 0.000000 1.198180
v 5.990900 0.000000 2.396360
v 4.792720 0.000000 1.198180
v 8.387261 0.000000 2.396360
v 7.189080 0.000000 1.198180
v 10.783621 0.000000 2.396360
v 9.585441 0.000000 1.198180
v 11.981800 0.000000 1.198180
v -10.783620 0.000000 0.000000
v -11.981800 0.000000 -1.198180
v -8.387261 0.000000 0.000000
v -9.585440 0.000000 -1.198180
v -5.990900 0.000000 0.000000
v -7.189080 0.000000 -1.198180
v -3.594540 0.000000 0.000000
v -4.792720 0.000000 -1.198180
v -1.198180 0.000000 0.000000
v -2.396360 0.000000 -1.198180
v 1.198180 0.000000 0.000000
v 0.000000 0.000000 -1.198180
v 3.594540 0.000000 0.000000
v 2.396361 0.000000 -1.198180
v 5.990900 0.000000 0.000000
v 4.792720 0.000000 -1.198180
v 8.387261 0.000000 0.000000
v 7.189080 0.000000 -1.198180
v 10.783621 0.000000 0.000000
v 9.585441 0.000000 -1.198180
v 11.981800 0.000000 -1.198180
v -10.783620 0.000000 -2.396361
v -11.981800 0.000000 -3.594540
v -8.387261 0.000000 -2.396361
v -9.585440 0.000000 -3.594540
v -5.990900 0.000000 -2.396361
v -7.189080 0.000000 -3.594540
v -3.594540 0.000000 -2.396361
v -4.792720 0.000000 -3.594540
v -1.198180 0.000000 -2.396361
v -2.396360 0.000000 -3.594540
v 1.198180 0.000000 -2.396361
v 0.000000 0.000000 -3.594540
v 3.594540 0.000000 -2.396361
v 2.396361 0.000000 -3.594540
v 5.990900 0.000000 -2.396361
v 4.792720 0.000000 -3.594540
v 8.387261 0.000000 -2.396361
v 7.189080 0.000000 -3.594540
v 10.783621 0.000000 -2.396361
v 9.585441 0.000000 -3.594540
v 11.981800 0.000000 -3.594540
v -10.783620 0.000000 -4.792720
v -11.981800 0.000000 -5.990900
v -8.387261 0.000000 -4.792720
v -9.585440 0.000000 -5.990900
v -5.990900 0.000000 -4.792720
v -7.189080 0.000000 -5.990900
v -3.594540 0.000000 -4.792720
v -4.792720 0.000000 -5.990900
v -1.198180 0.000000 -4.792720
v -2.396360 0.000000 -5.990900
v 1.198180 0.000000 -4.792720
v 0.000000 0.000000 -5.990900
v 3.594540 0.000000 -4.792720
v 2.396361 0.000000 -5.990900
v 5.990900 0.000000 -4.792720
v 4.792720 0.000000 -5.990900
v 8.387261 0.000000 -4.792720
v 7.189080 0.000000 -5.990900
v 10.783621 0.000000 -4.792720
v 9.585441 0.000000 -5.990900
v 11.981800 0.000000 -5.990900
v -10.783620 0.000000 -7.189080
v -11.981800 0.000000 -8.387261
v -8.387261 0.000000 -7.189080
v -9.585440 0.000000 -8.387261
v -5.990900 0.000000 -7.189080
v -7.189080 0.000000 -8.387261
v -3.594540 0.000000 -7.189080
v -4.792720 0.000000 -8.387261
v -1.198180 0.000000 -7.189080
v -2.396360 0.000000 -8.387261
v 1.198180 0.000000 -7.189080
v 0.000000 0.000000 -8.387261
v 3.594540 0.000000 -7.189080
v 2.396361 0.000000 -8.387261
v 5.990900 0.000000 -7.189080
v 4.792720 0.000000 -8.387261
v 8.387261 0.000000 -7.189080
v 7.189080 0.000000 -8.387261
v 10.783621 0.000000 -7.189080
v 9.585441 0.000000 -8.387261
v 11.981800 0.000000 -8.387261
v -10.783620 0.000000 -9.585441
v -11.981800 0.000000 -10.783621
v -8.387261 0.000000 -9.585441
v -9.585440 0.000000 -10.783621
v -5.990900 0.000000 -9.585441
v -7.189080 0.000000 -10.783621
v -3.594540 0.000000 -9.585441
v -4.792720 0.000000 -10.783621
v -1.198180 0.000000 -9.585441
v -2.396360 0.000000 -10.783621
v 1.198180 0.000000 -9.585441
v 0.000000 0.000000 -10.783621
v 3.594540 0.000000 -9.585441
v 2.396361 0.000000 -10.783621
v 5.990900 0.000000 -9.585441
v 4.792720 0.000000 -10.783621
v 8.387261 0.000000 -9.585441
v 7.189080 0.000000 -10.783621
v 10.783621 0.000000 -9.585441
v 9.585441 0.000000 -10.783621
v 11.981800 0.000000 -10.783621
v -10.783620 0.000000 -11.981800
v -8.387261 0.000000 -11.981800
v -5.990900 0.000000 -11.981800
v -3.594540 0.000000 -11.981800
v -1.198180 0.000000 -11.981800
v 1.198180 0.000000 -11.981800
v 3.594540 0.000000 -11.981800
v 5.990900 0.000000 -11.981800
v 8.387261 0.000000 -11.981800
v 10.783621 0.000000 -11.981800
v -10.783620 0.000000 10.783620
v -8.387260 0.000000 10.783620
v -5.990900 0.000000 10.783620
v -3.594540 0.000000 10.783620
v -1.198180 0.000000 10.783620
v 1.198180 0.000000 10.783620
v 3.594540 0.000000 10.783620
v 5.990900 0.000000 10.783620
v 8.387261 0.000000 10.783620
v 10.783621 0.000000 10.783620
v -10.783620 0.000000 8.387261
v -8.387260 0.000000 8.387261
v -5.990900 0.000000 8.387261
v -3.594540 0.000000 8.387261
v -1.198180 0.000000 8.387261
v 1.198180 0.000000 8.387261
v 3.594540 0.000000 8.387261
v 5.990900 0.000000 8.387261
v 8.387261 0.000000 8.387261
v 10.783621 0.000000 8.387261
v -10.783620 0.000000 5.990900
v -8.387260 0.000000 5.990900
v -5.990900 0.000000 5.990900
v -3.594540 0.000000 5.990900
v -1.198180 0.000000 5.990900
v 1.198180 0.000000 5.990900
v 3.594540 0.000000 5.990900
v 5.990900 0.000000 5.990900
v 8.387261 0.000000 5.990900
v 10.783621 0.000000 5.990900
v -10.783620 0.000000 3.594540
v -8.387260 0.000000 3.594540
v -5.990900 0.000000 3.594540
v -3.594540 0.000000 3.594540
v -1.198180 0.000000 3.594540
v 1.198180 0.000000 3.594540
v 3.594540 0.000000 3.594540
v 5.990900 0.000000 3.594540
v 8.387261 0.000000 3.594540
v 10.783621 0.000000 3.594540
v -10.783620 0.000000 1.198180
v -8.387260 0.000000 1.198180
v -5.990900 0.000000 1.198180
v -3.594540 0.000000 1.198180
v -1.198180 0.000000 1.198180
v 1.198180 0.000000 1.198180
v 3.594540 0.000000 1.198180
v 5.990900 0.000000 1.198180
v 8.387261 0.000000 1.198180
v 10.783621 0.000000 1.198180
v -10.783620 0.000000 -1.198180
v -8.387260 0.000000 -1.198180
v -5.990900 0.000000 -1.198180
v -3.594540 0.000000 -1.198180
v -1.198180 0.000000 -1.198180
v 1.198180 0.000000 -1.198180
v 3.594540 0.000000 -1.198180
v 5.990900 0.000000 -1.198180
v 8.387261 0.000000 -1.198180
v 10.783621 0.000000 -1.198180
v -10.783620 0.000000 -3.594540
v -8.387260 0.000000 -3.594540
v -5.990900 0.000000 -3.594540
v -3.594540 0.000000 -3.594540
v -1.198180 0.000000 -3.594540
v 1.198180 0.000000 -3.594540
v 3.594540 0.000000 -3.594540
v 5.990900 0.000000 -3.594540
v 8.387261 0.000000 -3.594540
v 10.783621 0.000000 -3.594540
v -10.783620 0.000000 -5.990900
v -8.387260 0.000000 -5.990900
v -5.990900 0.000000 -5.990900
v -3.594540 0.000000 -5.990900
v -1.198180 0.000000 -5.990900
v 1.198180 0.000000 -5.990900
v 3.594540 0.000000 -5.990900
v 5.990900 0.000000 -5.990900
v 8.387261 0.000000 -5.990900
v 10.783621 0.000000 -5.990900
v -10.783620 0.000000 -8.387261
v -8.387260 0.000000 -8.387261
v -5.990900 0.000000 -8.387261
v -3.594540 0.000000 -8.387261
v -1.198180 0.000000 -8.387261
v 1.198180 0.000000 -8.387261
v 3.594540 0.000000 -8.387261
v 5.990900 0.000000 -8.387261
v 8.387261 0.000000 -8.387261
v 10.783621 0.000000 -8.387261
v -10.783620 0.000000 -10.783621
v -8.387260 0.000000 -10.783621
v -5.990900 0.000000 -10.783621
v -3.594540 0.000000 -10.783621
v -1.198180 0.000000 -10.783621
v 1.198180 0.000000 -10.783621
v 3.594540 0.000000 -10.783621
v 5.990900 0.000000 -10.783621
v 8.387261 0.000000 -10.783621
v 10.783621 0.000000 -10.783621
v -11.382710 0.000000 11.981800
v -10.184530 0.000000 11.981800
v -11.981800 0.000000 11.382710
v -11.981800 0.000000 10.184530
v -8.986350 0.000000 11.981800
v -7.788170 0.000000 11.981800
v -9.585440 0.000000 11.382710
v -9.585440 0.000000 10.184530
v -6.589990 0.000000 11.981800
v -5.391810 0.000000 11.981800
v -7.189080 0.000000 11.382710
v -7.189080 0.000000 10.184530
v -4.193630 0.000000 11.981800
v -2.995450 0.000000 11.981800
v -4.792720 0.000000 11.382710
v -4.792720 0.000000 10.184530
v -1.797270 0.000000 11.981800
v -0.599090 0.000000 11.981800
v -2.396360 0.000000 11.382710
v -2.396360 0.000000 10.184530
v 0.599090 0.000000 11.981800
v 1.797270 0.000000 11.981800
v 0.000000 0.000000 11.382710
v 0.000000 0.000000 10.184530
v 2.995450 0.000000 11.981800
v 4.193630 0.000000 11.981800
v 2.396361 0.000000 11.382710
v 2.396361 0.000000 10.184530
v 5.391810 0.000000 11.981800
v 6.589990 0.000000 11.981800
v 4.792720 0.000000 11.382710
v 4.792720 0.000000 10.184530
v 7.788170 0.000000 11.981800
v 8.986351 0.000000 11.981800
v 7.189080 0.000000 11.382710
v 7.189080 0.000000 10.184530
v 10.184530 0.000000 11.981800
v 11.382711 0.000000 11.981800
v 9.585441 0.000000 11.382710
v 9.585441 0.000000 10.184530
v 11.981800 0.000000 11.382710
v 11.981800 0.000000 10.184530
v -11.382710 0.000000 9.585440
v -10.184530 0.000000 9.585440
v -11.981800 0.000000 8.986350
v -11.981800 0.000000 7.788170
v -8.986350 0.000000 9.585440
v -7.788170 0.000000 9.585440
v -9.585440 0.000000 8.986350
v -9.585440 0.000000 7.788170
v -6.589990 0.000000 9.585440
v -5.391810 0.000000 9.585440
v -7.189080 0.000000 8.986350
v -7.189080 0.000000 7.788170
v -4.193630 0.000000 9.585440
v -2.995450 0.000000 9.585440
v -4.792720 0.000000 8.986350
v -4.792720 0.000000 7.788170
v -1.797270 0.000000 9.585440
v -0.599090 0.000000 9.585440
v -2.396360 0.000000 8.986350
v -2.396360 0.000000 7.788170
v 0.599090 0.000000 9.585440
v 1.797270 0.000000 9.585440
v 0.000000 0.000000 8.986350
v 0.000000 0.000000 7.788170
v 2.995450 0.000000 9.585440
v 4.193630 0.000000 9.585440
v 2.396361 0.000000 8.986350
v 2.396361 0.000000 7.788170
v 5.391810 0.000000 9.585440
v 6.589990 0.000000 9.585440
v 4.792720 0.000000 8.986350
v 4.792720 0.000000 7.788170
v 7.788170 0.000000 9.585440
v 8.986351 0.000000 9.585440
v 7.189080 0.000000 8.986350
v 7.189080 0.000000 7.788170
v 10.184530 0.000000 9.585440
v 11.382711 0.000000 9.585440
v 9.585441 0.000000 8.986350
v 9.585441 0.000000 7.788170
v 11.981800 0.000000 8.986350
v 11.981800 0.000000 7.788170
v -11.382710 0.000000 7.189080
v -10.184530 0.000000 7.189080
v -11.981800 0.000000 6.589990
v -11.981800 0.000000 5.391810
v -8.986350 0.000000 7.189080
v -7.788170 0.000000 7.189080
v -9.585440 0.000000 6.589990
v -9.585440 0.000000 5.391810
v -6.589990 0.000000 7.189080
v -5.391810 0.000000 7.189080
v -7.189080 0.000000 6.589990
v -7.189080 0.000000 5.391810
v -4.193630 0.000000 7.189080
v -2.995450 0.000000 7.189080
v -4.792720 0.000000 6.589990
v -4.792720 0.000000 5.391810
v -1.797270 0.000000 7.189080
v -0.599090 0.000000 7.189080
v -2.396360 0.000000 6.589990
v -2.396360 0.000000 5.391810
v 0.599090 0.000000 7.189080
v 1.797270 0.000000 7.189080
v 0.000000 0.000000 6.589990
v 0.000000 0.000000 5.391810
v 2.995450 0.000000 7.189080
v 4.193630 0.000000 7.189080
v 2.396361 0.000000 6.589990
v 2.396361 0.000000 5.391810
v 5.391810 0.000000 7.189080
v 6.589990 0.000000 7.189080
v 4.792720 0.000000 6.589990
v 4.792720 0.000000 5.391810
v 7.788170 0.000000 7.189080
v 8.986351 0.000000 7.189080
v 7.189080 0.000000 6.589990
v 7.189080 0.000000 5.391810
v 10.184530 0.000000 7.189080
v 11.382711 0.000000 7.189080
v 9.585441 0.000000 6.589990
v 9.585441 0.000000 5.391810
v 11.981800 0.000000 6.589990
v 11.981800 0.000000 5.391810
v -11.382710 0.000000 4.792720
v -10.184530 0.000000 4.792720
v -11.981800 0.000000 4.193630
v -11.981800 0.000000 2.995450
v -8.986350 0.000000 4.792720
v -7.788170 0.000000 4.792720
v -9.585440 0.000000 4.193630
v -9.585440 0.000000 2.995450
v -6.589990 0.000000 4.792720
v -5.391810 0.000000 4.792720
v -7.189080 0.000000 4.193630
v -7.189080 0.000000 2.995450
v -4.193630 0.000000 4.792720
v -2.995450 0.000000 4.792720
v -4.792720 0.000000 4.193630
v -4.792720 0.000000 2.995450
v -1.797270 0.000000 4.792720
v -0.599090 0.000000 4.792720
v -2.396360 0.000000 4.193630
v -2.396360 0.000000 2.995450
v 0.599090 0.000000 4.792720
v 1.797270 0.000000 4.792720
v 0.000000 0.000000 4.193630
v 0.000000 0.000000 2.995450
v 2.995450 0.000000 4.792720
v 4.193630 0.000000 4.792720
v 2.396361 0.000000 4.193630
v 2.396361 0.000000 2.995450
v 5.391810 0.000000 4.792720
v 6.589990 0.000000 4.792720
v 4.792720 0.000000 4.193630
v 4.792720 0.000000 2.995450
v 7.788170 0.000000 4.792720
v 8.986351 0.000000 4.792720
v 7.189080 0.000000 4.193630
v 7.189080 0.000000 2.995450
v 10.184530 0.000000 4.792720
v 11.382711 0.000000 4.792720
v 9.585441 0.000000 4.193630
v 9.585441 0.000000 2.995450
v 11.981800 0.000000 4.193630
v 11.981800 0.000000 2.995450
v -11.382710 0.000000 2.396360
v -10.184530 0.000000 2.396360
v -11.981800 0.000000 1.797270
v -11.981800 0.000000 0.599090
v -8.986350 0.000000 2.396360
v -7.788170 0.000000 2.396360
v -9.585440 0.000000 1.797270
v -9.585440 0.000000 0.599090
v -6.589990 0.000000 2.396360
v -5.391810 0.000000 2.396360
v -7.189080 0.000000 1.797270
v -7.189080 0.000000 0.599090
v -4.193630 0.000000 2.396360
v -2.995450 0.000000 2.396360
v -4.792720 0.000000 1.797270
v -4.792720 0.000000 0.599090
v -1.797270 0.000000 2.396360
v -0.599090 0.000000 2.396360
v -2.396360 0.000000 1.797270
v -2.396360 0.000000 0.599090
v 0.599090 0.000000 2.396360
v 1.797270 0.000000 2.396360
v 0.000000 0.000000 1.797270
v 0.000000 0.000000 0.599090
v 2.995450 0.000000 2.396360
v 4.193630 0.000000 2.396360
v 2.396361 0.000000 1.797270
v 2.396361 0.000000 0.599090
v 5.391810 0.000000 2.396360
v 6.589990 0.000000 2.396360
v 4.792720 0.000000 1.797270
v 4.792720 0.000000 0.599090
v 7.788170 0.000000 2.396360
v 8.986351 0.000000 2.396360
v 7.189080 0.000000 1.797270
v 7.189080 0.000000 0.599090
v 10.184530 0.000000 2.396360
v 11.382711 0.000000 2.396360
v 9.585441 0.000000 1.797270
v 9.585441 0.000000 0.599090
v 11.981800 0.000000 1.797270
v 11.981800 0.000000 0.599090
v -11.382710 0.000000 0.000000
v -10.184530 0.000000 0.000000
v -11.981800 0.000000 -0.599090
v -11.981800 0.000000 -1.797270
v -8.986350 0.000000 0.000000
v -7.788170 0.000000 0.000000
v -9.585440 0.000000 -0.599090
v -9.585440 0.000000 -1.797270
v -6.589990 0.000000 0.000000
v -5.391810 0.000000 0.000000
v -7.189080 0.000000 -0.599090
v -7.189080 0.000000 -1.797270
v -4.193630 0.000000 0.000000
v -2.995450 0.000000 0.000000
v -4.792720 0.000000 -0.599090
v -4.792720 0.000000 -1.797270
v -1.797270 0.000000 0.000000
v -0.599090 0.000000 0.000000
v -2.396360 0.000000 -0.599090
v -2.396360 0.000000 -1.797270
v 0.599090 0.000000 0.000000
v 1.797270 0.000000 0.000000
v 0.000000 0.000000 -0.599090
v 0.000000 0.000000 -1.797270
v 2.995450 0.000000 0.000000
v 4.193630 0.000000 0.000000
v 2.396361 0.000000 -0.599090
v 2.396361 0.000000 -1.797270
v 5.391810 0.000000 0.000000
v 6.589990 0.000000 0.000000
v 4.792720 0.000000 -0.599090
v 4.792720 0.000000 -1.797270
v 7.788170 0.000000 0.000000
v 8.986351 0.000000 0.000000
v 7.189080 0.000000 -0.599090
v 7.189080 0.000000 -1.797270
v 10.184530 0.000000 0.000000
v 11.382711 0.000000 0.000000
v 9.585441 0.000000 -0.599090
v 9.585441 0.000000 -1.797270
v 11.981800 0.000000 -0.599090
v 11.981800 0.000000 -1.797270
v -11.382710 0.000000 -2.396361
v -10.184530 0.000000 -2.396361
v -11.981800 0.000000 -2.995450
v -11.981800 0.000000 -4.193630
v -8.986350 0.000000 -2.396361
v -7.788170 0.000000 -2.396361
v -9.585440 0.000000 -2.995450
v -9.585440 0.000000 -4.193630
v -6.589990 0.000000 -2.396361
v -5.391810 0.000000 -2.396361
v -7.189080 0.000000 -2.995450
v -7.189080 0.000000 -4.193630
v -4.193630 0.000000 -2.396361
v -2.995450 0.000000 -2.396361
v -4.792720 0.000000 -2.995450
v -4.792720 0.000000 -4.193630
v -1.797270 0.000000 -2.396361
v -0.599090 0.000000 -2.396361
v -2.396360 0.000000 -2.995450
v -2.396360 0.000000 -4.193630
v 0.599090 0.000000 -2.396361
v 1.797270 0.000000 -2.396361
v 0.000000 0.000000 -2.995450
v 0.000000 0.000000 -4.193630
v 2.995450 0.000000 -2.396361
v 4.193630 0.000000 -2.396361
v 2.396361 0.000000 -2.995450
v 2.396361 0.000000 -4.193630
v 5.391810 0.000000 -2.396361
v 6.589990 0.000000 -2.396361
v 4.792720 0.000000 -2.995450
v 4.792720 0.000000 -4.193630
v 7.788170 0.000000 -2.396361
v 8.986351 0.000000 -2.396361
v 7.189080 0.000000 -2.995450
v 7.189080 0.000000 -4.193630
v 10.184530 0.000000 -2.396361
v 11.382711 0.000000 -2.396361
v 9.585441 0.000000 -2.995450
v 9.585441 0.000000 -4.193630
v 11.981800 0.000000 -2.995450
v 11.981800 0.000000 -4.193630
v -11.382710 0.000000 -4.792720
v -10.184530 0.000000 -4.792720
v -11.981800 0.000000 -5.391810
v -11.981800 0.000000 -6.589990
v -8.986350 0.000000 -4.792720
v -7.788170 0.000000 -4.792720
v -9.585440 0.000000 -5.391810
v -9.585440 0.000000 -6.589990
v -6.589990 0.000000 -4.792720
v -5.391810 0.000000 -4.792720
v -7.189080 0.000000 -5.391810
v -7.189080 0.000000 -6.589990
v -4.193630 0.000000 -4.792720
v -2.995450 0.000000 -4.792720
v -4.792720 0.000000 -5.391810
v -4.792720 0.000000 -6.589990
v -1.797270 0.000000 -4.792720
v -0.599090 0.000000 -4.792720
v -2.396360 0.000000 -5.391810
v -2.396360 0.000000 -6.589990
v 0.599090 0.000000 -4.792720
v 1.797270 0.000000 -4.792720
v 0.000000 0.000000 -5.391810
v 0.000000 0.000000 -6.589990
v 2.995450 0.000000 -4.792720
v 4.193630 0.000000 -4.792720
v 2.396361 0.000000 -5.391810
v 2.396361 0.000000 -6.589990
v 5.391810 0.000000 -4.792720
v 6.589990 0.000000 -4.792720
v 4.792720 0.000000 -5.391810
v 4.792720 0.000000 -6.589990
v 7.788170 0.000000 -4.792720
v 8.986351 0.000000 -4.792720
v 7.189080 0.000000 -5.391810
v 7.189080 0.000000 -6.589990
v 10.184530 0.000000 -4.792720
v 11.382711 0.000000 -4.792720
v 9.585441 0.000000 -5.391810
v 9.585441 0.000000 -6.589990
v 11.981800 0.000000 -5.391810
v 11.981800 0.000000 -6.589990
v -11.382710 0.000000 -7.189080
v -10.184530 0.000000 -7.189080
v -11.981800 0.000000 -7.788170
v -11.981800 0.000000 -8.986351
v -8.986350 0.000000 -7.189080
v -7.788170 0.000000 -7.189080
v -9.585440 0.000000 -7.788170
v -9.585440 0.000000 -8.986351
v -6.589990 0.000000 -7.189080
v -5.391810 0.000000 -7.189080
v -7.189080 0.000000 -7.788170
v -7.189080 0.000000 -8.986351
v -4.193630 0.000000 -7.189080
v -2.995450 0.000000 -7.189080
v -4.792720 0.000000 -7.788170
v -4.792720 0.000000 -8.986351
v -1.797270 0.000000 -7.189080
v -0.599090 0.000000 -7.189080
v -2.396360 0.000000 -7.788170
v -2.396360 0.000000 -8.986351
v 0.599090 0.000000 -7.189080
v 1.797270 0.000000 -7.189080
v 0.000000 0.000000 -7.788170
v 0.000000 0.000000 -8.986351
v 2.995450 0.000000 -7.189080
v 4.193630 0.000000 -7.189080
v 2.396361 0.000000 -7.788170
v 2.396361 0.000000 -8.986351
v 5.391810 0.000000 -7.189080
v 6.589990 0.000000 -7.189080
v 4.792720 0.000000 -7.788170
v 4.792720 0.000000 -8.986351
v 7.788170 0.000000 -7.189080
v 8.986351 0.000000 -7.189080
v 7.189080 0.000000 -7.788170
v 7.189080 0.000000 -8.986351
v 10.184530 0.000000 -7.189080
v 11.382711 0.000000 -7.189080
v 9.585441 0.000000 -7.788170
v 9.585441 0.000000 -8.986351
v 11.981800 0.000000 -7.788170
v 11.981800 0.000000 -8.986351
v -11.382710 0.000000 -9.585441
v -10.184530 0.000000 -9.585441
v -11.981800 0.000000 -10.184530
v -11.981800 0.000000 -11.382711
v -8.986350 0.000000 -9.585441
v -7.788170 0.000000 -9.585441
v -9.585440 0.000000 -10.184530
v -9.585440 0.000000 -11.382711
v -6.589990 0.000000 -9.585441
v -5.391810 0.000000 -9.585441
v -7.189080 0.000000 -10.184530
v -7.189080 0.000000 -11.382711
v -4.193630 0.000000 -9.585441
v -2.995450 0.000000 -9.585441
v -4.792720 0.000000 -10.184530
v -4.792720 0.000000 -11.382711
v -1.797270 0.000000 -9.585441
v -0.599090 0.000000 -9.585441
v -2.396360 0.000000 -10.184530
v -2.396360 0.000000 -11.382711
v 0.599090 0.000000 -9.585441
v 1.797270 0.000000 -9.585441
v 0.000000 0.000000 -10.184530
v 0.000000 0.000000 -11.382711
v 2.995450 0.000000 -9.585441
v 4.193630 0.000000 -9.585441
v 2.396361 0.000000 -10.184530
v 2.396361 0.000000 -11.382711
v 5.391810 0.000000 -9.585441
v 6.589990 0.000000 -9.585441
v 4.792720 0.000000 -10.184530
v 4.792720 0.000000 -11.382711
v 7.788170 0.000000 -9.585441
v 8.986351 0.000000 -9.585441
v 7.189080 0.000000 -10.184530
v 7.189080 0.000000 -11.382711
v 10.184530 0.000000 -9.585441
v 11.382711 0.000000 -9.585441
v 9.585441 0.000000 -10.184530
v 9.585441 0.000000 -11.382711
v 11.981800 0.000000 -10.184530
v 11.981800 0.000000 -11.382711
v -11.382710 0.000000 -11.981800
v -10.184530 0.000000 -11.981800
v -8.986350 0.000000 -11.981800
v -7.788170 0.000000 -11.981800
v -6.589990 0.000000 -11.981800
v -5.391810 0.000000 -11.981800
v -4.193630 0.000000 -11.981800
v -2.995450 0.000000 -11.981800
v -1.797270 0.000000 -11.981800
v -0.599090 0.000000 -11.981800
v 0.599090 0.000000 -11.981800
v 1.797270 0.000000 -11.981800
v 2.995450 0.000000 -11.981800
v 4.193630 0.000000 -11.981800
v 5.391810 0.000000 -11.981800
v 6.589990 0.000000 -11.981800
v 7.788170 0.000000 -11.981800
v 8.986351 0.000000 -11.981800
v 10.184530 0.000000 -11.981800
v 11.382711 0.000000 -11.981800
v -10.783620 0.000000 11.382710
v -10.184530 0.000000 10.783620
v -10.783620 0.000000 10.184530
v -11.382710 0.000000 10.783620
v -8.387261 0.000000 11.382710
v -7.788170 0.000000 10.783620
v -8.387261 0.000000 10.184530
v -8.986350 0.000000 10.783620
v -5.990900 0.000000 11.382710
v -5.391810 0.000000 10.783620
v -5.990900 0.000000 10.184530
v -6.589990 0.000000 10.783620
v -3.594540 0.000000 11.382710
v -2.995450 0.000000 10.783620
v -3.594540 0.000000 10.184530
v -4.193630 0.000000 10.783620
v -1.198180 0.000000 11.382710
v -0.599090 0.000000 10.783620
v -1.198180 0.000000 10.184530
v -1.797270 0.000000 10.783620
v 1.198180 0.000000 11.382710
v 1.797270 0.000000 10.783620
v 1.198180 0.000000 10.184530
v 0.599090 0.000000 10.783620
v 3.594540 0.000000 11.382710
v 4.193630 0.000000 10.783620
v 3.594540 0.000000 10.184530
v 2.995450 0.000000 10.783620
v 5.990900 0.000000 11.382710
v 6.589990 0.000000 10.783620
v 5.990900 0.000000 10.184530
v 5.391810 0.000000 10.783620
v 8.387261 0.000000 11.382710
v 8.986351 0.000000 10.783620
v 8.387261 0.000000 10.184530
v 7.788170 0.000000 10.783620
v 10.783621 0.000000 11.382710
v 11.382711 0.000000 10.783620
v 10.783621 0.000000 10.184530
v 10.184531 0.000000 10.783620
v -10.783620 0.000000 8.986350
v -10.184530 0.000000 8.387261
v -10.783620 0.000000 7.788170
v -11.382710 0.000000 8.387261
v -8.387261 0.000000 8.986350
v -7.788170 0.000000 8.387261
v -8.387261 0.000000 7.788170
v -8.986350 0.000000 8.387261
v -5.990900 0.000000 8.986350
v -5.391810 0.000000 8.387261
v -5.990900 0.000000 7.788170
v -6.589990 0.000000 8.387261
v -3.594540 0.000000 8.986350
v -2.995450 0.000000 8.387261
v -3.594540 0.000000 7.788170
v -4.193630 0.000000 8.387261
v -1.198180 0.000000 8.986350
v -0.599090 0.000000 8.387261
v -1.198180 0.000000 7.788170
v -1.797270 0.000000 8.387261
v 1.198180 0.000000 8.986350
v 1.797270 0.000000 8.387261
v 1.198180 0.000000 7.788170
v 0.599090 0.000000 8.387261
v 3.594540 0.000000 8.986350
v 4.193630 0.000000 8.387261
v 3.594540 0.000000 7.788170
v 2.995450 0.000000 8.387261
v 5.990900 0.000000 8.986350
v 6.589990 0.000000 8.387261
v 5.990900 0.000000 7.788170
v 5.391810 0.000000 8.387261
v 8.387261 0.000000 8.986350
v 8.986351 0.000000 8.387261
v 8.387261 0.000000 7.788170
v 7.788170 0.000000 8.387261
v 10.783621 0.000000 8.986350
v 11.382711 0.000000 8.387261
v 10.783621 0.000000 7.788170
v 10.184531 0.000000 8.387261
v -10.783620 0.000000 6.589990
v -10.184530 0.000000 5.990900
v -10.783620 0.000000 5.391810
v -11.382710 0.000000 5.990900
v -8.387261 0.000000 6.589990
v -7.788170 0.000000 5.990900
v -8.387261 0.000000 5.391810
v -8.986350 0.000000 5.990900
v -5.990900 0.000000 6.589990
v -5.391810 0.000000 5.990900
v -5.990900 0.000000 5.391810
v -6.589990 0.000000 5.990900
v -3.594540 0.000000 6.589990
v -2.995450 0.000000 5.990900
v -3.594540 0.000000 5.391810
v -4.193630 0.000000 5.990900
v -1.198180 0.000000 6.589990
v -0.599090 0.000000 5.990900
v -1.198180 0.000000 5.391810
v -1.797270 0.000000 5.990900
v 1.198180 0.000000 6.589990
v 1.797270 0.000000 5.990900
v 1.198180 0.000000 5.391810
v 0.599090 0.000000 5.990900
v 3.594540 0.000000 6.589990
v 4.193630 0.000000 5.990900
v 3.594540 0.000000 5.391810
v 2.995450 0.000000 5.990900
v 5.990900 0.000000 6.589990
v 6.589990 0.000000 5.990900
v 5.990900 0.000000 5.391810
v 5.391810 0.000000 5.990900
v 8.387261 0.000000 6.589990
v 8.986351 0.000000 5.990900
v 8.387261 0.000000 5.391810
v 7.788170 0.000000 5.990900
v 10.783621 0.000000 6.589990
v 11.382711 0.000000 5.990900
v 10.783621 0.000000 5.391810
v 10.184531 0.000000 5.990900
v -10.783620 0.000000 4.193630
v -10.184530 0.000000 3.594540
v -10.783620 0.000000 2.995450
v -11.382710 0.000000 3.594540
v -8.387261 0.000000 4.193630
v -7.788170 0.000000 3.594540
v -8.387261 0.000000 2.995450
v -8.986350 0.000000 3.594540
v -5.990900 0.000000 4.193630
v -5.391810 0.000000 3.594540
v -5.990900 0.000000 2.995450
v -6.589990 0.000000 3.594540
v -3.594540 0.000000 4.193630
v -2.995450 0.000000 3.594540
v -3.594540 0.000000 2.995450
v -4.193630 0.000000 3.594540
v -1.198180 0.000000 4.193630
v -0.599090 0.000000 3.594540
v -1.198180 0.000000 2.995450
v -1.797270 0.000000 3.594540
v 1.198180 0.000000 4.193630
v 1.797270 0.000000 3.594540
v 1.198180 0.000000 2.995450
v 0.599090 0.000000 3.594540
v 3.594540 0.000000 4.193630
v 4.193630 0.000000 3.594540
v 3.594540 0.000000 2.995450
v 2.995450 0.000000 3.594540
v 5.990900 0.000000 4.193630
v 6.589990 0.000000 3.594540
v 5.990900 0.000000 2.995450
v 5.391810 0.000000 3.594540
v 8.387261 0.000000 4.193630
v 8.986351 0.000000 3.594540
v 8.387261 0.000000 2.995450
v 7.788170 0.000000 3.594540
v 10.783621 0.000000 4.193630
v 11.382711 0.000000 3.594540
v 10.783621 0.000000 2.995450
v 10.184531 0.000000 3.594540
v -10.783620 0.000000 1.797270
v -10.184530 0.000000 1.198180
v -10.783620 0.000000 0.599090
v -11.382710 0.000000 1.198180
v -8.387261 0.000000 1.797270
v -7.788170 0.000000 1.198180
v -8.387261 0.000000 0.599090
v -8.986350 0.000000 1.198180
v -5.990900 0.000000 1.797270
v -5.391810 0.000000 1.198180
v -5.990900 0.000000 0.599090
v -6.589990 0.000000 1.198180
v -3.594540 0.000000 1.797270
v -2.995450 0.000000 1.198180
v -3.594540 0.000000 0.599090
v -4.193630 0.000000 1.198180
v -1.198180 0.000000 1.797270
v -0.599090 0.000000 1.198180
v -1.198180 0.000000 0.599090
v -1.797270 0.000000 1.198180
v 1.198180 0.000000 1.797270
v 1.797270 0.000000 1.198180
v 1.198180 0.000000 0.599090
v 0.599090 0.000000 1.198180
v 3.594540 0.000000 1.797270
v 4.193630 0.000000 1.198180
v 3.594540 0.000000 0.599090
v 2.995450 0.000000 1.198180
v 5.990900 0.000000 1.797270
v 6.589990 0.000000 1.198180
v 5.990900 0.000000 0.599090
v 5.391810 0.000000 1.198180
v 8.387261 0.000000 1.797270
v 8.986351 0.000000 1.198180
v 8.387261 0.000000 0.599090
v 7.788170 0.000000 1.198180
v 10.783621 0.000000 1.797270
v 11.382711 0.000000 1.198180
v 10.783621 0.000000 0.599090
v 10.184531 0.000000 1.198180
v -10.783620 0.000000 -0.599090
v -10.184530 0.000000 -1.198180
v -10.783620 0.000000 -1.797270
v -11.382710 0.000000 -1.198180
v -8.387261 0.000000 -0.599090
v -7.788170 0.000000 -1.198180
v -8.387261 0.000000 -1.797270
v -8.986350 0.000000 -1.198180
v -5.990900 0.000000 -0.599090
v -5.391810 0.000000 -1.198180
v -5.990900 0.000000 -1.797270
v -6.589990 0.000000 -1.198180
v -3.594540 0.000000 -0.599090
v -2.995450 0.000000 -1.198180
v -3.594540 0.000000 -1.797270
v -4.193630 0.000000 -1.198180
v -1.198180 0.000000 -0.599090
v -0.599090 0.000000 -1.198180
v -1.198180 0.000000 -1.797270
v -1.797270 0.000000 -1.198180
v 1.198180 0.000000 -0.599090
v 1.797270 0.000000 -1.198180
v 1.198180 0.000000 -1.797270
v 0.599090 0.000000 -1.198180
v 3.594540 0.000000 -0.599090
v 4.193630 0.000000 -1.198180
v 3.594540 0.000000 -1.797270
v 2.995450 0.000000 -1.198180
v 5.990900 0.000000 -0.599090
v 6.589990 0.000000 -1.198180
v 5.990900 0.000000 -1.797270
v 5.391810 0.000000 -1.198180
v 8.387261 0.000000 -0.599090
v 8.986351 0.000000 -1.198180
v 8.387261 0.000000 -1.797270
v 7.788170 0.000000 -1.198180
v 10.783621 0.000000 -0.599090
v 11.382711 0.000000 -1.198180
v 10.783621 0.000000 -1.797270
v 10.184531 0.000000 -1.198180
v -10.783620 0.000000 -2.995450
v -10.184530 0.000000 -3.594540
v -10.783620 0.000000 -4.193630
v -11.382710 0.000000 -3.594540
v -8.387261 0.000000 -2.995450
v -7.788170 0.000000 -3.594540
v -8.387261 0.000000 -4.193630
v -8.986350 0.000000 -3.594540
v -5.990900 0.000000 -2.995450
v -5.391810 0.000000 -3.594540
v -5.990900 0.000000 -4.193630
v -6.589990 0.000000 -3.594540
v -3.594540 0.000000 -2.995450
v -2.995450 0.000000 -3.594540
v -3.594540 0.000000 -4.193630
v -4.193630 0.000000 -3.594540
v -1.198180 0.000000 -2.995450
v -0.599090 0.000000 -3.594540
v -1.198180 0.000000 -4.193630
v -1.797270 0.000000 -3.594540
v 1.198180 0.000000 -2.995450
v 1.797270 0.000000 -3.594540
v 1.198180 0.000000 -4.193630
v 0.599090 0.000000 -3.594540
v 3.594540 0.000000 -2.995450
v 4.193630 0.000000 -3.594540
v 3.594540 0.000000 -4.193630
v 2.995450 0.000000 -3.594540
v 5.990900 0.000000 -2.995450
v 6.589990 0.000000 -3.594540
v 5.990900 0.000000 -4.193630
v 5.391810 0.000000 -3.594540
v 8.387261 0.000000 -2.995450
v 8.986351 0.000000 -3.594540
v 8.387261 0.000000 -4.193630
v 7.788170 0.000000 -3.594540
v 10.783621 0.000000 -2.995450
v 11.382711 0.000000 -3.594540
v 10.783621 0.000000 -4.193630
v 10.184531 0.000000 -3.594540
v -10.783620 0.000000 -5.391810
v -10.184530 0.000000 -5.990900
v -10.783620 0.000000 -6.589990
v -11.382710 0.000000 -5.990900
v -8.387261 0.000000 -5.391810
v -7.788170 0.000000 -5.990900
v -8.387261 0.000000 -6.589990
v -8.986350 0.000000 -5.990900
v -5.990900 0.000000 -5.391810
v -5.391810 0.000000 -5.990900
v -5.990900 0.000000 -6.589990
v -6.589990 0.000000 -5.990900
v -3.594540 0.000000 -5.391810
v -2.995450 0.000000 -5.990900
v -3.594540 0.000000 -6.589990
v -4.193630 0.000000 -5.990900
v -1.198180 0.000000 -5.391810
v -0.599090 0.000000 -5.990900
v -1.198180 0.000000 -6.589990
v -1.797270 0.000000 -5.990900
v 1.198180 0.000000 -5.391810
v 1.797270 0.000000 -5.990900
v 1.198180 0.000000 -6.589990
v 0.599090 0.000000 -5.990900
v 3.594540 0.000000 -5.391810
v 4.193630 0.000000 -5.990900
v 3.594540 0.000000 -6.589990
v 2.995450 0.000000 -5.990900
v 5.990900 0.000000 -5.391810
v 6.589990 0.000000 -5.990900
v 5.990900 0.000000 -6.589990
v 5.391810 0.000000 -5.990900
v 8.387261 0.000000 -5.391810
v 8.986351 0.000000 -5.990900
v 8.387261 0.000000 -6.589990
v 7.788170 0.000000 -5.990900
v 10.783621 0.000000 -5.391810
v 11.382711 0.000000 -5.990900
v 10.783621 0.000000 -6.589990
v 10.184531 0.000000 -5.990900
v -10.783620 0.000000 -7.788170
v -10.184530 0.000000 -8.387261
v -10.783620 0.000000 -8.986351
v -11.382710 0.000000 -8.387261
v -8.387261 0.000000 -7.788170
v -7.788170 0.000000 -8.387261
v -8.387261 0.000000 -8.986351
v -8.986350 0.000000 -8.387261
v -5.990900 0.000000 -7.788170
v -5.391810 0.000000 -8.387261
v -5.990900 0.000000 -8.986351
v -6.589990 0.000000 -8.387261
v -3.594540 0.000000 -7.788170
v -2.995450 0.000000 -8.387261
v -3.594540 0.000000 -8.986351
v -4.193630 0.000000 -8.387261
v -1.198180 0.000000 -7.788170
v -0.599090 0.000000 -8.387261
v -1.198180 0.000000 -8.986351
v -1.797270 0.000000 -8.387261
v 1.198180 0.000000 -7.788170
v 1.797270 0.000000 -8.387261
v 1.198180 0.000000 -8.986351
v 0.599090 0.000000 -8.387261
v 3.594540 0.000000 -7.788170
v 4.193630 0.000000 -8.387261
v 3.594540 0.000000 -8.986351
v 2.995450 0.000000 -8.387261
v 5.990900 0.000000 -7.788170
v 6.589990 0.000000 -8.387261
v 5.990900 0.000000 -8.986351
v 5.391810 0.000000 -8.387261
v 8.387261 0.000000 -7.788170
v 8.986351 0.000000 -8.387261
v 8.387261 0.000000 -8.986351
v 7.788170 0.000000 -8.387261
v 10.783621 0.000000 -7.788170
v 11.382711 0.000000 -8.387261
v 10.783621 0.000000 -8.986351
v 10.184531 0.000000 -8.387261
v -10.783620 0.000000 -10.184530
v -10.184530 0.000000 -10.783621
v -10.783620 0.000000 -11.382711
v -11.382710 0.000000 -10.783621
v -8.387261 0.000000 -10.184530
v -7.788170 0.000000 -10.783621
v -8.387261 0.000000 -11.382711
v -8.986350 0.000000 -10.783621
v -5.990900 0.000000 -10.184530
v -5.391810 0.000000 -10.783621
v -5.990900 0.000000 -11.382711
v -6.589990 0.000000 -10.783621
v -3.594540 0.000000 -10.184530
v -2.995450 0.000000 -10.783621
v -3.594540 0.000000 -11.382711
v -4.193630 0.000000 -10.783621
v -1.198180 0.000000 -10.184530
v -0.599090 0.000000 -10.783621
v -1.198180 0.000000 -11.382711
v -1.797270 0.000000 -10.783621
v 1.198180 0.000000 -10.184530
v 1.797270 0.000000 -10.783621
v 1.198180 0.000000 -11.382711
v 0.599090 0.000000 -10.783621
v 3.594540 0.000000 -10.184530
v 4.193630 0.000000 -10.783621
v 3.594540 0.000000 -11.382711
v 2.995450 0.000000 -10.783621
v 5.990900 0.000000 -10.184530
v 6.589990 0.000000 -10.783621
v 5.990900 0.000000 -11.382711
v 5.391810 0.000000 -10.783621
v 8.387261 0.000000 -10.184530
v 8.986351 0.000000 -10.783621
v 8.387261 0.000000 -11.382711
v 7.788170 0.000000 -10.783621
v 10.783621 0.000000 -10.184530
v 11.382711 0.000000 -10.783621
v 10.783621 0.000000 -11.382711
v 10.184531 0.000000 -10.783621
v -10.184530 0.000000 11.382711
v -10.184530 0.000000 10.184530
v -11.382711 0.000000 10.184530
v -11.382711 0.000000 11.382711
v -7.788170 0.000000 11.382711
v -7.788170 0.000000 10.184530
v -8.986350 0.000000 10.184530
v -8.986351 0.000000 11.382711
v -5.391810 0.000000 11.382711
v -5.391810 0.000000 10.184530
v -6.589990 0.000000 10.184530
v -6.589990 0.000000 11.382711
v -2.995450 0.000000 11.382711
v -2.995450 0.000000 10.184530
v -4.193630 0.000000 10.184530
v -4.193630 0.000000 11.382711
v -0.599090 0.000000 11.382711
v -0.599090 0.000000 10.184530
v -1.797270 0.000000 10.184530
v -1.797270 0.000000 11.382711
v 1.797270 0.000000 11.382711
v 1.797270 0.000000 10.184530
v 0.599090 0.000000 10.184530
v 0.599090 0.000000 11.382711
v 4.193630 0.000000 11.382711
v 4.193630 0.000000 10.184530
v 2.995450 0.000000 10.184530
v 2.995450 0.000000 11.382711
v 6.589990 0.000000 11.382711
v 6.589990 0.000000 10.184530
v 5.391810 0.000000 10.184530
v 5.391810 0.000000 11.382711
v 8.986351 0.000000 11.382711
v 8.986351 0.000000 10.184530
v 7.788170 0.000000 10.184530
v 7.788170 0.000000 11.382711
v 11.382711 0.000000 11.382711
v 11.382711 0.000000 10.184530
v 10.184530 0.000000 10.184530
v 10.184531 0.000000 11.382711
v -10.184530 0.000000 8.986351
v -10.184530 0.000000 7.788170
v -11.382711 0.000000 7.788170
v -11.382711 0.000000 8.986350
v -7.788170 0.000000 8.986351
v -7.788170 0.000000 7.788170
v -8.986350 0.000000 7.788170
v -8.986351 0.000000 8.986350
v -5.391810 0.000000 8.986351
v -5.391810 0.000000 7.788170
v -6.589990 0.000000 7.788170
v -6.589990 0.000000 8.986350
v -2.995450 0.000000 8.986351
v -2.995450 0.000000 7.788170
v -4.193630 0.000000 7.788170
v -4.193630 0.000000 8.986350
v -0.599090 0.000000 8.986351
v -0.599090 0.000000 7.788170
v -1.797270 0.000000 7.788170
v -1.797270 0.000000 8.986350
v 1.797270 0.000000 8.986351
v 1.797270 0.000000 7.788170
v 0.599090 0.000000 7.788170
v 0.599090 0.000000 8.986350
v 4.193630 0.000000 8.986351
v 4.193630 0.000000 7.788170
v 2.995450 0.000000 7.788170
v 2.995450 0.000000 8.986350
v 6.589990 0.000000 8.986351
v 6.589990 0.000000 7.788170
v 5.391810 0.000000 7.788170
v 5.391810 0.000000 8.986350
v 8.986351 0.000000 8.986351
v 8.986351 0.000000 7.788170
v 7.788170 0.000000 7.788170
v 7.788170 0.000000 8.986350
v 11.382711 0.000000 8.986351
v 11.382711 0.000000 7.788170
v 10.184530 0.000000 7.788170
v 10.184531 0.000000 8.986350
v -10.184530 0.000000 6.589990
v -10.184530 0.000000 5.391810
v -11.382711 0.000000 5.391810
v -11.382711 0.000000 6.589990
v -7.788170 0.000000 6.589990
v -7.788170 0.000000 5.391810
v -8.986350 0.000000 5.391810
v -8.986351 0.000000 6.589990
v -5.391810 0.000000 6.589990
v -5.391810 0.000000 5.391810
v -6.589990 0.000000 5.391810
v -6.589990 0.000000 6.589990
v -2.995450 0.000000 6.589990
v -2.995450 0.000000 5.391810
v -4.193630 0.000000 5.391810
v -4.193630 0.000000 6.589990
v -0.599090 0.000000 6.589990
v -0.599090 0.000000 5.391810
v -1.797270 0.000000 5.391810
v -1.797270 0.000000 6.589990
v 1.797270 0.000000 6.589990
v 1.797270 0.000000 5.391810
v 0.599090 0.000000 5.391810
v 0.599090 0.000000 6.589990
v 4.193630 0.000000 6.589990
v 4.193630 0.000000 5.391810
v 2.995450 0.000000 5.391810
v 2.995450 0.000000 6.589990
v 6.589990 0.000000 6.589990
v 6.589990 0.000000 5.391810
v 5.391810 0.000000 5.391810
v 5.391810 0.000000 6.589990
v 8.986351 0.000000 6.589990
v 8.986351 0.000000 5.391810
v 7.788170 0.000000 5.391810
v 7.788170 0.000000 6.589990
v 11.382711 0.000000 6.589990
v 11.382711 0.000000 5.391810
v 10.184530 0.000000 5.391810
v 10.184531 0.000000 6.589990
v -10.184530 0.000000 4.193630
v -10.184530 0.000000 2.995450
v -11.382711 0.000000 2.995450
v -11.382711 0.000000 4.193630
v -7.788170 0.000000 4.193630
v -7.788170 0.000000 2.995450
v -8.986350 0.000000 2.995450
v -8.986351 0.000000 4.193630
v -5.391810 0.000000 4.193630
v -5.391810 0.000000 2.995450
v -6.589990 0.000000 2.995450
v -6.589990 0.000000 4.193630
v -2.995450 0.000000 4.193630
v -2.995450 0.000000 2.995450
v -4.193630 0.000000 2.995450
v -4.193630 0.000000 4.193630
v -0.599090 0.000000 4.193630
v -0.599090 0.000000 2.995450
v -1.797270 0.000000 2.995450
v -1.797270 0.000000 4.193630
v 1.797270 0.000000 4.193630
v 1.797270 0.000000 2.995450
v 0.599090 0.000000 2.995450
v 0.599090 0.000000 4.193630
v 4.193630 0.000000 4.193630
v 4.193630 0.000000 2.995450
v 2.995450 0.000000 2.995450
v 2.995450 0.000000 4.193630
v 6.589990 0.000000 4.193630
v 6.589990 0.000000 2.995450
v 5.391810 0.000000 2.995450
v 5.391810 0.000000 4.193630
v 8.986351 0.000000 4.193630
v 8.986351 0.000000 2.995450
v 7.788170 0.000000 2.995450
v 7.788170 0.000000 4.193630
v 11.382711 0.000000 4.193630
v 11.382711 0.000000 2.995450
v 10.184530 0.000000 2.995450
v 10.184531 0.000000 4.193630
v -10.184530 0.000000 1.797270
v -10.184530 0.000000 0.599090
v -11.382711 0.000000 0.599090
v -11.382711 0.000000 1.797270
v -7.788170 0.000000 1.797270
v -7.788170 0.000000 0.599090
v -8.986350 0.000000 0.599090
v -8.986351 0.000000 1.797270
v -5.391810 0.000000 1.797270
v -5.391810 0.000000 0.599090
v -6.589990 0.000000 0.599090
v -6.589990 0.000000 1.797270
v -2.995450 0.000000 1.797270
v -2.995450 0.000000 0.599090
v -4.193630 0.000000 0.599090
v -4.193630 0.000000 1.797270
v -0.599090 0.000000 1.797270
v -0.599090 0.000000 0.599090
v -1.797270 0.000000 0.599090
v -1.797270 0.000000 1.797270
v 1.797270 0.000000 1.797270
v 1.797270 0.000000 0.599090
v 0.599090 0.000000 0.599090
v 0.599090 0.000000 1.797270
v 4.193630 0.000000 1.797270
v 4.193630 0.000000 0.599090
v 2.995450 0.000000 0.599090
v 2.995450 0.000000 1.797270
v 6.589990 0.000000 1.797270
v 6.589990 0.000000 0.599090
v 5.391810 0.000000 0.599090
v 5.391810 0.000000 1.797270
v 8.986351 0.000000 1.797270
v 8.986351 0.000000 0.599090
v 7.788170 0.000000 0.599090
v 7.788170 0.000000 1.797270
v 11.382711 0.000000 1.797270
v 11.382711 0.000000 0.599090
v 10.184530 0.000000 0.599090
v 10.184531 0.000000 1.797270
v -10.184530 0.000000 -0.599090
v -10.184530 0.000000 -1.797270
v -11.382711 0.000000 -1.797270
v -11.382711 0.000000 -0.599090
v -7.788170 0.000000 -0.599090
v -7.788170 0.000000 -1.797270
v -8.986350 0.000000 -1.797270
v -8.986351 0.000000 -0.599090
v -5.391810 0.000000 -0.599090
v -5.391810 0.000000 -1.797270
v -6.589990 0.000000 -1.797270
v -6.589990 0.000000 -0.599090
v -2.995450 0.000000 -0.599090
v -2.995450 0.000000 -1.797270
v -4.193630 0.000000 -1.797270
v -4.193630 0.000000 -0.599090
v -0.599090 0.000000 -0.599090
v -0.599090 0.000000 -1.797270
v -1.797270 0.000000 -1.797270
v -1.797270 0.000000 -0.599090
v 1.797270 0.000000 -0.599090
v 1.797270 0.000000 -1.797270
v 0.599090 0.000000 -1.797270
v 0.599090 0.000000 -0.599090
v 4.193630 0.000000 -0.599090
v 4.193630 0.000000 -1.797270
v 2.995450 0.000000 -1.797270
v 2.995450 0.000000 -0.599090
v 6.589990 0.000000 -0.599090
v 6.589990 0.000000 -1.797270
v 5.391810 0.000000 -1.797270
v 5.391810 0.000000 -0.599090
v 8.986351 0.000000 -0.599090
v 8.986351 0.000000 -1.797270
v 7.788170 0.000000 -1.797270
v 7.788170 0.000000 -0.599090
v 11.382711 0.000000 -0.599090
v 11.382711 0.000000 -1.797270
v 10.184530 0.000000 -1.797270
v 10.184531 0.000000 -0.599090
v -10.184530 0.000000 -2.995450
v -10.184530 0.000000 -4.193630
v -11.382711 0.000000 -4.193630
v -11.382711 0.000000 -2.995450
v -7.788170 0.000000 -2.995450
v -7.788170 0.000000 -4.193630
v -8.986350 0.000000 -4.193630
v -8.986351 0.000000 -2.995450
v -5.391810 0.000000 -2.995450
v -5.391810 0.000000 -4.193630
v -6.589990 0.000000 -4.193630
v -6.589990 0.000000 -2.995450
v -2.995450 0.000000 -2.995450
v -2.995450 0.000000 -4.193630
v -4.193630 0.000000 -4.193630
v -4.193630 0.000000 -2.995450
v -0.599090 0.000000 -2.995450
v -0.599090 0.000000 -4.193630
v -1.797270 0.000000 -4.193630
v -1.797270 0.000000 -2.995450
v 1.797270 0.000000 -2.995450
v 1.797270 0.000000 -4.193630
v 0.599090 0.000000 -4.193630
v 0.599090 0.000000 -2.995450
v 4.193630 0.000000 -2.995450
v 4.193630 0.000000 -4.193630
v 2.995450 0.000000 -4.193630
v 2.995450 0.000000 -2.995450
v 6.589990 0.000000 -2.995450
v 6.589990 0.000000 -4.193630
v 5.391810 0.000000 -4.193630
v 5.391810 0.000000 -2.995450
v 8.986351 0.000000 -2.995450
v 8.986351 0.000000 -4.193630
v 7.788170 0.000000 -4.193630
v 7.788170 0.000000 -2.995450
v 11.382711 0.000000 -2.995450
v 11.382711 0.000000 -4.193630
v 10.184530 0.000000 -4.193630
v 10.184531 0.000000 -2.995450
v -10.184530 0.000000 -5.391810
v -10.184530 0.000000 -6.589990
v -11.382711 0.000000 -6.589990
v -11.382711 0.000000 -5.391810
v -7.788170 0.000000 -5.391810
v -7.788170 0.000000 -6.589990
v -8.986350 0.000000 -6.589990
v -8.986351 0.000000 -5.391810
v -5.391810 0.000000 -5.391810
v -5.391810 0.000000 -6.589990
v -6.589990 0.000000 -6.589990
v -6.589990 0.000000 -5.391810
v -2.995450 0.000000 -5.391810
v -2.995450 0.000000 -6.589990
v -4.193630 0.000000 -6.589990
v -4.193630 0.000000 -5.391810
v -0.599090 0.000000 -5.391810
v -0.599090 0.000000 -6.589990
v -1.797270 0.000000 -6.589990
v -1.797270 0.000000 -5.391810
v 1.797270 0.000000 -5.391810
v 1.797270 0.000000 -6.589990
v 0.599090 0.000000 -6.589990
v 0.599090 0.000000 -5.391810
v 4.193630 0.000000 -5.391810
v 4.193630 0.000000 -6.589990
v 2.995450 0.000000 -6.589990
v 2.995450 0.000000 -5.391810
v 6.589990 0.000000 -5.391810
v 6.589990 0.000000 -6.589990
v 5.391810 0.000000 -6.589990
v 5.391810 0.000000 -5.391810
v 8.986351 0.000000 -5.391810
v 8.986351 0.000000 -6.589990
v 7.788170 0.000000 -6.589990
v 7.788170 0.000000 -5.391810
v 11.382711 0.000000 -5.391810
v 11.382711 0.000000 -6.589990
v 10.184530 0.000000 -6.589990
v 10.184531 0.000000 -5.391810
v -10.184530 0.000000 -7.788170
v -10.184530 0.000000 -8.986351
v -11.382711 0.000000 -8.986351
v -11.382711 0.000000 -7.788170
v -7.788170 0.000000 -7.788170
v -7.788170 0.000000 -8.986351
v -8.986350 0.000000 -8.986351
v -8.986351 0.000000 -7.788170
v -5.391810 0.000000 -7.788170
v -5.391810 0.000000 -8.986351
v -6.589990 0.000000 -8.986351
v -6.589990 0.000000 -7.788170
v -2.995450 0.000000 -7.788170
v -2.995450 0.000000 -8.986351
v -4.193630 0.000000 -8.986351
v -4.193630 0.000000 -7.788170
v -0.599090 0.000000 -7.788170
v -0.599090 0.000000 -8.986351
v -1.797270 0.000000 -8.986351
v -1.797270 0.000000 -7.788170
v 1.797270 0.000000 -7.788170
v 1.797270 0.000000 -8.986351
v 0.599090 0.000000 -8.986351
v 0.599090 0.000000 -7.788170
v 4.193630 0.000000 -7.788170
v 4.193630 0.000000 -8.986351
v 2.995450 0.000000 -8.986351
v 2.995450 0.000000 -7.788170
v 6.589990 0.000000 -7.788170
v 6.589990 0.000000 -8.986351
v 5.391810 0.000000 -8.986351
v 5.391810 0.000000 -7.788170
v 8.986351 0.000000 -7.788170
v 8.986351 0.000000 -8.986351
v 7.788170 0.000000 -8.986351
v 7.788170 0.000000 -7.788170
v 11.382711 0.000000 -7.788170
v 11.382711 0.000000 -8.986351
v 10.184530 0.000000 -8.986351
v 10.184531 0.000000 -7.788170
v -10.184530 0.000000 -10.184531
v -10.184530 0.000000 -11.382711
v -11.382711 0.000000 -11.382711
v -11.382711 0.000000 -10.184530
v -7.788170 0.000000 -10.184531
v -7.788170 0.000000 -11.382711
v -8.986350 0.000000 -11.382711
v -8.986351 0.000000 -10.184530
v -5.391810 0.000000 -10.184531
v -5.391810 0.000000 -11.382711
v -6.589990 0.000000 -11.382711
v -6.589990 0.000000 -10.184530
v -2.995450 0.000000 -10.184531
v -2.995450 0.000000 -11.382711
v -4.193630 0.000000 -11.382711
v -4.193630 0.000000 -10.184530
v -0.599090 0.000000 -10.184531
v -0.599090 0.000000 -11.382711
v -1.797270 0.000000 -11.382711
v -1.797270 0.000000 -10.184530
v 1.797270 0.000000 -10.184531
v 1.797270 0.000000 -11.382711
v 0.599090 0.000000 -11.382711
v 0.599090 0.000000 -10.184530
v 4.193630 0.000000 -10.184531
v 4.193630 0.000000 -11.382711
v 2.995450 0.000000 -11.382711
v 2.995450 0.000000 -10.184530
v 6.589990 0.000000 -10.184531
v 6.589990 0.000000 -11.382711
v 5.391810 0.000000 -11.382711
v 5.391810 0.000000 -10.184530
v 8.986351 0.000000 -10.184531
v 8.986351 0.000000 -11.382711
v 7.788170 0.000000 -11.382711
v 7.788170 0.000000 -10.184530
v 11.382711 0.000000 -10.184531
v 11.382711 0.000000 -11.382711
v 10.184530 0.000000 -11.382711
v 10.184531 0.000000 -10.184530
vt 0.000000 0.000000
vt 0.100000 0.000000
vt 0.200000 0.000000
vt 0.300000 0.000000
vt 0.400000 0.000000
vt 0.500000 0.000000
vt 0.600000 0.000000
vt 0.700000 0.000000
vt 0.800000 0.000000
vt 0.900000 0.000000
vt 1.000000 0.000000
vt 0.000000 0.100000
vt 0.100000 0.100000
vt 0.200000 0.100000
vt 0.300000 0.100000
vt 0.400000 0.100000
vt 0.500000 0.100000
vt 0.600000 0.100000
vt 0.700000 0.100000
vt 0.800000 0.100000
vt 0.900000 0.100000
vt 1.000000 0.100000
vt 0.000000 0.200000
vt 0.100000 0.200000
vt 0.200000 0.200000
vt 0.300000 0.200000
vt 0.400000 0.200000
vt 0.500000 0.200000
vt 0.600000 0.200000
vt 0.700000 0.200000
vt 0.800000 0.200000
vt 0.900000 0.200000
vt 1.000000 0.200000
vt 0.000000 0.300000
vt 0.100000 0.300000
vt 0.200000 0.300000
vt 0.300000 0.300000
vt 0.400000 0.300000
vt 0.500000 0.300000
vt 0.600000 0.300000
vt 0.700000 0.300000
vt 0.800000 0.300000
vt 0.900000 0.300000
vt 1.000000 0.300000
vt 0.000000 0.400000
vt 0.100000 0.400000
vt 0.200000 0.400000
vt 0.300000 0.400000
vt 0.400000 0.400000
vt 0.500000 0.400000
vt 0.600000 0.400000
vt 0.700000 0.400000
vt 0.800000 0.400000
vt 0.900000 0.400000
vt 1.000000 0.400000
vt 0.000000 0.500000
vt 0.100000 0.500000
vt 0.200000 0.500000
vt 0.300000 0.500000
vt 0.400000 0.500000
vt 0.500000 0.500000
vt 0.600000 0.500000
vt 0.700000 0.500000
vt 0.800000 0.500000
vt 0.900000 0.500000
vt 1.000000 0.500000
vt 0.000000 0.600000
vt 0.100000 0.600000
vt 0.200000 0.600000
vt 0.300000 0.600000
vt 0.400000 0.600000
vt 0.500000 0.600000
vt 0.600000 0.600000
vt 0.700000 0.600000
vt 0.800000 0.600000
vt 0.900000 0.600000
vt 1.000000 0.600000
vt 0.000000 0.700000
vt 0.100000 0.700000
vt 0.200000 0.700000
vt 0.300000 0.700000
vt 0.400000 0.700000
vt 0.500000 0.700000
vt 0.600000 0.700000
vt 0.700000 0.700000
vt 0.800000 0.700000
vt 0.900000 0.700000
vt 1.000000 0.700000
vt 0.000000 0.800000
vt 0.100000 0.800000
vt 0.200000 0.800000
vt 0.300000 0.800000
vt 0.400000 0.800000
vt 0.500000 0.800000
vt 0.600000 0.800000
vt 0.700000 0.800000
vt 0.800000 0.800000
vt 0.900000 0.800000
vt 1.000000 0.800000
vt 0.000000 0.900000
vt 0.100000 0.900000
vt 0.200000 0.900000
vt 0.300000 0.900000
vt 0.400000 0.900000
vt 0.500000 0.900000
vt 0.600000 0.900000
vt 0.700000 0.900000
vt 0.800000 0.900000
vt 0.900000 0.900000
vt 1.000000 0.900000
vt 0.000000 1.000000
vt 0.100000 1.000000
vt 0.200000 1.000000
vt 0.300000 1.000000
vt 0.400000 1.000000
vt 0.500000 1.000000
vt 0.600000 1.000000
vt 0.700000 1.000000
vt 0.800000 1.000000
vt 0.900000 1.000000
vt 1.000000 1.000000
vt 0.050000 0.050000
vt 0.150000 0.050000
vt 0.250000 0.050000
vt 0.350000 0.050000
vt 0.450000 0.050000
vt 0.550000 0.050000
vt 0.650000 0.050000
vt 0.750000 0.050000
vt 0.850000 0.050000
vt 0.950000 0.050000
vt 0.050000 0.150000
vt 0.150000 0.150000
vt 0.250000 0.150000
vt 0.350000 0.150000
vt 0.450000 0.150000
vt 0.550000 0.150000
vt 0.650000 0.150000
vt 0.750000 0.150000
vt 0.850000 0.150000
vt 0.950000 0.150000
vt 0.050000 0.250000
vt 0.150000 0.250000
vt 0.250000 0.250000
vt 0.350000 0.250000
vt 0.450000 0.250000
vt 0.550000 0.250000
vt 0.650000 0.250000
vt 0.750000 0.250000
vt 0.850000 0.250000
vt 0.950000 0.250000
vt 0.050000 0.350000
vt 0.150000 0.350000
vt 0.250000 0.350000
vt 0.350000 0.350000
vt 0.450000 0.350000
vt 0.550000 0.350000
vt 0.650000 0.350000
vt 0.750000 0.350000
vt 0.850000 0.350000
vt 0.950000 0.350000
vt 0.050000 0.450000
vt 0.150000 0.450000
vt 0.250000 0.450000
vt 0.350000 0.450000
vt 0.450000 0.450000
vt 0.550000 0.450000
vt 0.650000 0.450000
vt 0.750000 0.450000
vt 0.850000 0.450000
vt 0.950000 0.450000
vt 0.050000 0.550000
vt 0.150000 0.550000
vt 0.250000 0.550000
vt 0.350000 0.550000
vt 0.450000 0.550000
vt 0.550000 0.550000
vt 0.650000 0.550000
vt 0.750000 0.550000
vt 0.850000 0.550000
vt 0.950000 0.550000
vt 0.050000 0.650000
vt 0.150000 0.650000
vt 0.250000 0.650000
vt 0.350000 0.650000
vt 0.450000 0.650000
vt 0.550000 0.650000
vt 0.650000 0.650000
vt 0.750000 0.650000
vt 0.850000 0.650000
vt 0.950000 0.650000
vt 0.050000 0.750000
vt 0.150000 0.750000
vt 0.250000 0.750000
vt 0.350000 0.750000
vt 0.450000 0.750000
vt 0.550000 0.750000
vt 0.650000 0.750000
vt 0.750000 0.750000
vt 0.850000 0.750000
vt 0.950000 0.750000
vt 0.050000 0.850000
vt 0.150000 0.850000
vt 0.250000 0.850000
vt 0.350000 0.850000
vt 0.450000 0.850000
vt 0.550000 0.850000
vt 0.650000 0.850000
vt 0.750000 0.850000
vt 0.850000 0.850000
vt 0.950000 0.850000
vt 0.050000 0.950000
vt 0.150000 0.950000
vt 0.250000 0.950000
vt 0.350000 0.950000
vt 0.450000 0.950000
vt 0.550000 0.950000
vt 0.650000 0.950000
vt 0.750000 0.950000
vt 0.850000 0.950000
vt 0.950000 0.950000
vt 0.050000 0.000000
vt 0.100000 0.050000
vt 0.050000 0.100000
vt 0.000000 0.050000
vt 0.150000 0.000000
vt 0.200000 0.050000
vt 0.150000 0.100000
vt 0.250000 0.000000
vt 0.300000 0.050000
vt 0.250000 0.100000
vt 0.350000 0.000000
vt 0.400000 0.050000
vt 0.350000 0.100000
vt 0.450000 0.000000
vt 0.500000 0.050000
vt 0.450000 0.100000
vt 0.550000 0.000000
vt 0.600000 0.050000
vt 0.550000 0.100000
vt 0.650000 0.000000
vt 0.700000 0.050000
vt 0.650000 0.100000
vt 0.750000 0.000000
vt 0.800000 0.050000
vt 0.750000 0.100000
vt 0.850000 0.000000
vt 0.900000 0.050000
vt 0.850000 0.100000
vt 0.950000 0.000000
vt 1.000000 0.050000
vt 0.950000 0.100000
vt 0.100000 0.150000
vt 0.050000 0.200000
vt 0.000000 0.150000
vt 0.200000 0.150000
vt 0.150000 0.200000
vt 0.300000 0.150000
vt 0.250000 0.200000
vt 0.400000 0.150000
vt 0.350000 0.200000
vt 0.500000 0.150000
vt 0.450000 0.200000
vt 0.600000 0.150000
vt 0.550000 0.200000
vt 0.700000 0.150000
vt 0.650000 0.200000
vt 0.800000 0.150000
vt 0.750000 0.200000
vt 0.900000 0.150000
vt 0.850000 0.200000
vt 1.000000 0.150000
vt 0.950000 0.200000
vt 0.100000 0.250000
vt 0.050000 0.300000
vt 0.000000 0.250000
vt 0.200000 0.250000
vt 0.150000 0.300000
vt 0.300000 0.250000
vt 0.250000 0.300000
vt 0.400000 0.250000
vt 0.350000 0.300000
vt 0.500000 0.250000
vt 0.450000 0.300000
vt 0.600000 0.250000
vt 0.550000 0.300000
vt 0.700000 0.250000
vt 0.650000 0.300000
vt 0.800000 0.250000
vt 0.750000 0.300000
vt 0.900000 0.250000
vt 0.850000 0.300000
vt 1.000000 0.250000
vt 0.950000 0.300000
vt 0.100000 0.350000
vt 0.050000 0.400000
vt 0.000000 0.350000
vt 0.200000 0.350000
vt 0.150000 0.400000
vt 0.300000 0.350000
vt 0.250000 0.400000
vt 0.400000 0.350000
vt 0.350000 0.400000
vt 0.500000 0.350000
vt 0.450000 0.400000
vt 0.600000 0.350000
vt 0.550000 0.400000
vt 0.700000 0.350000
vt 0.650000 0.400000
vt 0.800000 0.350000
vt 0.750000 0.400000
vt 0.900000 0.350000
vt 0.850000 0.400000
vt 1.000000 0.350000
vt 0.950000 0.400000
vt 0.100000 0.450000
vt 0.050000 0.500000
vt 0.000000 0.450000
vt 0.200000 0.450000
vt 0.150000 0.500000
vt 0.300000 0.450000
vt 0.250000 0.500000
vt 0.400000 0.450000
vt 0.350000 0.500000
vt 0.500000 0.450000
vt 0.450000 0.500000
vt 0.600000 0.450000
vt 0.550000 0.500000
vt 0.700000 0.450000
vt 0.650000 0.500000
vt 0.800000 0.450000
vt 0.750000 0.500000
vt 0.900000 0.450000
vt 0.850000 0.500000
vt 1.000000 0.450000
vt 0.950000 0.500000
vt 0.100000 0.550000
vt 0.050000 0.600000
vt 0.000000 0.550000
vt 0.200000 0.550000
vt 0.150000 0.600000
vt 0.300000 0.550000
vt 0.250000 0.600000
vt 0.400000 0.550000
vt 0.350000 0.600000
vt 0.500000 0.550000
vt 0.450000 0.600000
vt 0.600000 0.550000
vt 0.550000 0.600000
vt 0.700000 0.550000
vt 0.650000 0.600000
vt 0.800000 0.550000
vt 0.750000 0.600000
vt 0.900000 0.550000
vt 0.850000 0.600000
vt 1.000000 0.550000
vt 0.950000 0.600000
vt 0.100000 0.650000
vt 0.050000 0.700000
vt 0.000000 0.650000
vt 0.200000 0.650000
vt 0.150000 0.700000
vt 0.300000 0.650000
vt 0.250000 0.700000
vt 0.400000 0.650000
vt 0.350000 0.700000
vt 0.500000 0.650000
vt 0.450000 0.700000
vt 0.600000 0.650000
vt 0.550000 0.700000
vt 0.700000 0.650000
vt 0.650000 0.700000
vt 0.800000 0.650000
vt 0.750000 0.700000
vt 0.900000 0.650000
vt 0.850000 0.700000
vt 1.000000 0.650000
vt 0.950000 0.700000
vt 0.100000 0.750000
vt 0.050000 0.800000
vt 0.000000 0.750000
vt 0.200000 0.750000
vt 0.150000 0.800000
vt 0.300000 0.750000
vt 0.250000 0.800000
vt 0.400000 0.750000
vt 0.350000 0.800000
vt 0.500000 0.750000
vt 0.450000 0.800000
vt 0.600000 0.750000
vt 0.550000 0.800000
vt 0.700000 0.750000
vt 0.650000 0.800000
vt 0.800000 0.750000
vt 0.750000 0.800000
vt 0.900000 0.750000
vt 0.850000 0.800000
vt 1.000000 0.750000
vt 0.950000 0.800000
vt 0.100000 0.850000
vt 0.050000 0.900000
vt 0.000000 0.850000
vt 0.200000 0.850000
vt 0.150000 0.900000
vt 0.300000 0.850000
vt 0.250000 0.900000
vt 0.400000 0.850000
vt 0.350000 0.900000
vt 0.500000 0.850000
vt 0.450000 0.900000
vt 0.600000 0.850000
vt 0.550000 0.900000
vt 0.700000 0.850000
vt 0.650000 0.900000
vt 0.800000 0.850000
vt 0.750000 0.900000
vt 0.900000 0.850000
vt 0.850000 0.900000
vt 1.000000 0.850000
vt 0.950000 0.900000
vt 0.100000 0.950000
vt 0.050000 1.000000
vt 0.000000 0.950000
vt 0.200000 0.950000
vt 0.150000 1.000000
vt 0.300000 0.950000
vt 0.250000 1.000000
vt 0.400000 0.950000
vt 0.350000 1.000000
vt 0.500000 0.950000
vt 0.450000 1.000000
vt 0.600000 0.950000
vt 0.550000 1.000000
vt 0.700000 0.950000
vt 0.650000 1.000000
vt 0.800000 0.950000
vt 0.750000 1.000000
vt 0.900000 0.950000
vt 0.850000 1.000000
vt 1.000000 0.950000
vt 0.950000 1.000000
vt 0.075000 0.025000
vt 0.075000 0.075000
vt 0.025000 0.075000
vt 0.025000 0.025000
vt 0.175000 0.025000
vt 0.175000 0.075000
vt 0.125000 0.075000
vt 0.125000 0.025000
vt 0.275000 0.025000
vt 0.275000 0.075000
vt 0.225000 0.075000
vt 0.225000 0.025000
vt 0.375000 0.025000
vt 0.375000 0.075000
vt 0.325000 0.075000
vt 0.325000 0.025000
vt 0.475000 0.025000
vt 0.475000 0.075000
vt 0.425000 0.075000
vt 0.425000 0.025000
vt 0.575000 0.025000
vt 0.575000 0.075000
vt 0.525000 0.075000
vt 0.525000 0.025000
vt 0.675000 0.025000
vt 0.675000 0.075000
vt 0.625000 0.075000
vt 0.625000 0.025000
vt 0.775000 0.025000
vt 0.775000 0.075000
vt 0.725000 0.075000
vt 0.725000 0.025000
vt 0.875000 0.025000
vt 0.875000 0.075000
vt 0.825000 0.075000
vt 0.825000 0.025000
vt 0.975000 0.025000
vt 0.975000 0.075000
vt 0.925000 0.075000
vt 0.925000 0.025000
vt 0.075000 0.125000
vt 0.075000 0.175000
vt 0.025000 0.175000
vt 0.025000 0.125000
vt 0.175000 0.125000
vt 0.175000 0.175000
vt 0.125000 0.175000
vt 0.125000 0.125000
vt 0.275000 0.125000
vt 0.275000 0.175000
vt 0.225000 0.175000
vt 0.225000 0.125000
vt 0.375000 0.125000
vt 0.375000 0.175000
vt 0.325000 0.175000
vt 0.325000 0.125000
vt 0.475000 0.125000
vt 0.475000 0.175000
vt 0.425000 0.175000
vt 0.425000 0.125000
vt 0.575000 0.125000
vt 0.575000 0.175000
vt 0.525000 0.175000
vt 0.525000 0.125000
vt 0.675000 0.125000
vt 0.675000 0.175000
vt 0.625000 0.175000
vt 0.625000 0.125000
vt 0.775000 0.125000
vt 0.775000 0.175000
vt 0.725000 0.175000
vt 0.725000 0.125000
vt 0.875000 0.125000
vt 0.875000 0.175000
vt 0.825000 0.175000
vt 0.825000 0.125000
vt 0.975000 0.125000
vt 0.975000 0.175000
vt 0.925000 0.175000
vt 0.925000 0.125000
vt 0.075000 0.225000
vt 0.075000 0.275000
vt 0.025000 0.275000
vt 0.025000 0.225000
vt 0.175000 0.225000
vt 0.175000 0.275000
vt 0.125000 0.275000
vt 0.125000 0.225000
vt 0.275000 0.225000
vt 0.275000 0.275000
vt 0.225000 0.275000
vt 0.225000 0.225000
vt 0.375000 0.225000
vt 0.375000 0.275000
vt 0.325000 0.275000
vt 0.325000 0.225000
vt 0.475000 0.225000
vt 0.475000 0.275000
vt 0.425000 0.275000
vt 0.425000 0.225000
vt 0.575000 0.225000
vt 0.575000 0.275000
vt 0.525000 0.275000
vt 0.525000 0.225000
vt 0.675000 0.225000
vt 0.675000 0.275000
vt 0.625000 0.275000
vt 0.625000 0.225000
vt 0.775000 0.225000
vt 0.775000 0.275000
vt 0.725000 0.275000
vt 0.725000 0.225000
vt 0.875000 0.225000
vt 0.875000 0.275000
vt 0.825000 0.275000
vt 0.825000 0.225000
vt 0.975000 0.225000
vt 0.975000 0.275000
vt 0.925000 0.275000
vt 0.925000 0.225000
vt 0.075000 0.325000
vt 0.075000 0.375000
vt 0.025000 0.375000
vt 0.025000 0.325000
vt 0.175000 0.325000
vt 0.175000 0.375000
vt 0.125000 0.375000
vt 0.125000 0.325000
vt 0.275000 0.325000
vt 0.275000 0.375000
vt 0.225000 0.375000
vt 0.225000 0.325000
vt 0.375000 0.325000
vt 0.375000 0.375000
vt 0.325000 0.375000
vt 0.325000 0.325000
vt 0.475000 0.325000
vt 0.475000 0.375000
vt 0.425000 0.375000
vt 0.425000 0.325000
vt 0.575000 0.325000
vt 0.575000 0.375000
vt 0.525000 0.375000
vt 0.525000 0.325000
vt 0.675000 0.325000
vt 0.675000 0.375000
vt 0.625000 0.375000
vt 0.625000 0.325000
vt 0.775000 0.325000
vt 0.775000 0.375000
vt 0.725000 0.375000
vt 0.725000 0.325000
vt 0.875000 0.325000
vt 0.875000 0.375000
vt 0.825000 0.375000
vt 0.825000 0.325000
vt 0.975000 0.325000
vt 0.975000 0.375000
vt 0.925000 0.375000
vt 0.925000 0.325000
vt 0.075000 0.425000
vt 0.075000 0.475000
vt 0.025000 0.475000
vt 0.025000 0.425000
vt 0.175000 0.425000
vt 0.175000 0.475000
vt 0.125000 0.475000
vt 0.125000 0.425000
vt 0.275000 0.425000
vt 0.275000 0.475000
vt 0.225000 0.475000
vt 0.225000 0.425000
vt 0.375000 0.425000
vt 0.375000 0.475000
vt 0.325000 0.475000
vt 0.325000 0.425000
vt 0.475000 0.425000
vt 0.475000 0.475000
vt 0.425000 0.475000
vt 0.425000 0.425000
vt 0.575000 0.425000
vt 0.575000 0.475000
vt 0.525000 0.475000
vt 0.525000 0.425000
vt 0.675000 0.425000
vt 0.675000 0.475000
vt 0.625000 0.475000
vt 0.625000 0.425000
vt 0.775000 0.425000
vt 0.775000 0.475000
vt 0.725000 0.475000
vt 0.725000 0.425000
vt 0.875000 0.425000
vt 0.875000 0.475000
vt 0.825000 0.475000
vt 0.825000 0.425000
vt 0.975000 0.425000
vt 0.975000 0.475000
vt 0.925000 0.475000
vt 0.925000 0.425000
vt 0.075000 0.525000
vt 0.075000 0.575000
vt 0.025000 0.575000
vt 0.025000 0.525000
vt 0.175000 0.525000
vt 0.175000 0.575000
vt 0.125000 0.575000
vt 0.125000 0.525000
vt 0.275000 0.525000
vt 0.275000 0.575000
vt 0.225000 0.575000
vt 0.225000 0.525000
vt 0.375000 0.525000
vt 0.375000 0.575000
vt 0.325000 0.575000
vt 0.325000 0.525000
vt 0.475000 0.525000
vt 0.475000 0.575000
vt 0.425000 0.575000
vt 0.425000 0.525000
vt 0.575000 0.525000
vt 0.575000 0.575000
vt 0.525000 0.575000
vt 0.525000 0.525000
vt 0.675000 0.525000
vt 0.675000 0.575000
vt 0.625000 0.575000
vt 0.625000 0.525000
vt 0.775000 0.525000
vt 0.775000 0.575000
vt 0.725000 0.575000
vt 0.725000 0.525000
vt 0.875000 0.525000
vt 0.875000 0.575000
vt 0.825000 0.575000
vt 0.825000 0.525000
vt 0.975000 0.525000
vt 0.975000 0.575000
vt 0.925000 0.575000
vt 0.925000 0.525000
vt 0.075000 0.625000
vt 0.075000 0.675000
vt 0.025000 0.675000
vt 0.025000 0.625000
vt 0.175000 0.625000
vt 0.175000 0.675000
vt 0.125000 0.675000
vt 0.125000 0.625000
vt 0.275000 0.625000
vt 0.275000 0.675000
vt 0.225000 0.675000
vt 0.225000 0.625000
vt 0.375000 0.625000
vt 0.375000 0.675000
vt 0.325000 0.675000
vt 0.325000 0.625000
vt 0.475000 0.625000
vt 0.475000 0.675000
vt 0.425000 0.675000
vt 0.425000 0.625000
vt 0.575000 0.625000
vt 0.575000 0.675000
vt 0.525000 0.675000
vt 0.525000 0.625000
vt 0.675000 0.625000
vt 0.675000 0.675000
vt 0.625000 0.675000
vt 0.625000 0.625000
vt 0.775000 0.625000
vt 0.775000 0.675000
vt 0.725000 0.675000
vt 0.725000 0.625000
vt 0.875000 0.625000
vt 0.875000 0.675000
vt 0.825000 0.675000
vt 0.825000 0.625000
vt 0.975000 0.625000
vt 0.975000 0.675000
vt 0.925000 0.675000
vt 0.925000 0.625000
vt 0.075000 0.725000
vt 0.075000 0.775000
vt 0.025000 0.775000
vt 0.025000 0.725000
vt 0.175000 0.725000
vt 0.175000 0.775000
vt 0.125000 0.775000
vt 0.125000 0.725000
vt 0.275000 0.725000
vt 0.275000 0.775000
vt 0.225000 0.775000
vt 0.225000 0.725000
vt 0.375000 0.725000
vt 0.375000 0.775000
vt 0.325000 0.775000
vt 0.325000 0.725000
vt 0.475000 0.725000
vt 0.475000 0.775000
vt 0.425000 0.775000
vt 0.425000 0.725000
vt 0.575000 0.725000
vt 0.575000 0.775000
vt 0.525000 0.775000
vt 0.525000 0.725000
vt 0.675000 0.725000
vt 0.675000 0.775000
vt 0.625000 0.775000
vt 0.625000 0.725000
vt 0.775000 0.725000
vt 0.775000 0.775000
vt 0.725000 0.775000
vt 0.725000 0.725000
vt 0.875000 0.725000
vt 0.875000 0.775000
vt 0.825000 0.775000
vt 0.825000 0.725000
vt 0.975000 0.725000
vt 0.975000 0.775000
vt 0.925000 0.775000
vt 0.925000 0.725000
vt 0.075000 0.825000
vt 0.075000 0.875000
vt 0.025000 0.875000
vt 0.025000 0.825000
vt 0.175000 0.825000
vt 0.175000 0.875000
vt 0.125000 0.875000
vt 0.125000 0.825000
vt 0.275000 0.825000
vt 0.275000 0.875000
vt 0.225000 0.875000
vt 0.225000 0.825000
vt 0.375000 0.825000
vt 0.375000 0.875000
vt 0.325000 0.875000
vt 0.325000 0.825000
vt 0.475000 0.825000
vt 0.475000 0.875000
vt 0.425000 0.875000
vt 0.425000 0.825000
vt 0.575000 0.825000
vt 0.575000 0.875000
vt 0.525000 0.875000
vt 0.525000 0.825000
vt 0.675000 0.825000
vt 0.675000 0.875000
vt 0.625000 0.875000
vt 0.625000 0.825000
vt 0.775000 0.825000
vt 0.775000 0.875000
vt 0.725000 0.875000
vt 0.725000 0.825000
vt 0.875000 0.825000
vt 0.875000 0.875000
vt 0.825000 0.875000
vt 0.825000 0.825000
vt 0.975000 0.825000
vt 0.975000 0.875000
vt 0.925000 0.875000
vt 0.925000 0.825000
vt 0.075000 0.925000
vt 0.075000 0.975000
vt 0.025000 0.975000
vt 0.025000 0.925000
vt 0.175000 0.925000
vt 0.175000 0.975000
vt 0.125000 0.975000
vt 0.125000 0.925000
vt 0.275000 0.925000
vt 0.275000 0.975000
vt 0.225000 0.975000
vt 0.225000 0.925000
vt 0.375000 0.925000
vt 0.375000 0.975000
vt 0.325000 0.975000
vt 0.325000 0.925000
vt 0.475000 0.925000
vt 0.475000 0.975000
vt 0.425000 0.975000
vt 0.425000 0.925000
vt 0.575000 0.925000
vt 0.575000 0.975000
vt 0.525000 0.975000
vt 0.525000 0.925000
vt 0.675000 0.925000
vt 0.675000 0.975000
vt 0.625000 0.975000
vt 0.625000 0.925000
vt 0.775000 0.925000
vt 0.775000 0.975000
vt 0.725000 0.975000
vt 0.725000 0.925000
vt 0.875000 0.925000
vt 0.875000 0.975000
vt 0.825000 0.975000
vt 0.825000 0.925000
vt 0.975000 0.925000
vt 0.975000 0.975000
vt 0.925000 0.975000
vt 0.925000 0.925000
vt 0.075000 0.000000
vt 0.100000 0.025000
vt 0.075000 0.050000
vt 0.050000 0.025000
vt 0.100000 0.075000
vt 0.075000 0.100000
vt 0.050000 0.075000
vt 0.025000 0.100000
vt 0.000000 0.075000
vt 0.025000 0.050000
vt 0.000000 0.025000
vt 0.025000 0.000000
vt 0.175000 0.000000
vt 0.200000 0.025000
vt 0.175000 0.050000
vt 0.150000 0.025000
vt 0.200000 0.075000
vt 0.175000 0.100000
vt 0.150000 0.075000
vt 0.125000 0.100000
vt 0.125000 0.050000
vt 0.125000 0.000000
vt 0.275000 0.000000
vt 0.300000 0.025000
vt 0.275000 0.050000
vt 0.250000 0.025000
vt 0.300000 0.075000
vt 0.275000 0.100000
vt 0.250000 0.075000
vt 0.225000 0.100000
vt 0.225000 0.050000
vt 0.225000 0.000000
vt 0.375000 0.000000
vt 0.400000 0.025000
vt 0.375000 0.050000
vt 0.350000 0.025000
vt 0.400000 0.075000
vt 0.375000 0.100000
vt 0.350000 0.075000
vt 0.325000 0.100000
vt 0.325000 0.050000
vt 0.325000 0.000000
vt 0.475000 0.000000
vt 0.500000 0.025000
vt 0.475000 0.050000
vt 0.450000 0.025000
vt 0.500000 0.075000
vt 0.475000 0.100000
vt 0.450000 0.075000
vt 0.425000 0.100000
vt 0.425000 0.050000
vt 0.425000 0.000000
vt 0.575000 0.000000
vt 0.600000 0.025000
vt 0.575000 0.050000
vt 0.550000 0.025000
vt 0.600000 0.075000
vt 0.575000 0.100000
vt 0.550000 0.075000
vt 0.525000 0.100000
vt 0.525000 0.050000
vt 0.525000 0.000000
vt 0.675000 0.000000
vt 0.700000 0.025000
vt 0.675000 0.050000
vt 0.650000 0.025000
vt 0.700000 0.075000
vt 0.675000 0.100000
vt 0.650000 0.075000
vt 0.625000 0.100000
vt 0.625000 0.050000
vt 0.625000 0.000000
vt 0.775000 0.000000
vt 0.800000 0.025000
vt 0.775000 0.050000
vt 0.750000 0.025000
vt 0.800000 0.075000
vt 0.775000 0.100000
vt 0.750000 0.075000
vt 0.725000 0.100000
vt 0.725000 0.050000
vt 0.725000 0.000000
vt 0.875000 0.000000
vt 0.900000 0.025000
vt 0.875000 0.050000
vt 0.850000 0.025000
vt 0.900000 0.075000
vt 0.875000 0.100000
vt 0.850000 0.075000
vt 0.825000 0.100000
vt 0.825000 0.050000
vt 0.825000 0.000000
vt 0.975000 0.000000
vt 1.000000 0.025000
vt 0.975000 0.050000
vt 0.950000 0.025000
vt 1.000000 0.075000
vt 0.975000 0.100000
vt 0.950000 0.075000
vt 0.925000 0.100000
vt 0.925000 0.050000
vt 0.925000 0.000000
vt 0.100000 0.125000
vt 0.075000 0.150000
vt 0.050000 0.125000
vt 0.100000 0.175000
vt 0.075000 0.200000
vt 0.050000 0.175000
vt 0.025000 0.200000
vt 0.000000 0.175000
vt 0.025000 0.150000
vt 0.000000 0.125000
vt 0.200000 0.125000
vt 0.175000 0.150000
vt 0.150000 0.125000
vt 0.200000 0.175000
vt 0.175000 0.200000
vt 0.150000 0.175000
vt 0.125000 0.200000
vt 0.125000 0.150000
vt 0.300000 0.125000
vt 0.275000 0.150000
vt 0.250000 0.125000
vt 0.300000 0.175000
vt 0.275000 0.200000
vt 0.250000 0.175000
vt 0.225000 0.200000
vt 0.225000 0.150000
vt 0.400000 0.125000
vt 0.375000 0.150000
vt 0.350000 0.125000
vt 0.400000 0.175000
vt 0.375000 0.200000
vt 0.350000 0.175000
vt 0.325000 0.200000
vt 0.325000 0.150000
vt 0.500000 0.125000
vt 0.475000 0.150000
vt 0.450000 0.125000
vt 0.500000 0.175000
vt 0.475000 0.200000
vt 0.450000 0.175000
vt 0.425000 0.200000
vt 0.425000 0.150000
vt 0.600000 0.125000
vt 0.575000 0.150000
vt 0.550000 0.125000
vt 0.600000 0.175000
vt 0.575000 0.200000
vt 0.550000 0.175000
vt 0.525000 0.200000
vt 0.525000 0.150000
vt 0.700000 0.125000
vt 0.675000 0.150000
vt 0.650000 0.125000
vt 0.700000 0.175000
vt 0.675000 0.200000
vt 0.650000 0.175000
vt 0.625000 0.200000
vt 0.625000 0.150000
vt 0.800000 0.125000
vt 0.775000 0.150000
vt 0.750000 0.125000
vt 0.800000 0.175000
vt 0.775000 0.200000
vt 0.750000 0.175000
vt 0.725000 0.200000
vt 0.725000 0.150000
vt 0.900000 0.125000
vt 0.875000 0.150000
vt 0.850000 0.125000
vt 0.900000 0.175000
vt 0.875000 0.200000
vt 0.850000 0.175000
vt 0.825000 0.200000
vt 0.825000 0.150000
vt 1.000000 0.125000
vt 0.975000 0.150000
vt 0.950000 0.125000
vt 1.000000 0.175000
vt 0.975000 0.200000
vt 0.950000 0.175000
vt 0.925000 0.200000
vt 0.925000 0.150000
vt 0.100000 0.225000
vt 0.075000 0.250000
vt 0.050000 0.225000
vt 0.100000 0.275000
vt 0.075000 0.300000
vt 0.050000 0.275000
vt 0.025000 0.300000
vt 0.000000 0.275000
vt 0.025000 0.250000
vt 0.000000 0.225000
vt 0.200000 0.225000
vt 0.175000 0.250000
vt 0.150000 0.225000
vt 0.200000 0.275000
vt 0.175000 0.300000
vt 0.150000 0.275000
vt 0.125000 0.300000
vt 0.125000 0.250000
vt 0.300000 0.225000
vt 0.275000 0.250000
vt 0.250000 0.225000
vt 0.300000 0.275000
vt 0.275000 0.300000
vt 0.250000 0.275000
vt 0.225000 0.300000
vt 0.225000 0.250000
vt 0.400000 0.225000
vt 0.375000 0.250000
vt 0.350000 0.225000
vt 0.400000 0.275000
vt 0.375000 0.300000
vt 0.350000 0.275000
vt 0.325000 0.300000
vt 0.325000 0.250000
vt 0.500000 0.225000
vt 0.475000 0.250000
vt 0.450000 0.225000
vt 0.500000 0.275000
vt 0.475000 0.300000
vt 0.450000 0.275000
vt 0.425000 0.300000
vt 0.425000 0.250000
vt 0.600000 0.225000
vt 0.575000 0.250000
vt 0.550000 0.225000
vt 0.600000 0.275000
vt 0.575000 0.300000
vt 0.550000 0.275000
vt 0.525000 0.300000
vt 0.525000 0.250000
vt 0.700000 0.225000
vt 0.675000 0.250000
vt 0.650000 0.225000
vt 0.700000 0.275000
vt 0.675000 0.300000
vt 0.650000 0.275000
vt 0.625000 0.300000
vt 0.625000 0.250000
vt 0.800000 0.225000
vt 0.775000 0.250000
vt 0.750000 0.225000
vt 0.800000 0.275000
vt 0.775000 0.300000
vt 0.750000 0.275000
vt 0.725000 0.300000
vt 0.725000 0.250000
vt 0.900000 0.225000
vt 0.875000 0.250000
vt 0.850000 0.225000
vt 0.900000 0.275000
vt 0.875000 0.300000
vt 0.850000 0.275000
vt 0.825000 0.300000
vt 0.825000 0.250000
vt 1.000000 0.225000
vt 0.975000 0.250000
vt 0.950000 0.225000
vt 1.000000 0.275000
vt 0.975000 0.300000
vt 0.950000 0.275000
vt 0.925000 0.300000
vt 0.925000 0.250000
vt 0.100000 0.325000
vt 0.075000 0.350000
vt 0.050000 0.325000
vt 0.100000 0.375000
vt 0.075000 0.400000
vt 0.050000 0.375000
vt 0.025000 0.400000
vt 0.000000 0.375000
vt 0.025000 0.350000
vt 0.000000 0.325000
vt 0.200000 0.325000
vt 0.175000 0.350000
vt 0.150000 0.325000
vt 0.200000 0.375000
vt 0.175000 0.400000
vt 0.150000 0.375000
vt 0.125000 0.400000
vt 0.125000 0.350000
vt 0.300000 0.325000
vt 0.275000 0.350000
vt 0.250000 0.325000
vt 0.300000 0.375000
vt 0.275000 0.400000
vt 0.250000 0.375000
vt 0.225000 0.400000
vt 0.225000 0.350000
vt 0.400000 0.325000
vt 0.375000 0.350000
vt 0.350000 0.325000
vt 0.400000 0.375000
vt 0.375000 0.400000
vt 0.350000 0.375000
vt 0.325000 0.400000
vt 0.325000 0.350000
vt 0.500000 0.325000
vt 0.475000 0.350000
vt 0.450000 0.325000
vt 0.500000 0.375000
vt 0.475000 0.400000
vt 0.450000 0.375000
vt 0.425000 0.400000
vt 0.425000 0.350000
vt 0.600000 0.325000
vt 0.575000 0.350000
vt 0.550000 0.325000
vt 0.600000 0.375000
vt 0.575000 0.400000
vt 0.550000 0.375000
vt 0.525000 0.400000
vt 0.525000 0.350000
vt 0.700000 0.325000
vt 0.675000 0.350000
vt 0.650000 0.325000
vt 0.700000 0.375000
vt 0.675000 0.400000
vt 0.650000 0.375000
vt 0.625000 0.400000
vt 0.625000 0.350000
vt 0.800000 0.325000
vt 0.775000 0.350000
vt 0.750000 0.325000
vt 0.800000 0.375000
vt 0.775000 0.400000
vt 0.750000 0.375000
vt 0.725000 0.400000
vt 0.725000 0.350000
vt 0.900000 0.325000
vt 0.875000 0.350000
vt 0.850000 0.325000
vt 0.900000 0.375000
vt 0.875000 0.400000
vt 0.850000 0.375000
vt 0.825000 0.400000
vt 0.825000 0.350000
vt 1.000000 0.325000
vt 0.975000 0.350000
vt 0.950000 0.325000
vt 1.000000 0.375000
vt 0.975000 0.400000
vt 0.950000 0.375000
vt 0.925000 0.400000
vt 0.925000 0.350000
vt 0.100000 0.425000
vt 0.075000 0.450000
vt 0.050000 0.425000
vt 0.100000 0.475000
vt 0.075000 0.500000
vt 0.050000 0.475000
vt 0.025000 0.500000
vt 0.000000 0.475000
vt 0.025000 0.450000
vt 0.000000 0.425000
vt 0.200000 0.425000
vt 0.175000 0.450000
vt 0.150000 0.425000
vt 0.200000 0.475000
vt 0.175000 0.500000
vt 0.150000 0.475000
vt 0.125000 0.500000
vt 0.125000 0.450000
vt 0.300000 0.425000
vt 0.275000 0.450000
vt 0.250000 0.425000
vt 0.300000 0.475000
vt 0.275000 0.500000
vt 0.250000 0.475000
vt 0.225000 0.500000
vt 0.225000 0.450000
vt 0.400000 0.425000
vt 0.375000 0.450000
vt 0.350000 0.425000
vt 0.400000 0.475000
vt 0.375000 0.500000
vt 0.350000 0.475000
vt 0.325000 0.500000
vt 0.325000 0.450000
vt 0.500000 0.425000
vt 0.475000 0.450000
vt 0.450000 0.425000
vt 0.500000 0.475000
vt 0.475000 0.500000
vt 0.450000 0.475000
vt 0.425000 0.500000
vt 0.425000 0.450000
vt 0.600000 0.425000
vt 0.575000 0.450000
vt 0.550000 0.425000
vt 0.600000 0.475000
vt 0.575000 0.500000
vt 0.550000 0.475000
vt 0.525000 0.500000
vt 0.525000 0.450000
vt 0.700000 0.425000
vt 0.675000 0.450000
vt 0.650000 0.425000
vt 0.700000 0.475000
vt 0.675000 0.500000
vt 0.650000 0.475000
vt 0.625000 0.500000
vt 0.625000 0.450000
vt 0.800000 0.425000
vt 0.775000 0.450000
vt 0.750000 0.425000
vt 0.800000 0.475000
vt 0.775000 0.500000
vt 0.750000 0.475000
vt 0.725000 0.500000
vt 0.725000 0.450000
vt 0.900000 0.425000
vt 0.875000 0.450000
vt 0.850000 0.425000
vt 0.900000 0.475000
vt 0.875000 0.500000
vt 0.850000 0.475000
vt 0.825000 0.500000
vt 0.825000 0.450000
vt 1.000000 0.425000
vt 0.975000 0.450000
vt 0.950000 0.425000
vt 1.000000 0.475000
vt 0.975000 0.500000
vt 0.950000 0.475000
vt 0.925000 0.500000
vt 0.925000 0.450000
vt 0.100000 0.525000
vt 0.075000 0.550000
vt 0.050000 0.525000
vt 0.100000 0.575000
vt 0.075000 0.600000
vt 0.050000 0.575000
vt 0.025000 0.600000
vt 0.000000 0.575000
vt 0.025000 0.550000
vt 0.000000 0.525000
vt 0.200000 0.525000
vt 0.175000 0.550000
vt 0.150000 0.525000
vt 0.200000 0.575000
vt 0.175000 0.600000
vt 0.150000 0.575000
vt 0.125000 0.600000
vt 0.125000 0.550000
vt 0.300000 0.525000
vt 0.275000 0.550000
vt 0.250000 0.525000
vt 0.300000 0.575000
vt 0.275000 0.600000
vt 0.250000 0.575000
vt 0.225000 0.600000
vt 0.225000 0.550000
vt 0.400000 0.525000
vt 0.375000 0.550000
vt 0.350000 0.525000
vt 0.400000 0.575000
vt 0.375000 0.600000
vt 0.350000 0.575000
vt 0.325000 0.600000
vt 0.325000 0.550000
vt 0.500000 0.525000
vt 0.475000 0.550000
vt 0.450000 0.525000
vt 0.500000 0.575000
vt 0.475000 0.600000
vt 0.450000 0.575000
vt 0.425000 0.600000
vt 0.425000 0.550000
vt 0.600000 0.525000
vt 0.575000 0.550000
vt 0.550000 0.525000
vt 0.600000 0.575000
vt 0.575000 0.600000
vt 0.550000 0.575000
vt 0.525000 0.600000
vt 0.525000 0.550000
vt 0.700000 0.525000
vt 0.675000 0.550000
vt 0.650000 0.525000
vt 0.700000 0.575000
vt 0.675000 0.600000
vt 0.650000 0.575000
vt 0.625000 0.600000
vt 0.625000 0.550000
vt 0.800000 0.525000
vt 0.775000 0.550000
vt 0.750000 0.525000
vt 0.800000 0.575000
vt 0.775000 0.600000
vt 0.750000 0.575000
vt 0.725000 0.600000
vt 0.725000 0.550000
vt 0.900000 0.525000
vt 0.875000 0.550000
vt 0.850000 0.525000
vt 0.900000 0.575000
vt 0.875000 0.600000
vt 0.850000 0.575000
vt 0.825000 0.600000
vt 0.825000 0.550000
vt 1.000000 0.525000
vt 0.975000 0.550000
vt 0.950000 0.525000
vt 1.000000 0.575000
vt 0.975000 0.600000
vt 0.950000 0.575000
vt 0.925000 0.600000
vt 0.925000 0.550000
vt 0.100000 0.625000
vt 0.075000 0.650000
vt 0.050000 0.625000
vt 0.100000 0.675000
vt 0.075000 0.700000
vt 0.050000 0.675000
vt 0.025000 0.700000
vt 0.000000 0.675000
vt 0.025000 0.650000
vt 0.000000 0.625000
vt 0.200000 0.625000
vt 0.175000 0.650000
vt 0.150000 0.625000
vt 0.200000 0.675000
vt 0.175000 0.700000
vt 0.150000 0.675000
vt 0.125000 0.700000
vt 0.125000 0.650000
vt 0.300000 0.625000
vt 0.275000 0.650000
vt 0.250000 0.625000
vt 0.300000 0.675000
vt 0.275000 0.700000
vt 0.250000 0.675000
vt 0.225000 0.700000
vt 0.225000 0.650000
vt 0.400000 0.625000
vt 0.375000 0.650000
vt 0.350000 0.625000
vt 0.400000 0.675000
vt 0.375000 0.700000
vt 0.350000 0.675000
vt 0.325000 0.700000
vt 0.325000 0.650000
vt 0.500000 0.625000
vt 0.475000 0.650000
vt 0.450000 0.625000
vt 0.500000 0.675000
vt 0.475000 0.700000
vt 0.450000 0.675000
vt 0.425000 0.700000
vt 0.425000 0.650000
vt 0.600000 0.625000
vt 0.575000 0.650000
vt 0.550000 0.625000
vt 0.600000 0.675000
vt 0.575000 0.700000
vt 0.550000 0.675000
vt 0.525000 0.700000
vt 0.525000 0.650000
vt 0.700000 0.625000
vt 0.675000 0.650000
vt 0.650000 0.625000
vt 0.700000 0.675000
vt 0.675000 0.700000
vt 0.650000 0.675000
vt 0.625000 0.700000
vt 0.625000 0.650000
vt 0.800000 0.625000
vt 0.775000 0.650000
vt 0.750000 0.625000
vt 0.800000 0.675000
vt 0.775000 0.700000
vt 0.750000 0.675000
vt 0.725000 0.700000
vt 0.725000 0.650000
vt 0.900000 0.625000
vt 0.875000 0.650000
vt 0.850000 0.625000
vt 0.900000 0.675000
vt 0.875000 0.700000
vt 0.850000 0.675000
vt 0.825000 0.700000
vt 0.825000 0.650000
vt 1.000000 0.625000
vt 0.975000 0.650000
vt 0.950000 0.625000
vt 1.000000 0.675000
vt 0.975000 0.700000
vt 0.950000 0.675000
vt 0.925000 0.700000
vt 0.925000 0.650000
vt 0.100000 0.725000
vt 0.075000 0.750000
vt 0.050000 0.725000
vt 0.100000 0.775000
vt 0.075000 0.800000
vt 0.050000 0.775000
vt 0.025000 0.800000
vt 0.000000 0.775000
vt 0.025000 0.750000
vt 0.000000 0.725000
vt 0.200000 0.725000
vt 0.175000 0.750000
vt 0.150000 0.725000
vt 0.200000 0.775000
vt 0.175000 0.800000
vt 0.150000 0.775000
vt 0.125000 0.800000
vt 0.125000 0.750000
vt 0.300000 0.725000
vt 0.275000 0.750000
vt 0.250000 0.725000
vt 0.300000 0.775000
vt 0.275000 0.800000
vt 0.250000 0.775000
vt 0.225000 0.800000
vt 0.225000 0.750000
vt 0.400000 0.725000
vt 0.375000 0.750000
vt 0.350000 0.725000
vt 0.400000 0.775000
vt 0.375000 0.800000
vt 0.350000 0.775000
vt 0.325000 0.800000
vt 0.325000 0.750000
vt 0.500000 0.725000
vt 0.475000 0.750000
vt 0.450000 0.725000
vt 0.500000 0.775000
vt 0.475000 0.800000
vt 0.450000 0.775000
vt 0.425000 0.800000
vt 0.425000 0.750000
vt 0.600000 0.725000
vt 0.575000 0.750000
vt 0.550000 0.725000
vt 0.600000 0.775000
vt 0.575000 0.800000
vt 0.550000 0.775000
vt 0.525000 0.800000
vt 0.525000 0.750000
vt 0.700000 0.725000
vt 0.675000 0.750000
vt 0.650000 0.725000
vt 0.700000 0.775000
vt 0.675000 0.800000
vt 0.650000 0.775000
vt 0.625000 0.800000
vt 0.625000 0.750000
vt 0.800000 0.725000
vt 0.775000 0.750000
vt 0.750000 0.725000
vt 0.800000 0.775000
vt 0.775000 0.800000
vt 0.750000 0.775000
vt 0.725000 0.800000
vt 0.725000 0.750000
vt 0.900000 0.725000
vt 0.875000 0.750000
vt 0.850000 0.725000
vt 0.900000 0.775000
vt 0.875000 0.800000
vt 0.850000 0.775000
vt 0.825000 0.800000
vt 0.825000 0.750000
vt 1.000000 0.725000
vt 0.975000 0.750000
vt 0.950000 0.725000
vt 1.000000 0.775000
vt 0.975000 0.800000
vt 0.950000 0.775000
vt 0.925000 0.800000
vt 0.925000 0.750000
vt 0.100000 0.825000
vt 0.075000 0.850000
vt 0.050000 0.825000
vt 0.100000 0.875000
vt 0.075000 0.900000
vt 0.050000 0.875000
vt 0.025000 0.900000
vt 0.000000 0.875000
vt 0.025000 0.850000
vt 0.000000 0.825000
vt 0.200000 0.825000
vt 0.175000 0.850000
vt 0.150000 0.825000
vt 0.200000 0.875000
vt 0.175000 0.900000
vt 0.150000 0.875000
vt 0.125000 0.900000
vt 0.125000 0.850000
vt 0.300000 0.825000
vt 0.275000 0.850000
vt 0.250000 0.825000
vt 0.300000 0.875000
vt 0.275000 0.900000
vt 0.250000 0.875000
vt 0.225000 0.900000
vt 0.225000 0.850000
vt 0.400000 0.825000
vt 0.375000 0.850000
vt 0.350000 0.825000
vt 0.400000 0.875000
vt 0.375000 0.900000
vt 0.350000 0.875000
vt 0.325000 0.900000
vt 0.325000 0.850000
vt 0.500000 0.825000
vt 0.475000 0.850000
vt 0.450000 0.825000
vt 0.500000 0.875000
vt 0.475000 0.900000
vt 0.450000 0.875000
vt 0.425000 0.900000
vt 0.425000 0.850000
vt 0.600000 0.825000
vt 0.575000 0.850000
vt 0.550000 0.825000
vt 0.600000 0.875000
vt 0.575000 0.900000
vt 0.550000 0.875000
vt 0.525000 0.900000
vt 0.525000 0.850000
vt 0.700000 0.825000
vt 0.675000 0.850000
vt 0.650000 0.825000
vt 0.700000 0.875000
vt 0.675000 0.900000
vt 0.650000 0.875000
vt 0.625000 0.900000
vt 0.625000 0.850000
vt 0.800000 0.825000
vt 0.775000 0.850000
vt 0.750000 0.825000
vt 0.800000 0.875000
vt 0.775000 0.900000
vt 0.750000 0.875000
vt 0.725000 0.900000
vt 0.725000 0.850000
vt 0.900000 0.825000
vt 0.875000 0.850000
vt 0.850000 0.825000
vt 0.900000 0.875000
vt 0.875000 0.900000
vt 0.850000 0.875000
vt 0.825000 0.900000
vt 0.825000 0.850000
vt 1.000000 0.825000
vt 0.975000 0.850000
vt 0.950000 0.825000
vt 1.000000 0.875000
vt 0.975000 0.900000
vt 0.950000 0.875000
vt 0.925000 0.900000
vt 0.925000 0.850000
vt 0.100000 0.925000
vt 0.075000 0.950000
vt 0.050000 0.925000
vt 0.100000 0.975000
vt 0.075000 1.000000
vt 0.050000 0.975000
vt 0.025000 1.000000
vt 0.000000 0.975000
vt 0.025000 0.950000
vt 0.000000 0.925000
vt 0.200000 0.925000
vt 0.175000 0.950000
vt 0.150000 0.925000
vt 0.200000 0.975000
vt 0.175000 1.000000
vt 0.150000 0.975000
vt 0.125000 1.000000
vt 0.125000 0.950000
vt 0.300000 0.925000
vt 0.275000 0.950000
vt 0.250000 0.925000
vt 0.300000 0.975000
vt 0.275000 1.000000
vt 0.250000 0.975000
vt 0.225000 1.000000
vt 0.225000 0.950000
vt 0.400000 0.925000
vt 0.375000 0.950000
vt 0.350000 0.925000
vt 0.400000 0.975000
vt 0.375000 1.000000
vt 0.350000 0.975000
vt 0.325000 1.000000
vt 0.325000 0.950000
vt 0.500000 0.925000
vt 0.475000 0.950000
vt 0.450000 0.925000
vt 0.500000 0.975000
vt 0.475000 1.000000
vt 0.450000 0.975000
vt 0.425000 1.000000
vt 0.425000 0.950000
vt 0.600000 0.925000
vt 0.575000 0.950000
vt 0.550000 0.925000
vt 0.600000 0.975000
vt 0.575000 1.000000
vt 0.550000 0.975000
vt 0.525000 1.000000
vt 0.525000 0.950000
vt 0.700000 0.925000
vt 0.675000 0.950000
vt 0.650000 0.925000
vt 0.700000 0.975000
vt 0.675000 1.000000
vt 0.650000 0.975000
vt 0.625000 1.000000
vt 0.625000 0.950000
vt 0.800000 0.925000
vt 0.775000 0.950000
vt 0.750000 0.925000
vt 0.800000 0.975000
vt 0.775000 1.000000
vt 0.750000 0.975000
vt 0.725000 1.000000
vt 0.725000 0.950000
vt 0.900000 0.925000
vt 0.875000 0.950000
vt 0.850000 0.925000
vt 0.900000 0.975000
vt 0.875000 1.000000
vt 0.850000 0.975000
vt 0.825000 1.000000
vt 0.825000 0.950000
vt 1.000000 0.925000
vt 0.975000 0.950000
vt 0.950000 0.925000
vt 1.000000 0.975000
vt 0.975000 1.000000
vt 0.950000 0.975000
vt 0.925000 1.000000
vt 0.925000 0.950000
vn 0.000000 1.000000 0.000000
vn 0.000000 1.000000 0.000000
vn 0.000000 1.000000 0.000000
vn 0.000000 1.000000 0.000000
vn 0.000000 1.000000 0.000000
vn 0.000000 1.000000 0.000000
vn 0.000000 1.000000 0.000000
vn 0.000000 1.000000 0.000000
vn 0.000000 1.000000 0.000000
vn 0.000000 1.000000 0.000000
vn 0.000000 1.000000 0.000000
vn 0.000000 1.000000 0.000000
vn 0.000000 1.000000 0.000000
vn 0.000000 1.000000 0.000000
vn 0.000000 1.000000 0.000000
vn 0.000000 1.000000 0.000000
vn 0.000000 1.000000 0.000000
vn 0.000000 1.000000 0.000000
vn 0.000000 1.000000 0.000000
vn 0.000000 1.000000 0.000000
vn 0.000000 1.000000 0.000000
vn 0.000000 1.000000 0.000000
vn 0.000000 1.000000 0.000000
vn 0.000000 1.000000 0.000000
vn 0.000000 1.000000 0.000000
vn 0.000000 1.000000 0.000000
vn 0.000000 1.000000 0.000000
vn 0.000000 1.000000 0.000000
vn 0.000000 1.000000 0.000000
vn 0.000000 1.000000 0.000000
vn 0.000000 1.000000 0.000000
vn 0.000000 1.000000 0.000000
vn 0.000000 1.000000 0.000000
vn 0.000000 1.000000 0.000000
vn 0.000000 1.000000 0.000000
vn 0.000000 1.000000 0.000000
vn 0.000000 1.000000 0.000000
vn 0.000000 1.000000 0.000000
vn 0.000000 1.000000 0.000000
vn 0.000000 1.000000 0.000000
vn 0.000000 1.000000 0.000000
vn 0.000000 1.000000 0.000000
vn 0.000000 1.000000 0.000000
vn 0.000000 1.000000 0.000000
vn 0.000000 1.000000 0.000000
vn 0.000000 1.000000 0.000000
vn 0.000000 1.000000 0.000000
vn 0.000000 1.000000 0.000000
vn 0.000000 1.000000 0.000000
vn 0.000000 1.000000 0.000000
vn 0.000000 1.000000 0.000000
vn 0.000000 1.000000 0.000000
vn 0.000000 1.000000 0.000000
vn 0.000000 1.000000 0.000000
vn 0.000000 1.000000 0.000000
vn 0.000000 1.000000 0.000000
vn 0.000000 1.000000 0.000000
vn 0.000000 1.000000 0.000000
vn 0.000000 1.000000 0.000000
vn 0.000000 1.000000 0.000000
vn 0.000000 1.000000 0.000000
vn 0.000000 1.000000 0.000000
vn 0.000000 1.000000 0.000000
vn 0.000000 1.000000 0.000000
vn 0.000000 1.000000 0.000000
vn 0.000000 1.000000 0.000000
vn 0.000000 1.000000 0.000000
vn 0.000000 1.000000 0.000000
vn 0.000000 1.000000 0.000000
vn 0.000000 1.000000 0.000000
vn 0.000000 1.000000 0.000000
vn 0.000000 1.000000 0.000000
vn 0.000000 1.000000 0.000000
vn 0.000000 1.000000 0.000000
vn 0.000000 1.000000 0.000000
vn 0.000000 1.000000 0.000000
vn 0.000000 1.000000 0.000000
vn 0.000000 1.000000 0.000000
vn 0.000000 1.000000 0.000000
vn 0.000000 1.000000 0.000000
vn 0.000000 1.000000 0.000000
vn 0.000000 1.000000 0.000000
vn 0.000000 1.000000 0.000000
vn 0.000000 1.000000 0.000000
vn 0.000000 1.000000 0.000000
vn 0.000000 1.000000 0.000000
vn 0.000000 1.000000 0.000000
vn 0.000000 1.000000 0.000000
vn 0.000000 1.000000 0.000000
vn 0.000000 1.000000 0.000000
vn 0.000000 1.000000 0.000000
vn 0.000000 1.000000 0.000000
vn 0.000000 1.000000 0.000000
vn 0.000000 1.000000 0.000000
vn 0.000000 1.000000 0.000000
vn 0.000000 1.000000 0.000000
vn 0.000000 1.000000 0.000000
vn 0.000000 1.000000 0.000000
vn 0.000000 1.000000 0.000000
vn 0.000000 1.000000 0.000000
vn 0.000000 1.000000 0.000000
vn 0.000000 1.000000 0.000000
vn 0.000000 1.000000 0.000000
vn 0.000000 1.000000 0.000000
vn 0.000000 1.000000 0.000000
vn 0.000000 1.000000 0.000000
vn 0.000000 1.000000 0.000000
vn 0.000000 1.000000 0.000000
vn 0.000000 1.000000 0.000000
vn 0.000000 1.000000 0.000000
vn 0.000000 1.000000 0.000000
vn 0.000000 1.000000 0.000000
vn 0.000000 1.000000 0.000000
vn 0.000000 1.000000 0.000000
vn 0.000000 1.000000 0.000000
vn 0.000000 1.000000 0.000000
vn 0.000000 1.000000 0.000000
vn 0.000000 1.000000 0.000000
vn 0.000000 1.000000 0.000000
vn 0.000000 1.000000 0.000000
vn 0.000000 1.000000 0.000000
vn 0.000000 1.000000 0.000000
vn 0.000000 1.000000 0.000000
vn 0.000000 1.000000 0.000000
vn 0.000000 1.000000 0.000000
vn 0.000000 1.000000 0.000000
vn 0.000000 1.000000 0.000000
vn 0.000000 1.000000 0.000000
vn 0.000000 1.000000 0.000000
vn 0.000000 1.000000 0.000000
vn 0.000000 1.000000 0.000000
vn 0.000000 1.000000 0.000000
vn 0.000000 1.000000 0.000000
vn 0.000000 1.000000 0.000000
vn 0.000000 1.000000 0.000000
vn 0.000000 1.000000 0.000000
vn 0.000000 1.000000 0.000000
vn 0.000000 1.000000 0.000000
vn 0.000000 1.000000 0.000000
vn 0.000000 1.000000 0.000000
vn 0.000000 1.000000 0.000000
vn 0.000000 1.000000 0.000000
vn 0.000000 1.000000 0.000000
vn 0.000000 1.000000 0.000000
vn 0.000000 1.000000 0.000000
vn 0.000000 1.000000 0.000000
vn 0.000000 1.000000 0.000000
vn 0.000000 1.000000 0.000000
vn 0.000000 1.000000 0.000000
vn 0.000000 1.000000 0.000000
vn 0.000000 1.000000 0.000000
vn 0.000000 1.000000 0.000000
vn 0.000000 1.000000 0.000000
vn 0.000000 1.000000 0.000000
vn 0.000000 1.000000 0.000000
vn 0.000000 1.000000 0.000000
vn 0.000000 1.000000 0.000000
vn 0.000000 1.000000 0.000000
vn 0.000000 1.000000 0.000000
vn 0.000000 1.000000 0.000000
vn 0.000000 1.000000 0.000000
vn 0.000000 1.000000 0.000000
vn 0.000000 1.000000 0.000000
vn 0.000000 1.000000 0.000000
vn 0.000000 1.000000 0.000000
vn 0.000000 1.000000 0.000000
vn 0.000000 1.000000 0.000000
vn 0.000000 1.000000 0.000000
vn 0.000000 1.000000 0.000000
vn 0.000000 1.000000 0.000000
vn 0.000000 1.000000 0.000000
vn 0.000000 1.000000 0.000000
vn 0.000000 1.000000 0.000000
vn 0.000000 1.000000 0.000000
vn 0.000000 1.000000 0.000000
vn 0.000000 1.000000 0.000000
vn 0.000000 1.000000 0.000000
vn 0.000000 1.000000 0.000000
vn 0.000000 1.000000 0.000000
vn 0.000000 1.000000 0.000000
vn 0.000000 1.000000 0.000000
vn 0.000000 1.000000 0.000000
vn 0.000000 1.000000 0.000000
vn 0.000000 1.000000 0.000000
vn 0.000000 1.000000 0.000000
vn 0.000000 1.000000 0.000000
vn 0.000000 1.000000 0.000000
vn 0.000000 1.000000 0.000000
vn 0.000000 1.000000 0.000000
vn 0.000000 1.000000 0.000000
vn 0.000000 1.000000 0.000000
vn 0.000000 1.000000 0.000000
vn 0.000000 1.000000 0.000000
vn 0.000000 1.000000 0.000000
vn 0.000000 1.000000 0.000000
vn 0.000000 1.000000 0.000000
vn 0.000000 1.000000 0.000000
vn 0.000000 1.000000 0.000000
vn 0.000000 1.000000 0.000000
vn 0.000000 1.000000 0.000000
vn 0.000000 1.000000 0.000000
vn 0.000000 1.000000 0.000000
vn 0.000000 1.000000 0.000000
vn 0.000000 1.000000 0.000000
vn 0.000000 1.000000 0.000000
vn 0.000000 1.000000 0.000000
vn 0.000000 1.000000 0.000000
vn 0.000000 1.000000 0.000000
vn 0.000000 1.000000 0.000000
vn 0.000000 1.000000 0.000000
vn 0.000000 1.000000 0.000000
vn 0.000000 1.000000 0.000000
vn 0.000000 1.000000 0.000000
vn 0.000000 1.000000 0.000000
vn 0.000000 1.000000 0.000000
vn 0.000000 1.000000 0.000000
vn 0.000000 1.000000 0.000000
vn 0.000000 1.000000 0.000000
vn 0.000000 1.000000 0.000000
vn 0.000000 1.000000 0.000000
vn 0.000000 1.000000 0.000000
vn 0.000000 1.000000 0.000000
vn 0.000000 1.000000 0.000000
vn 0.000000 1.000000 0.000000
vn 0.000000 1.000000 0.000000
vn 0.000000 1.000000 0.000000
vn 0.000000 1.000000 0.000000
vn 0.000000 1.000000 0.000000
vn 0.000000 1.000000 0.000000
vn 0.000000 1.000000 0.000000
vn 0.000000 1.000000 0.000000
vn 0.000000 1.000000 0.000000
vn 0.000000 1.000000 0.000000
vn 0.000000 1.000000 0.000000
vn 0.000000 1.000000 0.000000
vn 0.000000 1.000000 0.000000
vn 0.000000 1.000000 0.000000
vn 0.000000 1.000000 0.000000
vn 0.000000 1.000000 0.000000
vn 0.000000 1.000000 0.000000
vn 0.000000 1.000000 0.000000
vn 0.000000 1.000000 0.000000
vn 0.000000 1.000000 0.000000
vn 0.000000 1.000000 0.000000
vn 0.000000 1.000000 0.000000
vn 0.000000 1.000000 0.000000
vn 0.000000 1.000000 0.000000
vn 0.000000 1.000000 0.000000
vn 0.000000 1.000000 0.000000
vn 0.000000 1.000000 0.000000
vn 0.000000 1.000000 0.000000
vn 0.000000 1.000000 0.000000
vn 0.000000 1.000000 0.000000
vn 0.000000 1.000000 0.000000
vn 0.000000 1.000000 0.000000
vn 0.000000 1.000000 0.000000
vn 0.000000 1.000000 0.000000
vn 0.000000 1.000000 0.000000
vn 0.000000 1.000000 0.000000
vn 0.000000 1.000000 0.000000
vn 0.000000 1.000000 0.000000
vn 0.000000 1.000000 0.000000
vn 0.000000 1.000000 0.000000
vn 0.000000 1.000000 0.000000
vn 0.000000 1.000000 0.000000
vn 0.000000 1.000000 0.000000
vn 0.000000 1.000000 0.000000
vn 0.000000 1.000000 0.000000
vn 0.000000 1.000000 0.000000
vn 0.000000 1.000000 0.000000
vn 0.000000 1.000000 0.000000
vn 0.000000 1.000000 0.000000
vn 0.000000 1.000000 0.000000
vn 0.000000 1.000000 0.000000
vn 0.000000 1.000000 0.000000
vn 0.000000 1.000000 0.000000
vn 0.000000 1.000000 0.000000
vn 0.000000 1.000000 0.000000
vn 0.000000 1.000000 0.000000
vn 0.000000 1.000000 0.000000
vn 0.000000 1.000000 0.000000
vn 0.000000 1.000000 0.000000
vn 0.000000 1.000000 0.000000
vn 0.000000 1.000000 0.000000
vn 0.000000 1.000000 0.000000
vn 0.000000 1.000000 0.000000
vn 0.000000 1.000000 0.000000
vn 0.000000 1.000000 0.000000
vn 0.000000 1.000000 0.000000
vn 0.000000 1.000000 0.000000
vn 0.000000 1.000000 0.000000
vn 0.000000 1.000000 0.000000
vn 0.000000 1.000000 0.000000
vn 0.000000 1.000000 0.000000
vn 0.000000 1.000000 0.000000
vn 0.000000 1.000000 0.000000
vn 0.000000 1.000000 0.000000
vn 0.000000 1.000000 0.000000
vn 0.000000 1.000000 0.000000
vn 0.000000 1.000000 0.000000
vn 0.000000 1.000000 0.000000
vn 0.000000 1.000000 0.000000
vn 0.000000 1.000000 0.000000
vn 0.000000 1.000000 0.000000
vn 0.000000 1.000000 0.000000
vn 0.000000 1.000000 0.000000
vn 0.000000 1.000000 0.000000
vn 0.000000 1.000000 0.000000
vn 0.000000 1.000000 0.000000
vn 0.000000 1.000000 0.000000
vn 0.000000 1.000000 0.000000
vn 0.000000 1.000000 0.000000
vn 0.000000 1.000000 0.000000
vn 0.000000 1.000000 0.000000
vn 0.000000 1.000000 0.000000
vn 0.000000 1.000000 0.000000
vn 0.000000 1.000000 0.000000
vn 0.000000 1.000000 0.000000
vn 0.000000 1.000000 0.000000
vn 0.000000 1.000000 0.000000
vn 0.000000 1.000000 0.000000
vn 0.000000 1.000000 0.000000
vn 0.000000 1.000000 0.000000
vn 0.000000 1.000000 0.000000
vn 0.000000 1.000000 0.000000
vn 0.000000 1.000000 0.000000
vn 0.000000 1.000000 0.000000
vn 0.000000 1.000000 0.000000
vn 0.000000 1.000000 0.000000
vn 0.000000 1.000000 0.000000
vn 0.000000 1.000000 0.000000
vn 0.000000 1.000000 0.000000
vn 0.000000 1.000000 0.000000
vn 0.000000 1.000000 0.000000
vn 0.000000 1.000000 0.000000
vn 0.000000 1.000000 0.000000
vn 0.000000 1.000000 0.000000
vn 0.000000 1.000000 0.000000
vn 0.000000 1.000000 0.000000
vn 0.000000 1.000000 0.000000
vn 0.000000 1.000000 0.000000
vn 0.000000 1.000000 0.000000
vn 0.000000 1.000000 0.000000
vn 0.000000 1.000000 0.000000
vn 0.000000 1.000000 0.000000
vn 0.000000 1.000000 0.000000
vn 0.000000 1.000000 0.000000
vn 0.000000 1.000000 0.000000
vn 0.000000 1.000000 0.000000
vn 0.000000 1.000000 0.000000
vn 0.000000 1.000000 0.000000
vn 0.000000 1.000000 0.000000
vn 0.000000 1.000000 0.000000
vn 0.000000 1.000000 0.000000
vn 0.000000 1.000000 0.000000
vn 0.000000 1.000000 0.000000
vn 0.000000 1.000000 0.000000
vn 0.000000 1.000000 0.000000
vn 0.000000 1.000000 0.000000
vn 0.000000 1.000000 0.000000
vn 0.000000 1.000000 0.000000
vn 0.000000 1.000000 0.000000
vn 0.000000 1.000000 0.000000
vn 0.000000 1.000000 0.000000
vn 0.000000 1.000000 0.000000
vn 0.000000 1.000000 0.000000
vn 0.000000 1.000000 0.000000
vn 0.000000 1.000000 0.000000
vn 0.000000 1.000000 0.000000
vn 0.000000 1.000000 0.000000
vn 0.000000 1.000000 0.000000
vn 0.000000 1.000000 0.000000
vn 0.000000 1.000000 0.000000
vn 0.000000 1.000000 0.000000
vn 0.000000 1.000000 0.000000
vn 0.000000 1.000000 0.000000
vn 0.000000 1.000000 0.000000
vn 0.000000 1.000000 0.000000
vn 0.000000 1.000000 0.000000
vn 0.000000 1.000000 0.000000
vn 0.000000 1.000000 0.000000
vn 0.000000 1.000000 0.000000
vn 0.000000 1.000000 0.000000
vn 0.000000 1.000000 0.000000
vn 0.000000 1.000000 0.000000
vn 0.000000 1.000000 0.000000
vn 0.000000 1.000000 0.000000
vn 0.000000 1.000000 0.000000
vn 0.000000 1.000000 0.000000
vn 0.000000 1.000000 0.000000
vn 0.000000 1.000000 0.000000
vn 0.000000 1.000000 0.000000
vn 0.000000 1.000000 0.000000
vn 0.000000 1.000000 0.000000
vn 0.000000 1.000000 0.000000
vn 0.000000 1.000000 0.000000
vn 0.000000 1.000000 0.000000
vn 0.000000 1.000000 0.000000
vn 0.000000 1.000000 0.000000
vn 0.000000 1.000000 0.000000
vn 0.000000 1.000000 0.000000
vn 0.000000 1.000000 0.000000
vn 0.000000 1.000000 0.000000
vn 0.000000 1.000000 0.000000
vn 0.000000 1.000000 0.000000
vn 0.000000 1.000000 0.000000
vn 0.000000 1.000000 0.000000
vn 0.000000 1.000000 0.000000
vn 0.000000 1.000000 0.000000
vn 0.000000 1.000000 0.000000
vn 0.000000 1.000000 0.000000
vn 0.000000 1.000000 0.000000
vn 0.000000 1.000000 0.000000
vn 0.000000 1.000000 0.000000
vn 0.000000 1.000000 0.000000
vn 0.000000 1.000000 0.000000
vn 0.000000 1.000000 0.000000
vn 0.000000 1.000000 0.000000
vn 0.000000 1.000000 0.000000
vn 0.000000 1.000000 0.000000
vn 0.000000 1.000000 0.000000
vn 0.000000 1.000000 0.000000
vn 0.000000 1.000000 0.000000
vn 0.000000 1.000000 0.000000
vn 0.000000 1.000000 0.000000
vn 0.000000 1.000000 0.000000
vn 0.000000 1.000000 0.000000
vn 0.000000 1.000000 0.000000
vn 0.000000 1.000000 0.000000
vn 0.000000 1.000000 0.000000
vn 0.000000 1.000000 0.000000
vn 0.000000 1.000000 0.000000
vn 0.000000 1.000000 0.000000
vn 0.000000 1.000000 0.000000
vn 0.000000 1.000000 0.000000
vn 0.000000 1.000000 0.000000
vn 0.000000 1.000000 0.000000
vn 0.000000 1.000000 0.000000
vn 0.000000 1.000000 0.000000
vn 0.000000 1.000000 0.000000
vn 0.000000 1.000000 0.000000
vn 0.000000 1.000000 0.000000
vn 0.000000 1.000000 0.000000
vn 0.000000 1.000000 0.000000
vn 0.000000 1.000000 0.000000
vn 0.000000 1.000000 0.000000
vn 0.000000 1.000000 0.000000
vn 0.000000 1.000000 0.000000
vn 0.000000 1.000000 0.000000
vn 0.000000 1.000000 0.000000
vn 0.000000 1.000000 0.000000
vn 0.000000 1.000000 0.000000
vn 0.000000 1.000000 0.000000
vn 0.000000 1.000000 0.000000
vn 0.000000 1.000000 0.000000
vn 0.000000 1.000000 0.000000
vn 0.000000 1.000000 0.000000
vn 0.000000 1.000000 0.000000
vn 0.000000 1.000000 0.000000
vn 0.000000 1.000000 0.000000
vn 0.000000 1.000000 0.000000
vn 0.000000 1.000000 0.000000
vn 0.000000 1.000000 0.000000
vn 0.000000 1.000000 0.000000
vn 0.000000 1.000000 0.000000
vn 0.000000 1.000000 0.000000
vn 0.000000 1.000000 0.000000
vn 0.000000 1.000000 0.000000
vn 0.000000 1.000000 0.000000
vn 0.000000 1.000000 0.000000
vn 0.000000 1.000000 0.000000
vn 0.000000 1.000000 0.000000
vn 0.000000 1.000000 0.000000
vn 0.000000 1.000000 0.000000
vn 0.000000 1.000000 0.000000
vn 0.000000 1.000000 0.000000
vn 0.000000 1.000000 0.000000
vn 0.000000 1.000000 0.000000
vn 0.000000 1.000000 0.000000
vn 0.000000 1.000000 0.000000
vn 0.000000 1.000000 0.000000
vn 0.000000 1.000000 0.000000
vn 0.000000 1.000000 0.000000
vn 0.000000 1.000000 0.000000
vn 0.000000 1.000000 0.000000
vn 0.000000 1.000000 0.000000
vn 0.000000 1.000000 0.000000
vn 0.000000 1.000000 0.000000
vn 0.000000 1.000000 0.000000
vn 0.000000 1.000000 0.000000
vn 0.000000 1.000000 0.000000
vn 0.000000 1.000000 0.000000
vn 0.000000 1.000000 0.000000
vn 0.000000 1.000000 0.000000
vn 0.000000 1.000000 0.000000
vn 0.000000 1.000000 0.000000
vn 0.000000 1.000000 0.000000
vn 0.000000 1.000000 0.000000
vn 0.000000 1.000000 0.000000
vn 0.000000 1.000000 0.000000
vn 0.000000 1.000000 0.000000
vn 0.000000 1.000000 0.000000
vn 0.000000 1.000000 0.000000
vn 0.000000 1.000000 0.000000
vn 0.000000 1.000000 0.000000
vn 0.000000 1.000000 0.000000
vn 0.000000 1.000000 0.000000
vn 0.000000 1.000000 0.000000
vn 0.000000 1.000000 0.000000
vn 0.000000 1.000000 0.000000
vn 0.000000 1.000000 0.000000
vn 0.000000 1.000000 0.000000
vn 0.000000 1.000000 0.000000
vn 0.000000 1.000000 0.000000
vn 0.000000 1.000000 0.000000
vn 0.000000 1.000000 0.000000
vn 0.000000 1.000000 0.000000
vn 0.000000 1.000000 0.000000
vn 0.000000 1.000000 0.000000
vn 0.000000 1.000000 0.000000
vn 0.000000 1.000000 0.000000
vn 0.000000 1.000000 0.000000
vn 0.000000 1.000000 0.000000
vn 0.000000 1.000000 0.000000
vn 0.000000 1.000000 0.000000
vn 0.000000 1.000000 0.000000
vn 0.000000 1.000000 0.000000
vn 0.000000 1.000000 0.000000
vn 0.000000 1.000000 0.000000
vn 0.000000 1.000000 0.000000
vn 0.000000 1.000000 0.000000
vn 0.000000 1.000000 0.000000
vn 0.000000 1.000000 0.000000
vn 0.000000 1.000000 0.000000
vn 0.000000 1.000000 0.000000
vn 0.000000 1.000000 0.000000
vn 0.000000 1.000000 0.000000
vn 0.000000 1.000000 0.000000
vn 0.000000 1.000000 0.000000
vn 0.000000 1.000000 0.000000
vn 0.000000 1.000000 0.000000
vn 0.000000 1.000000 0.000000
vn 0.000000 1.000000 0.000000
vn 0.000000 1.000000 0.000000
vn 0.000000 1.000000 0.000000
vn 0.000000 1.000000 0.000000
vn 0.000000 1.000000 0.000000
vn 0.000000 1.000000 0.000000
vn 0.000000 1.000000 0.000000
vn 0.000000 1.000000 0.000000
vn 0.000000 1.000000 0.000000
vn 0.000000 1.000000 0.000000
vn 0.000000 1.000000 0.000000
vn 0.000000 1.000000 0.000000
vn 0.000000 1.000000 0.000000
vn 0.000000 1.000000 0.000000
vn 0.000000 1.000000 0.000000
vn 0.000000 1.000000 0.000000
vn 0.000000 1.000000 0.000000
vn 0.000000 1.000000 0.000000
vn 0.000000 1.000000 0.000000
vn 0.000000 1.000000 0.000000
vn 0.000000 1.000000 0.000000
vn 0.000000 1.000000 0.000000
vn 0.000000 1.000000 0.000000
vn 0.000000 1.000000 0.000000
vn 0.000000 1.000000 0.000000
vn 0.000000 1.000000 0.000000
vn 0.000000 1.000000 0.000000
vn 0.000000 1.000000 0.000000
vn 0.000000 1.000000 0.000000
vn 0.000000 1.000000 0.000000
vn 0.000000 1.000000 0.000000
vn 0.000000 1.000000 0.000000
vn 0.000000 1.000000 0.000000
vn 0.000000 1.000000 0.000000
vn 0.000000 1.000000 0.000000
vn 0.000000 1.000000 0.000000
vn 0.000000 1.000000 0.000000
vn 0.000000 1.000000 0.000000
vn 0.000000 1.000000 0.000000
vn 0.000000 1.000000 0.000000
vn 0.000000 1.000000 0.000000
vn 0.000000 1.000000 0.000000
vn 0.000000 1.000000 0.000000
vn 0.000000 1.000000 0.000000
vn 0.000000 1.000000 0.000000
vn 0.000000 1.000000 0.000000
vn 0.000000 1.000000 0.000000
vn 0.000000 1.000000 0.000000
vn 0.000000 1.000000 0.000000
vn 0.000000 1.000000 0.000000
vn 0.000000 1.000000 0.000000
vn 0.000000 1.000000 0.000000
vn 0.000000 1.000000 0.000000
vn 0.000000 1.000000 0.000000
vn 0.000000 1.000000 0.000000
vn 0.000000 1.000000 0.000000
vn 0.000000 1.000000 0.000000
vn 0.000000 1.000000 0.000000
vn 0.000000 1.000000 0.000000
vn 0.000000 1.000000 0.000000
vn 0.000000 1.000000 0.000000
vn 0.000000 1.000000 0.000000
vn 0.000000 1.000000 0.000000
vn 0.000000 1.000000 0.000000
vn 0.000000 1.000000 0.000000
vn 0.000000 1.000000 0.000000
vn 0.000000 1.000000 0.000000
vn 0.000000 1.000000 0.000000
vn 0.000000 1.000000 0.000000
vn 0.000000 1.000000 0.000000
vn 0.000000 1.000000 0.000000
vn 0.000000 1.000000 0.000000
vn 0.000000 1.000000 0.000000
vn 0.000000 1.000000 0.000000
vn 0.000000 1.000000 0.000000
vn 0.000000 1.000000 0.000000
vn 0.000000 1.000000 0.000000
vn 0.000000 1.000000 0.000000
vn 0.000000 1.000000 0.000000
vn 0.000000 1.000000 0.000000
vn 0.000000 1.000000 0.000000
vn 0.000000 1.000000 0.000000
vn 0.000000 1.000000 0.000000
vn 0.000000 1.000000 0.000000
vn 0.000000 1.000000 0.000000
vn 0.000000 1.000000 0.000000
vn 0.000000 1.000000 0.000000
vn 0.000000 1.000000 0.000000
vn 0.000000 1.000000 0.000000
vn 0.000000 1.000000 0.000000
vn 0.000000 1.000000 0.000000
vn 0.000000 1.000000 0.000000
vn 0.000000 1.000000 0.000000
vn 0.000000 1.000000 0.000000
vn 0.000000 1.000000 0.000000
vn 0.000000 1.000000 0.000000
vn 0.000000 1.000000 0.000000
vn 0.000000 1.000000 0.000000
vn 0.000000 1.000000 0.000000
vn 0.000000 1.000000 0.000000
vn 0.000000 1.000000 0.000000
vn 0.000000 1.000000 0.000000
vn 0.000000 1.000000 0.000000
vn 0.000000 1.000000 0.000000
vn 0.000000 1.000000 0.000000
vn 0.000000 1.000000 0.000000
vn 0.000000 1.000000 0.000000
vn 0.000000 1.000000 0.000000
vn 0.000000 1.000000 0.000000
vn 0.000000 1.000000 0.000000
vn 0.000000 1.000000 0.000000
vn 0.000000 1.000000 0.000000
vn 0.000000 1.000000 0.000000
vn 0.000000 1.000000 0.000000
vn 0.000000 1.000000 0.000000
vn 0.000000 1.000000 0.000000
vn 0.000000 1.000000 0.000000
vn 0.000000 1.000000 0.000000
vn 0.000000 1.000000 0.000000
vn 0.000000 1.000000 0.000000
vn 0.000000 1.000000 0.000000
vn 0.000000 1.000000 0.000000
vn 0.000000 1.000000 0.000000
vn 0.000000 1.000000 0.000000
vn 0.000000 1.000000 0.000000
vn 0.000000 1.000000 0.000000
vn 0.000000 1.000000 0.000000
vn 0.000000 1.000000 0.000000
vn 0.000000 1.000000 0.000000
vn 0.000000 1.000000 0.000000
vn 0.000000 1.000000 0.000000
vn 0.000000 1.000000 0.000000
vn 0.000000 1.000000 0.000000
vn 0.000000 1.000000 0.000000
vn 0.000000 1.000000 0.000000
vn 0.000000 1.000000 0.000000
vn 0.000000 1.000000 0.000000
vn 0.000000 1.000000 0.000000
vn 0.000000 1.000000 0.000000
vn 0.000000 1.000000 0.000000
vn 0.000000 1.000000 0.000000
vn 0.000000 1.000000 0.000000
vn 0.000000 1.000000 0.000000
vn 0.000000 1.000000 0.000000
vn 0.000000 1.000000 0.000000
vn 0.000000 1.000000 0.000000
vn 0.000000 1.000000 0.000000
vn 0.000000 1.000000 0.000000
vn 0.000000 1.000000 0.000000
vn 0.000000 1.000000 0.000000
vn 0.000000 1.000000 0.000000
vn 0.000000 1.000000 0.000000
vn 0.000000 1.000000 0.000000
vn 0.000000 1.000000 0.000000
vn 0.000000 1.000000 0.000000
vn 0.000000 1.000000 0.000000
vn 0.000000 1.000000 0.000000
vn 0.000000 1.000000 0.000000
vn 0.000000 1.000000 0.000000
vn 0.000000 1.000000 0.000000
vn 0.000000 1.000000 0.000000
vn 0.000000 1.000000 0.000000
vn 0.000000 1.000000 0.000000
vn 0.000000 1.000000 0.000000
vn 0.000000 1.000000 0.000000
vn 0.000000 1.000000 0.000000
vn 0.000000 1.000000 0.000000
vn 0.000000 1.000000 0.000000
vn 0.000000 1.000000 0.000000
vn 0.000000 1.000000 0.000000
vn 0.000000 1.000000 0.000000
vn 0.000000 1.000000 0.000000
vn 0.000000 1.000000 0.000000
vn 0.000000 1.000000 0.000000
vn 0.000000 1.000000 0.000000
vn 0.000000 1.000000 0.000000
vn 0.000000 1.000000 0.000000
vn 0.000000 1.000000 0.000000
vn 0.000000 1.000000 0.000000
vn 0.000000 1.000000 0.000000
vn 0.000000 1.000000 0.000000
vn 0.000000 1.000000 0.000000
vn 0.000000 1.000000 0.000000
vn 0.000000 1.000000 0.000000
vn 0.000000 1.000000 0.000000
vn 0.000000 1.000000 0.000000
vn 0.000000 1.000000 0.000000
vn 0.000000 1.000000 0.000000
vn 0.000000 1.000000 0.000000
vn 0.000000 1.000000 0.000000
vn 0.000000 1.000000 0.000000
vn 0.000000 1.000000 0.000000
vn 0.000000 1.000000 0.000000
vn 0.000000 1.000000 0.000000
vn 0.000000 1.000000 0.000000
vn 0.000000 1.000000 0.000000
vn 0.000000 1.000000 0.000000
vn 0.000000 1.000000 0.000000
vn 0.000000 1.000000 0.000000
vn 0.000000 1.000000 0.000000
vn 0.000000 1.000000 0.000000
vn 0.000000 1.000000 0.000000
vn 0.000000 1.000000 0.000000
vn 0.000000 1.000000 0.000000
vn 0.000000 1.000000 0.000000
vn 0.000000 1.000000 0.000000
vn 0.000000 1.000000 0.000000
vn 0.000000 1.000000 0.000000
vn 0.000000 1.000000 0.000000
vn 0.000000 1.000000 0.000000
vn 0.000000 1.000000 0.000000
vn 0.000000 1.000000 0.000000
vn 0.000000 1.000000 0.000000
vn 0.000000 1.000000 0.000000
vn 0.000000 1.000000 0.000000
vn 0.000000 1.000000 0.000000
vn 0.000000 1.000000 0.000000
vn 0.000000 1.000000 0.000000
vn 0.000000 1.000000 0.000000
vn 0.000000 1.000000 0.000000
vn 0.000000 1.000000 0.000000
vn 0.000000 1.000000 0.000000
vn 0.000000 1.000000 0.000000
vn 0.000000 1.000000 0.000000
vn 0.000000 1.000000 0.000000
vn 0.000000 1.000000 0.000000
vn 0.000000 1.000000 0.000000
vn 0.000000 1.000000 0.000000
vn 0.000000 1.000000 0.000000
vn 0.000000 1.000000 0.000000
vn 0.000000 1.000000 0.000000
vn 0.000000 1.000000 0.000000
vn 0.000000 1.000000 0.000000
vn 0.000000 1.000000 0.000000
vn 0.000000 1.000000 0.000000
vn 0.000000 1.000000 0.000000
vn 0.000000 1.000000 0.000000
vn 0.000000 1.000000 0.000000
vn 0.000000 1.000000 0.000000
vn 0.000000 1.000000 0.000000
vn 0.000000 1.000000 0.000000
vn 0.000000 1.000000 0.000000
vn 0.000000 1.000000 0.000000
vn 0.000000 1.000000 0.000000
vn 0.000000 1.000000 0.000000
vn 0.000000 1.000000 0.000000
vn 0.000000 1.000000 0.000000
vn 0.000000 1.000000 0.000000
vn 0.000000 1.000000 0.000000
vn 0.000000 1.000000 0.000000
vn 0.000000 1.000000 0.000000
vn 0.000000 1.000000 0.000000
vn 0.000000 1.000000 0.000000
vn 0.000000 1.000000 0.000000
vn 0.000000 1.000000 0.000000
vn 0.000000 1.000000 0.000000
vn 0.000000 1.000000 0.000000
vn 0.000000 1.000000 0.000000
vn 0.000000 1.000000 0.000000
vn 0.000000 1.000000 0.000000
vn 0.000000 1.000000 0.000000
vn 0.000000 1.000000 0.000000
vn 0.000000 1.000000 0.000000
vn 0.000000 1.000000 0.000000
vn 0.000000 1.000000 0.000000
vn 0.000000 1.000000 0.000000
vn 0.000000 1.000000 0.000000
vn 0.000000 1.000000 0.000000
vn 0.000000 1.000000 0.000000
vn 0.000000 1.000000 0.000000
vn 0.000000 1.000000 0.000000
vn 0.000000 1.000000 0.000000
vn 0.000000 1.000000 0.000000
vn 0.000000 1.000000 0.000000
vn 0.000000 1.000000 0.000000
vn 0.000000 1.000000 0.000000
vn 0.000000 1.000000 0.000000
vn 0.000000 1.000000 0.000000
vn 0.000000 1.000000 0.000000
vn 0.000000 1.000000 0.000000
vn 0.000000 1.000000 0.000000
vn 0.000000 1.000000 0.000000
vn 0.000000 1.000000 0.000000
vn 0.000000 1.000000 0.000000
vn 0.000000 1.000000 0.000000
vn 0.000000 1.000000 0.000000
vn 0.000000 1.000000 0.000000
vn 0.000000 1.000000 0.000000
vn 0.000000 1.000000 0.000000
vn 0.000000 1.000000 0.000000
vn 0.000000 1.000000 0.000000
vn 0.000000 1.000000 0.000000
vn 0.000000 1.000000 0.000000
vn 0.000000 1.000000 0.000000
vn 0.000000 1.000000 0.000000
vn 0.000000 1.000000 0.000000
vn 0.000000 1.000000 0.000000
vn 0.000000 1.000000 0.000000
vn 0.000000 1.000000 0.000000
vn 0.000000 1.000000 0.000000
vn 0.000000 1.000000 0.000000
vn 0.000000 1.000000 0.000000
vn 0.000000 1.000000 0.000000
vn 0.000000 1.000000 0.000000
vn 0.000000 1.000000 0.000000
vn 0.000000 1.000000 0.000000
vn 0.000000 1.000000 0.000000
vn 0.000000 1.000000 0.000000
vn 0.000000 1.000000 0.000000
vn 0.000000 1.000000 0.000000
vn 0.000000 1.000000 0.000000
vn 0.000000 1.000000 0.000000
vn 0.000000 1.000000 0.000000
vn 0.000000 1.000000 0.000000
vn 0.000000 1.000000 0.000000
vn 0.000000 1.000000 0.000000
vn 0.000000 1.000000 0.000000
vn 0.000000 1.000000 0.000000
vn 0.000000 1.000000 0.000000
vn 0.000000 1.000000 0.000000
vn 0.000000 1.000000 0.000000
vn 0.000000 1.000000 0.000000
vn 0.000000 1.000000 0.000000
vn 0.000000 1.000000 0.000000
vn 0.000000 1.000000 0.000000
vn 0.000000 1.000000 0.000000
vn 0.000000 1.000000 0.000000
vn 0.000000 1.000000 0.000000
vn 0.000000 1.000000 0.000000
vn 0.000000 1.000000 0.000000
vn 0.000000 1.000000 0.000000
vn 0.000000 1.000000 0.000000
vn 0.000000 1.000000 0.000000
vn 0.000000 1.000000 0.000000
vn 0.000000 1.000000 0.000000
vn 0.000000 1.000000 0.000000
vn 0.000000 1.000000 0.000000
vn 0.000000 1.000000 0.000000
vn 0.000000 1.000000 0.000000
vn 0.000000 1.000000 0.000000
vn 0.000000 1.000000 0.000000
vn 0.000000 1.000000 0.000000
vn 0.000000 1.000000 0.000000
vn 0.000000 1.000000 0.000000
vn 0.000000 1.000000 0.000000
vn 0.000000 1.000000 0.000000
vn 0.000000 1.000000 0.000000
vn 0.000000 1.000000 0.000000
vn 0.000000 1.000000 0.000000
vn 0.000000 1.000000 0.000000
vn 0.000000 1.000000 0.000000
vn 0.000000 1.000000 0.000000
vn 0.000000 1.000000 0.000000
vn 0.000000 1.000000 0.000000
vn 0.000000 1.000000 0.000000
vn 0.000000 1.000000 0.000000
vn 0.000000 1.000000 0.000000
vn 0.000000 1.000000 0.000000
vn 0.000000 1.000000 0.000000
vn 0.000000 1.000000 0.000000
vn 0.000000 1.000000 0.000000
vn 0.000000 1.000000 0.000000
vn 0.000000 1.000000 0.000000
vn 0.000000 1.000000 0.000000
vn 0.000000 1.000000 0.000000
vn 0.000000 1.000000 0.000000
vn 0.000000 1.000000 0.000000
vn 0.000000 1.000000 0.000000
vn 0.000000 1.000000 0.000000
vn 0.000000 1.000000 0.000000
vn 0.000000 1.000000 0.000000
vn 0.000000 1.000000 0.000000
vn 0.000000 1.000000 0.000000
vn 0.000000 1.000000 0.000000
vn 0.000000 1.000000 0.000000
vn 0.000000 1.000000 0.000000
vn 0.000000 1.000000 0.000000
vn 0.000000 1.000000 0.000000
vn 0.000000 1.000000 0.000000
vn 0.000000 1.000000 0.000000
vn 0.000000 1.000000 0.000000
vn 0.000000 1.000000 0.000000
vn 0.000000 1.000000 0.000000
vn 0.000000 1.000000 0.000000
vn 0.000000 1.000000 0.000000
vn 0.000000 1.000000 0.000000
vn 0.000000 1.000000 0.000000
vn 0.000000 1.000000 0.000000
vn 0.000000 1.000000 0.000000
vn 0.000000 1.000000 0.000000
vn 0.000000 1.000000 0.000000
vn 0.000000 1.000000 0.000000
vn 0.000000 1.000000 0.000000
vn 0.000000 1.000000 0.000000
vn 0.000000 1.000000 0.000000
vn 0.000000 1.000000 0.000000
vn 0.000000 1.000000 0.000000
vn 0.000000 1.000000 0.000000
vn 0.000000 1.000000 0.000000
vn 0.000000 1.000000 0.000000
vn 0.000000 1.000000 0.000000
vn 0.000000 1.000000 0.000000
vn 0.000000 1.000000 0.000000
vn 0.000000 1.000000 0.000000
vn 0.000000 1.000000 0.000000
vn 0.000000 1.000000 0.000000
vn 0.000000 1.000000 0.000000
vn 0.000000 1.000000 0.000000
vn 0.000000 1.000000 0.000000
vn 0.000000 1.000000 0.000000
vn 0.000000 1.000000 0.000000
vn 0.000000 1.000000 0.000000
vn 0.000000 1.000000 0.000000
vn 0.000000 1.000000 0.000000
vn 0.000000 1.000000 0.000000
vn 0.000000 1.000000 0.000000
vn 0.000000 1.000000 0.000000
vn 0.000000 1.000000 0.000000
vn 0.000000 1.000000 0.000000
vn 0.000000 1.000000 0.000000
vn 0.000000 1.000000 0.000000
vn 0.000000 1.000000 0.000000
vn 0.000000 1.000000 0.000000
vn 0.000000 1.000000 0.000000
vn 0.000000 1.000000 0.000000
vn 0.000000 1.000000 0.000000
vn 0.000000 1.000000 0.000000
vn 0.000000 1.000000 0.000000
vn 0.000000 1.000000 0.000000
vn 0.000000 1.000000 0.000000
vn 0.000000 1.000000 0.000000
vn 0.000000 1.000000 0.000000
vn 0.000000 1.000000 0.000000
vn 0.000000 1.000000 0.000000
vn 0.000000 1.000000 0.000000
vn 0.000000 1.000000 0.000000
vn 0.000000 1.000000 0.000000
vn 0.000000 1.000000 0.000000
vn 0.000000 1.000000 0.000000
vn 0.000000 1.000000 0.000000
vn 0.000000 1.000000 0.000000
vn 0.000000 1.000000 0.000000
vn 0.000000 1.000000 0.000000
vn 0.000000 1.000000 0.000000
vn 0.000000 1.000000 0.000000
vn 0.000000 1.000000 0.000000
vn 0.000000 1.000000 0.000000
vn 0.000000 1.000000 0.000000
vn 0.000000 1.000000 0.000000
vn 0.000000 1.000000 0.000000
vn 0.000000 1.000000 0.000000
vn 0.000000 1.000000 0.000000
vn 0.000000 1.000000 0.000000
vn 0.000000 1.000000 0.000000
vn 0.000000 1.000000 0.000000
vn 0.000000 1.000000 0.000000
vn 0.000000 1.000000 0.000000
vn 0.000000 1.000000 0.000000
vn 0.000000 1.000000 0.000000
vn 0.000000 1.000000 0.000000
vn 0.000000 1.000000 0.000000
vn 0.000000 1.000000 0.000000
vn 0.000000 1.000000 0.000000
vn 0.000000 1.000000 0.000000
vn 0.000000 1.000000 0.000000
vn 0.000000 1.000000 0.000000
vn 0.000000 1.000000 0.000000
vn 0.000000 1.000000 0.000000
vn 0.000000 1.000000 0.000000
vn 0.000000 1.000000 0.000000
vn 0.000000 1.000000 0.000000
vn 0.000000 1.000000 0.000000
vn 0.000000 1.000000 0.000000
vn 0.000000 1.000000 0.000000
vn 0.000000 1.000000 0.000000
vn 0.000000 1.000000 0.000000
vn 0.000000 1.000000 0.000000
vn 0.000000 1.000000 0.000000
vn 0.000000 1.000000 0.000000
vn 0.000000 1.000000 0.000000
vn 0.000000 1.000000 0.000000
vn 0.000000 1.000000 0.000000
vn 0.000000 1.000000 0.000000
vn 0.000000 1.000000 0.000000
vn 0.000000 1.000000 0.000000
vn 0.000000 1.000000 0.000000
vn 0.000000 1.000000 0.000000
vn 0.000000 1.000000 0.000000
vn 0.000000 1.000000 0.000000
vn 0.000000 1.000000 0.000000
vn 0.000000 1.000000 0.000000
vn 0.000000 1.000000 0.000000
vn 0.000000 1.000000 0.000000
vn 0.000000 1.000000 0.000000
vn 0.000000 1.000000 0.000000
vn 0.000000 1.000000 0.000000
vn 0.000000 1.000000 0.000000
vn 0.000000 1.000000 0.000000
vn 0.000000 1.000000 0.000000
vn 0.000000 1.000000 0.000000
vn 0.000000 1.000000 0.000000
vn 0.000000 1.000000 0.000000
vn 0.000000 1.000000 0.000000
vn 0.000000 1.000000 0.000000
vn 0.000000 1.000000 0.000000
vn 0.000000 1.000000 0.000000
vn 0.000000 1.000000 0.000000
vn 0.000000 1.000000 0.000000
vn 0.000000 1.000000 0.000000
vn 0.000000 1.000000 0.000000
vn 0.000000 1.000000 0.000000
vn 0.000000 1.000000 0.000000
vn 0.000000 1.000000 0.000000
vn 0.000000 1.000000 0.000000
vn 0.000000 1.000000 0.000000
vn 0.000000 1.000000 0.000000
vn 0.000000 1.000000 0.000000
vn 0.000000 1.000000 0.000000
vn 0.000000 1.000000 0.000000
vn 0.000000 1.000000 0.000000
vn 0.000000 1.000000 0.000000
vn 0.000000 1.000000 0.000000
vn 0.000000 1.000000 0.000000
vn 0.000000 1.000000 0.000000
vn 0.000000 1.000000 0.000000
vn 0.000000 1.000000 0.000000
vn 0.000000 1.000000 0.000000
vn 0.000000 1.000000 0.000000
vn 0.000000 1.000000 0.000000
vn 0.000000 1.000000 0.000000
vn 0.000000 1.000000 0.000000
vn 0.000000 1.000000 0.000000
vn 0.000000 1.000000 0.000000
vn 0.000000 1.000000 0.000000
vn 0.000000 1.000000 0.000000
vn 0.000000 1.000000 0.000000
vn 0.000000 1.000000 0.000000
vn 0.000000 1.000000 0.000000
vn 0.000000 1.000000 0.000000
vn 0.000000 1.000000 0.000000
vn 0.000000 1.000000 0.000000
vn 0.000000 1.000000 0.000000
vn 0.000000 1.000000 0.000000
vn 0.000000 1.000000 0.000000
vn 0.000000 1.000000 0.000000
vn 0.000000 1.000000 0.000000
vn 0.000000 1.000000 0.000000
vn 0.000000 1.000000 0.000000
vn 0.000000 1.000000 0.000000
vn 0.000000 1.000000 0.000000
vn 0.000000 1.000000 0.000000
vn 0.000000 1.000000 0.000000
vn 0.000000 1.000000 0.000000
vn 0.000000 1.000000 0.000000
vn 0.000000 1.000000 0.000000
vn 0.000000 1.000000 0.000000
vn 0.000000 1.000000 0.000000
vn 0.000000 1.000000 0.000000
vn 0.000000 1.000000 0.000000
vn 0.000000 1.000000 0.000000
vn 0.000000 1.000000 0.000000
vn 0.000000 1.000000 0.000000
vn 0.000000 1.000000 0.000000
vn 0.000000 1.000000 0.000000
vn 0.000000 1.000000 0.000000
vn 0.000000 1.000000 0.000000
vn 0.000000 1.000000 0.000000
vn 0.000000 1.000000 0.000000
vn 0.000000 1.000000 0.000000
vn 0.000000 1.000000 0.000000
vn 0.000000 1.000000 0.000000
vn 0.000000 1.000000 0.000000
vn 0.000000 1.000000 0.000000
vn 0.000000 1.000000 0.000000
vn 0.000000 1.000000 0.000000
vn 0.000000 1.000000 0.000000
vn 0.000000 1.000000 0.000000
vn 0.000000 1.000000 0.000000
vn 0.000000 1.000000 0.000000
vn 0.000000 1.000000 0.000000
vn 0.000000 1.000000 0.000000
vn 0.000000 1.000000 0.000000
vn 0.000000 1.000000 0.000000
vn 0.000000 1.000000 0.000000
vn 0.000000 1.000000 0.000000
vn 0.000000 1.000000 0.000000
vn 0.000000 1.000000 0.000000
vn 0.000000 1.000000 0.000000
vn 0.000000 1.000000 0.000000
vn 0.000000 1.000000 0.000000
vn 0.000000 1.000000 0.000000
vn 0.000000 1.000000 0.000000
vn 0.000000 1.000000 0.000000
vn 0.000000 1.000000 0.000000
vn 0.000000 1.000000 0.000000
vn 0.000000 1.000000 0.000000
vn 0.000000 1.000000 0.000000
vn 0.000000 1.000000 0.000000
vn 0.000000 1.000000 0.000000
vn 0.000000 1.000000 0.000000
vn 0.000000 1.000000 0.000000
vn 0.000000 1.000000 0.000000
vn 0.000000 1.000000 0.000000
vn 0.000000 1.000000 0.000000
vn 0.000000 1.000000 0.000000
vn 0.000000 1.000000 0.000000
vn 0.000000 1.000000 0.000000
vn 0.000000 1.000000 0.000000
vn 0.000000 1.000000 0.000000
vn 0.000000 1.000000 0.000000
vn 0.000000 1.000000 0.000000
vn 0.000000 1.000000 0.000000
vn 0.000000 1.000000 0.000000
vn 0.000000 1.000000 0.000000
vn 0.000000 1.000000 0.000000
vn 0.000000 1.000000 0.000000
vn 0.000000 1.000000 0.000000
vn 0.000000 1.000000 0.000000
vn 0.000000 1.000000 0.000000
vn 0.000000 1.000000 0.000000
vn 0.000000 1.000000 0.000000
vn 0.000000 1.000000 0.000000
vn 0.000000 1.000000 0.000000
vn 0.000000 1.000000 0.000000
vn 0.000000 1.000000 0.000000
vn 0.000000 1.000000 0.000000
vn 0.000000 1.000000 0.000000
vn 0.000000 1.000000 0.000000
vn 0.000000 1.000000 0.000000
vn 0.000000 1.000000 0.000000
vn 0.000000 1.000000 0.000000
vn 0.000000 1.000000 0.000000
vn 0.000000 1.000000 0.000000
vn 0.000000 1.000000 0.000000
vn 0.000000 1.000000 0.000000
vn 0.000000 1.000000 0.000000
vn 0.000000 1.000000 0.000000
vn 0.000000 1.000000 0.000000
vn 0.000000 1.000000 0.000000
vn 0.000000 1.000000 0.000000
vn 0.000000 1.000000 0.000000
vn 0.000000 1.000000 0.000000
vn 0.000000 1.000000 0.000000
vn 0.000000 1.000000 0.000000
vn 0.000000 1.000000 0.000000
vn 0.000000 1.000000 0.000000
vn 0.000000 1.000000 0.000000
vn 0.000000 1.000000 0.000000
vn 0.000000 1.000000 0.000000
vn 0.000000 1.000000 0.000000
vn 0.000000 1.000000 0.000000
vn 0.000000 1.000000 0.000000
vn 0.000000 1.000000 0.000000
vn 0.000000 1.000000 0.000000
vn 0.000000 1.000000 0.000000
vn 0.000000 1.000000 0.000000
vn 0.000000 1.000000 0.000000
vn 0.000000 1.000000 0.000000
vn 0.000000 1.000000 0.000000
vn 0.000000 1.000000 0.000000
vn 0.000000 1.000000 0.000000
vn 0.000000 1.000000 0.000000
vn 0.000000 1.000000 0.000000
vn 0.000000 1.000000 0.000000
vn 0.000000 1.000000 0.000000
vn 0.000000 1.000000 0.000000
vn 0.000000 1.000000 0.000000
vn 0.000000 1.000000 0.000000
vn 0.000000 1.000000 0.000000
vn 0.000000 1.000000 0.000000
vn 0.000000 1.000000 0.000000
vn 0.000000 1.000000 0.000000
vn 0.000000 1.000000 0.000000
vn 0.000000 1.000000 0.000000
vn 0.000000 1.000000 0.000000
vn 0.000000 1.000000 0.000000
vn 0.000000 1.000000 0.000000
vn 0.000000 1.000000 0.000000
vn 0.000000 1.000000 0.000000
vn 0.000000 1.000000 0.000000
vn 0.000000 1.000000 0.000000
vn 0.000000 1.000000 0.000000
vn 0.000000 1.000000 0.000000
vn 0.000000 1.000000 0.000000
vn 0.000000 1.000000 0.000000
vn 0.000000 1.000000 0.000000
vn 0.000000 1.000000 0.000000
vn 0.000000 1.000000 0.000000
vn 0.000000 1.000000 0.000000
vn 0.000000 1.000000 0.000000
vn 0.000000 1.000000 0.000000
vn 0.000000 1.000000 0.000000
vn 0.000000 1.000000 0.000000
vn 0.000000 1.000000 0.000000
vn 0.000000 1.000000 0.000000
vn 0.000000 1.000000 0.000000
vn 0.000000 1.000000 0.000000
vn 0.000000 1.000000 0.000000
vn 0.000000 1.000000 0.000000
vn 0.000000 1.000000 0.000000
vn 0.000000 1.000000 0.000000
vn 0.000000 1.000000 0.000000
vn 0.000000 1.000000 0.000000
vn 0.000000 1.000000 0.000000
vn 0.000000 1.000000 0.000000
vn 0.000000 1.000000 0.000000
vn 0.000000 1.000000 0.000000
vn 0.000000 1.000000 0.000000
vn 0.000000 1.000000 0.000000
vn 0.000000 1.000000 0.000000
vn 0.000000 1.000000 0.000000
vn 0.000000 1.000000 0.000000
vn 0.000000 1.000000 0.000000
vn 0.000000 1.000000 0.000000
vn 0.000000 1.000000 0.000000
vn 0.000000 1.000000 0.000000
vn 0.000000 1.000000 0.000000
vn 0.000000 1.000000 0.000000
vn 0.000000 1.000000 0.000000
vn 0.000000 1.000000 0.000000
vn 0.000000 1.000000 0.000000
vn 0.000000 1.000000 0.000000
vn 0.000000 1.000000 0.000000
vn 0.000000 1.000000 0.000000
vn 0.000000 1.000000 0.000000
vn 0.000000 1.000000 0.000000
vn 0.000000 1.000000 0.000000
vn 0.000000 1.000000 0.000000
vn 0.000000 1.000000 0.000000
vn 0.000000 1.000000 0.000000
vn 0.000000 1.000000 0.000000
vn 0.000000 1.000000 0.000000
vn 0.000000 1.000000 0.000000
vn 0.000000 1.000000 0.000000
vn 0.000000 1.000000 0.000000
vn 0.000000 1.000000 0.000000
vn 0.000000 1.000000 0.000000
vn 0.000000 1.000000 0.000000
vn 0.000000 1.000000 0.000000
vn 0.000000 1.000000 0.000000
vn 0.000000 1.000000 0.000000
vn 0.000000 1.000000 0.000000
vn 0.000000 1.000000 0.000000
vn 0.000000 1.000000 0.000000
vn 0.000000 1.000000 0.000000
vn 0.000000 1.000000 0.000000
vn 0.000000 1.000000 0.000000
vn 0.000000 1.000000 0.000000
vn 0.000000 1.000000 0.000000
vn 0.000000 1.000000 0.000000
vn 0.000000 1.000000 0.000000
vn 0.000000 1.000000 0.000000
vn 0.000000 1.000000 0.000000
vn 0.000000 1.000000 0.000000
vn 0.000000 1.000000 0.000000
vn 0.000000 1.000000 0.000000
vn 0.000000 1.000000 0.000000
vn 0.000000 1.000000 0.000000
vn 0.000000 1.000000 0.000000
vn 0.000000 1.000000 0.000000
vn 0.000000 1.000000 0.000000
vn 0.000000 1.000000 0.000000
vn 0.000000 1.000000 0.000000
vn 0.000000 1.000000 0.000000
vn 0.000000 1.000000 0.000000
vn 0.000000 1.000000 0.000000
vn 0.000000 1.000000 0.000000
vn 0.000000 1.000000 0.000000
vn 0.000000 1.000000 0.000000
vn 0.000000 1.000000 0.000000
vn 0.000000 1.000000 0.000000
vn 0.000000 1.000000 0.000000
vn 0.000000 1.000000 0.000000
vn 0.000000 1.000000 0.000000
vn 0.000000 1.000000 0.000000
vn 0.000000 1.000000 0.000000
vn 0.000000 1.000000 0.000000
vn 0.000000 1.000000 0.000000
vn 0.000000 1.000000 0.000000
vn 0.000000 1.000000 0.000000
vn 0.000000 1.000000 0.000000
vn 0.000000 1.000000 0.000000
vn 0.000000 1.000000 0.000000
vn 0.000000 1.000000 0.000000
vn 0.000000 1.000000 0.000000
vn 0.000000 1.000000 0.000000
vn 0.000000 1.000000 0.000000
vn 0.000000 1.000000 0.000000
vn 0.000000 1.000000 0.000000
vn 0.000000 1.000000 0.000000
vn 0.000000 1.000000 0.000000
vn 0.000000 1.000000 0.000000
vn 0.000000 1.000000 0.000000
vn 0.000000 1.000000 0.000000
vn 0.000000 1.000000 0.000000
vn 0.000000 1.000000 0.000000
vn 0.000000 1.000000 0.000000
vn 0.000000 1.000000 0.000000
vn 0.000000 1.000000 0.000000
vn 0.000000 1.000000 0.000000
vn 0.000000 1.000000 0.000000
vn 0.000000 1.000000 0.000000
vn 0.000000 1.000000 0.000000
vn 0.000000 1.000000 0.000000
vn 0.000000 1.000000 0.000000
vn 0.000000 1.000000 0.000000
vn 0.000000 1.000000 0.000000
vn 0.000000 1.000000 0.000000
vn 0.000000 1.000000 0.000000
vn 0.000000 1.000000 0.000000
vn 0.000000 1.000000 0.000000
vn 0.000000 1.000000 0.000000
vn 0.000000 1.000000 0.000000
vn 0.000000 1.000000 0.000000
vn 0.000000 1.000000 0.000000
vn 0.000000 1.000000 0.000000
vn 0.000000 1.000000 0.000000
vn 0.000000 1.000000 0.000000
vn 0.000000 1.000000 0.000000
vn 0.000000 1.000000 0.000000
vn 0.000000 1.000000 0.000000
vn 0.000000 1.000000 0.000000
vn 0.000000 1.000000 0.000000
vn 0.000000 1.000000 0.000000
vn 0.000000 1.000000 0.000000
vn 0.000000 1.000000 0.000000
vn 0.000000 1.000000 0.000000
vn 0.000000 1.000000 0.000000
vn 0.000000 1.000000 0.000000
vn 0.000000 1.000000 0.000000
vn 0.000000 1.000000 0.000000
vn 0.000000 1.000000 0.000000
vn 0.000000 1.000000 0.000000
vn 0.000000 1.000000 0.000000
vn 0.000000 1.000000 0.000000
vn 0.000000 1.000000 0.000000
vn 0.000000 1.000000 0.000000
vn 0.000000 1.000000 0.000000
vn 0.000000 1.000000 0.000000
vn 0.000000 1.000000 0.000000
vn 0.000000 1.000000 0.000000
vn 0.000000 1.000000 0.000000
vn 0.000000 1.000000 0.000000
vn 0.000000 1.000000 0.000000
vn 0.000000 1.000000 0.000000
vn 0.000000 1.000000 0.000000
vn 0.000000 1.000000 0.000000
vn 0.000000 1.000000 0.000000
vn 0.000000 1.000000 0.000000
vn 0.000000 1.000000 0.000000
vn 0.000000 1.000000 0.000000
vn 0.000000 1.000000 0.000000
vn 0.000000 1.000000 0.000000
vn 0.000000 1.000000 0.000000
vn 0.000000 1.000000 0.000000
vn 0.000000 1.000000 0.000000
vn 0.000000 1.000000 0.000000
vn 0.000000 1.000000 0.000000
vn 0.000000 1.000000 0.000000
vn 0.000000 1.000000 0.000000
vn 0.000000 1.000000 0.000000
vn 0.000000 1.000000 0.000000
vn 0.000000 1.000000 0.000000
vn 0.000000 1.000000 0.000000
vn 0.000000 1.000000 0.000000
vn 0.000000 1.000000 0.000000
vn 0.000000 1.000000 0.000000
vn 0.000000 1.000000 0.000000
vn 0.000000 1.000000 0.000000
vn 0.000000 1.000000 0.000000
vn 0.000000 1.000000 0.000000
vn 0.000000 1.000000 0.000000
vn 0.000000 1.000000 0.000000
vn 0.000000 1.000000 0.000000
vn 0.000000 1.000000 0.000000
vn 0.000000 1.000000 0.000000
vn 0.000000 1.000000 0.000000
vn 0.000000 1.000000 0.000000
vn 0.000000 1.000000 0.000000
vn 0.000000 1.000000 0.000000
vn 0.000000 1.000000 0.000000
vn 0.000000 1.000000 0.000000
vn 0.000000 1.000000 0.000000
vn 0.000000 1.000000 0.000000
vn 0.000000 1.000000 0.000000
vn 0.000000 1.000000 0.000000
vn 0.000000 1.000000 0.000000
vn 0.000000 1.000000 0.000000
vn 0.000000 1.000000 0.000000
vn 0.000000 1.000000 0.000000
vn 0.000000 1.000000 0.000000
vn 0.000000 1.000000 0.000000
vn 0.000000 1.000000 0.000000
vn 0.000000 1.000000 0.000000
vn 0.000000 1.000000 0.000000
vn 0.000000 1.000000 0.000000
vn 0.000000 1.000000 0.000000
vn 0.000000 1.000000 0.000000
vn 0.000000 1.000000 0.000000
vn 0.000000 1.000000 0.000000
vn 0.000000 1.000000 0.000000
vn 0.000000 1.000000 0.000000
vn 0.000000 1.000000 0.000000
vn 0.000000 1.000000 0.000000
vn 0.000000 1.000000 0.000000
vn 0.000000 1.000000 0.000000
vn 0.000000 1.000000 0.000000
vn 0.000000 1.000000 0.000000
vn 0.000000 1.000000 0.000000
vn 0.000000 1.000000 0.000000
vn 0.000000 1.000000 0.000000
vn 0.000000 1.000000 0.000000
vn 0.000000 1.000000 0.000000
vn 0.000000 1.000000 0.000000
vn 0.000000 1.000000 0.000000
vn 0.000000 1.000000 0.000000
vn 0.000000 1.000000 0.000000
vn 0.000000 1.000000 0.000000
vn 0.000000 1.000000 0.000000
vn 0.000000 1.000000 0.000000
vn 0.000000 1.000000 0.000000
vn 0.000000 1.000000 0.000000
vn 0.000000 1.000000 0.000000
vn 0.000000 1.000000 0.000000
vn 0.000000 1.000000 0.000000
vn 0.000000 1.000000 0.000000
vn 0.000000 1.000000 0.000000
vn 0.000000 1.000000 0.000000
vn 0.000000 1.000000 0.000000
vn 0.000000 1.000000 0.000000
vn 0.000000 1.000000 0.000000
vn 0.000000 1.000000 0.000000
vn 0.000000 1.000000 0.000000
vn 0.000000 1.000000 0.000000
vn 0.000000 1.000000 0.000000
vn 0.000000 1.000000 0.000000
vn 0.000000 1.000000 0.000000
vn 0.000000 1.000000 0.000000
vn 0.000000 1.000000 0.000000
vn 0.000000 1.000000 0.000000
vn 0.000000 1.000000 0.000000
vn 0.000000 1.000000 0.000000
vn 0.000000 1.000000 0.000000
vn 0.000000 1.000000 0.000000
vn 0.000000 1.000000 0.000000
vn 0.000000 1.000000 0.000000
vn 0.000000 1.000000 0.000000
vn 0.000000 1.000000 0.000000
vn 0.000000 1.000000 0.000000
vn 0.000000 1.000000 0.000000
vn 0.000000 1.000000 0.000000
vn 0.000000 1.000000 0.000000
vn 0.000000 1.000000 0.000000
vn 0.000000 1.000000 0.000000
vn 0.000000 1.000000 0.000000
vn 0.000000 1.000000 0.000000
vn 0.000000 1.000000 0.000000
vn 0.000000 1.000000 0.000000
vn 0.000000 1.000000 0.000000
vn 0.000000 1.000000 0.000000
vn 0.000000 1.000000 0.000000
vn 0.000000 1.000000 0.000000
vn 0.000000 1.000000 0.000000
vn 0.000000 1.000000 0.000000
vn 0.000000 1.000000 0.000000
vn 0.000000 1.000000 0.000000
vn 0.000000 1.000000 0.000000
vn 0.000000 1.000000 0.000000
vn 0.000000 1.000000 0.000000
vn 0.000000 1.000000 0.000000
vn 0.000000 1.000000 0.000000
vn 0.000000 1.000000 0.000000
vn 0.000000 1.000000 0.000000
vn 0.000000 1.000000 0.000000
vn 0.000000 1.000000 0.000000
vn 0.000000 1.000000 0.000000
vn 0.000000 1.000000 0.000000
vn 0.000000 1.000000 0.000000
vn 0.000000 1.000000 0.000000
vn 0.000000 1.000000 0.000000
vn 0.000000 1.000000 0.000000
vn 0.000000 1.000000 0.000000
vn 0.000000 1.000000 0.000000
vn 0.000000 1.000000 0.000000
vn 0.000000 1.000000 0.000000
vn 0.000000 1.000000 0.000000
vn 0.000000 1.000000 0.000000
vn 0.000000 1.000000 0.000000
vn 0.000000 1.000000 0.000000
vn 0.000000 1.000000 0.000000
vn 0.000000 1.000000 0.000000
vn 0.000000 1.000000 0.000000
vn 0.000000 1.000000 0.000000
vn 0.000000 1.000000 0.000000
vn 0.000000 1.000000 0.000000
vn 0.000000 1.000000 0.000000
vn 0.000000 1.000000 0.000000
vn 0.000000 1.000000 0.000000
vn 0.000000 1.000000 0.000000
vn 0.000000 1.000000 0.000000
vn 0.000000 1.000000 0.000000
vn 0.000000 1.000000 0.000000
vn 0.000000 1.000000 0.000000
vn 0.000000 1.000000 0.000000
vn 0.000000 1.000000 0.000000
vn 0.000000 1.000000 0.000000
vn 0.000000 1.000000 0.000000
vn 0.000000 1.000000 0.000000
vn 0.000000 1.000000 0.000000
vn 0.000000 1.000000 0.000000
vn 0.000000 1.000000 0.000000
vn 0.000000 1.000000 0.000000
vn 0.000000 1.000000 0.000000
vn 0.000000 1.000000 0.000000
vn 0.000000 1.000000 0.000000
vn 0.000000 1.000000 0.000000
vn 0.000000 1.000000 0.000000
vn 0.000000 1.000000 0.000000
vn 0.000000 1.000000 0.000000
vn 0.000000 1.000000 0.000000
vn 0.000000 1.000000 0.000000
vn 0.000000 1.000000 0.000000
vn 0.000000 1.000000 0.000000
vn 0.000000 1.000000 0.000000
vn 0.000000 1.000000 0.000000
vn 0.000000 1.000000 0.000000
vn 0.000000 1.000000 0.000000
vn 0.000000 1.000000 0.000000
vn 0.000000 1.000000 0.000000
vn 0.000000 1.000000 0.000000
vn 0.000000 1.000000 0.000000
vn 0.000000 1.000000 0.000000
vn 0.000000 1.000000 0.000000
vn 0.000000 1.000000 0.000000
vn 0.000000 1.000000 0.000000
vn 0.000000 1.000000 0.000000
vn 0.000000 1.000000 0.000000
vn 0.000000 1.000000 0.000000
vn 0.000000 1.000000 0.000000
vn 0.000000 1.000000 0.000000
vn 0.000000 1.000000 0.000000
vn 0.000000 1.000000 0.000000
vn 0.000000 1.000000 0.000000
vn 0.000000 1.000000 0.000000
vn 0.000000 1.000000 0.000000
vn 0.000000 1.000000 0.000000
vn 0.000000 1.000000 0.000000
vn 0.000000 1.000000 0.000000
vn 0.000000 1.000000 0.000000
vn 0.000000 1.000000 0.000000
vn 0.000000 1.000000 0.000000
vn 0.000000 1.000000 0.000000
vn 0.000000 1.000000 0.000000
vn 0.000000 1.000000 0.000000
vn 0.000000 1.000000 0.000000
vn 0.000000 1.000000 0.000000
vn 0.000000 1.000000 0.000000
vn 0.000000 1.000000 0.000000
vn 0.000000 1.000000 0.000000
vn 0.000000 1.000000 0.000000
vn 0.000000 1.000000 0.000000
vn 0.000000 1.000000 0.000000
vn 0.000000 1.000000 0.000000
vn 0.000000 1.000000 0.000000
vn 0.000000 1.000000 0.000000
vn 0.000000 1.000000 0.000000
vn 0.000000 1.000000 0.000000
vn 0.000000 1.000000 0.000000
vn 0.000000 1.000000 0.000000
vn 0.000000 1.000000 0.000000
vn 0.000000 1.000000 0.000000
vn 0.000000 1.000000 0.000000
vn 0.000000 1.000000 0.000000
vn 0.000000 1.000000 0.000000
vn 0.000000 1.000000 0.000000
vn 0.000000 1.000000 0.000000
vn 0.000000 1.000000 0.000000
vn 0.000000 1.000000 0.000000
vn 0.000000 1.000000 0.000000
vn 0.000000 1.000000 0.000000
vn 0.000000 1.000000 0.000000
vn 0.000000 1.000000 0.000000
vn 0.000000 1.000000 0.000000
vn 0.000000 1.000000 0.000000
vn 0.000000 1.000000 0.000000
vn 0.000000 1.000000 0.000000
vn 0.000000 1.000000 0.000000
vn 0.000000 1.000000 0.000000
vn 0.000000 1.000000 0.000000
vn 0.000000 1.000000 0.000000
vn 0.000000 1.000000 0.000000
vn 0.000000 1.000000 0.000000
vn 0.000000 1.000000 0.000000
vn 0.000000 1.000000 0.000000
vn 0.000000 1.000000 0.000000
vn 0.000000 1.000000 0.000000
vn 0.000000 1.000000 0.000000
vn 0.000000 1.000000 0.000000
vn 0.000000 1.000000 0.000000
vn 0.000000 1.000000 0.000000
vn 0.000000 1.000000 0.000000
vn 0.000000 1.000000 0.000000
vn 0.000000 1.000000 0.000000
vn 0.000000 1.000000 0.000000
vn 0.000000 1.000000 0.000000
vn 0.000000 1.000000 0.000000
vn 0.000000 1.000000 0.000000
vn 0.000000 1.000000 0.000000
vn 0.000000 1.000000 0.000000
vn 0.000000 1.000000 0.000000
vn 0.000000 1.000000 0.000000
vn 0.000000 1.000000 0.000000
vn 0.000000 1.000000 0.000000
vn 0.000000 1.000000 0.000000
vn 0.000000 1.000000 0.000000
vn 0.000000 1.000000 0.000000
vn 0.000000 1.000000 0.000000
vn 0.000000 1.000000 0.000000
vn 0.000000 1.000000 0.000000
vn 0.000000 1.000000 0.000000
vn 0.000000 1.000000 0.000000
vn 0.000000 1.000000 0.000000
vn 0.000000 1.000000 0.000000
vn 0.000000 1.000000 0.000000
vn 0.000000 1.000000 0.000000
vn 0.000000 1.000000 0.000000
vn 0.000000 1.000000 0.000000
vn 0.000000 1.000000 0.000000
vn 0.000000 1.000000 0.000000
vn 0.000000 1.000000 0.000000
vn 0.000000 1.000000 0.000000
vn 0.000000 1.000000 0.000000
vn 0.000000 1.000000 0.000000
vn 0.000000 1.000000 0.000000
vn 0.000000 1.000000 0.000000
vn 0.000000 1.000000 0.000000
vn 0.000000 1.000000 0.000000
vn 0.000000 1.000000 0.000000
vn 0.000000 1.000000 0.000000
s 1
f 443/842/1 2/2/2 1282/442/3
f 1282/442/3 2/2/2 448/843/4
f 448/843/4 125/223/5 1282/442/3
f 1282/442/3 125/223/5 883/844/6
f 883/844/6 342/122/7 1282/442/3
f 1282/442/3 342/122/7 882/845/8
f 882/845/8 122/222/9 1282/442/3
f 1282/442/3 122/222/9 443/842/1
f 449/846/10 13/13/11 1283/443/12
f 1283/443/12 13/13/11 485/847/13
f 485/847/13 143/224/14 1283/443/12
f 1283/443/12 143/224/14 884/848/15
f 884/848/15 342/122/7 1283/443/12
f 1283/443/12 342/122/7 883/844/6
f 883/844/6 125/223/5 1283/443/12
f 1283/443/12 125/223/5 449/846/10
f 484/849/16 12/12/17 1284/444/18
f 1284/444/18 12/12/17 445/850/19
f 445/850/19 123/225/20 1284/444/18
f 1284/444/18 123/225/20 885/851/21
f 885/851/21 342/122/7 1284/444/18
f 1284/444/18 342/122/7 884/848/15
f 884/848/15 143/224/14 1284/444/18
f 1284/444/18 143/224/14 484/849/16
f 444/852/22 1/1/23 1285/445/24
f 1285/445/24 1/1/23 442/853/25
f 442/853/25 122/222/9 1285/445/24
f 1285/445/24 122/222/9 882/845/8
f 882/845/8 342/122/7 1285/445/24
f 1285/445/24 342/122/7 885/851/21
f 885/851/21 123/225/20 1285/445/24
f 1285/445/24 123/225/20 444/852/22
f 447/854/26 3/3/27 1286/446/28
f 1286/446/28 3/3/27 452/855/29
f 452/855/29 127/227/30 1286/446/28
f 1286/446/28 127/227/30 887/856/31
f 887/856/31 343/123/32 1286/446/28
f 1286/446/28 343/123/32 886/857/33
f 886/857/33 124/226/34 1286/446/28
f 1286/446/28 124/226/34 447/854/26
f 453/858/35 14/14/36 1287/447/37
f 1287/447/37 14/14/36 489/859/38
f 489/859/38 145/228/39 1287/447/37
f 1287/447/37 145/228/39 888/860/40
f 888/860/40 343/123/32 1287/447/37
f 1287/447/37 343/123/32 887/856/31
f 887/856/31 127/227/30 1287/447/37
f 1287/447/37 127/227/30 453/858/35
f 488/861/41 13/13/11 1288/448/42
f 1288/448/42 13/13/11 449/846/10
f 449/846/10 125/223/5 1288/448/42
f 1288/448/42 125/223/5 889/862/43
f 889/862/43 343/123/32 1288/448/42
f 1288/448/42 343/123/32 888/860/40
f 888/860/40 145/228/39 1288/448/42
f 1288/448/42 145/228/39 488/861/41
f 448/843/4 2/2/2 1289/449/44
f 1289/449/44 2/2/2 446/863/45
f 446/863/45 124/226/34 1289/449/44
f 1289/449/44 124/226/34 886/857/33
f 886/857/33 343/123/32 1289/449/44
f 1289/449/44 343/123/32 889/862/43
f 889/862/43 125/223/5 1289/449/44
f 1289/449/44 125/223/5 448/843/4
f 451/864/46 4/4/47 1290/450/48
f 1290/450/48 4/4/47 456/865/49
f 456/865/49 129/230/50 1290/450/48
f 1290/450/48 129/230/50 891/866/51
f 891/866/51 344/124/52 1290/450/48
f 1290/450/48 344/124/52 890/867/53
f 890/867/53 126/229/54 1290/450/48
f 1290/450/48 126/229/54 451/864/46
f 457/868/55 15/15/56 1291/451/57
f 1291/451/57 15/15/56 493/869/58
f 493/869/58 147/231/59 1291/451/57
f 1291/451/57 147/231/59 892/870/60
f 892/870/60 344/124/52 1291/451/57
f 1291/451/57 344/124/52 891/866/51
f 891/866/51 129/230/50 1291/451/57
f 1291/451/57 129/230/50 457/868/55
f 492/871/61 14/14/36 1292/452/62
f 1292/452/62 14/14/36 453/858/35
f 453/858/35 127/227/30 1292/452/62
f 1292/452/62 127/227/30 893/872/63
f 893/872/63 344/124/52 1292/452/62
f 1292/452/62 344/124/52 892/870/60
f 892/870/60 147/231/59 1292/452/62
f 1292/452/62 147/231/59 492/871/61
f 452/855/29 3/3/27 1293/453/64
f 1293/453/64 3/3/27 450/873/65
f 450/873/65 126/229/54 1293/453/64
f 1293/453/64 126/229/54 890/867/53
f 890/867/53 344/124/52 1293/453/64
f 1293/453/64 344/124/52 893/872/63
f 893/872/63 127/227/30 1293/453/64
f 1293/453/64 127/227/30 452/855/29
f 455/874/66 5/5/67 1294/454/68
f 1294/454/68 5/5/67 460/875/69
f 460/875/69 131/233/70 1294/454/68
f 1294/454/68 131/233/70 895/876/71
f 895/876/71 345/125/72 1294/454/68
f 1294/454/68 345/125/72 894/877/73
f 894/877/73 128/232/74 1294/454/68
f 1294/454/68 128/232/74 455/874/66
f 461/878/75 16/16/76 1295/455/77
f 1295/455/77 16/16/76 497/879/78
f 497/879/78 149/234/79 1295/455/77
f 1295/455/77 149/234/79 896/880/80
f 896/880/80 345/125/72 1295/455/77
f 1295/455/77 345/125/72 895/876/71
f 895/876/71 131/233/70 1295/455/77
f 1295/455/77 131/233/70 461/878/75
f 496/881/81 15/15/56 1296/456/82
f 1296/456/82 15/15/56 457/868/55
f 457/868/55 129/230/50 1296/456/82
f 1296/456/82 129/230/50 897/882/83
f 897/882/83 345/125/72 1296/456/82
f 1296/456/82 345/125/72 896/880/80
f 896/880/80 149/234/79 1296/456/82
f 1296/456/82 149/234/79 496/881/81
f 456/865/49 4/4/47 1297/457/84
f 1297/457/84 4/4/47 454/883/85
f 454/883/85 128/232/74 1297/457/84
f 1297/457/84 128/232/74 894/877/73
f 894/877/73 345/125/72 1297/457/84
f 1297/457/84 345/125/72 897/882/83
f 897/882/83 129/230/50 1297/457/84
f 1297/457/84 129/230/50 456/865/49
f 459/884/86 6/6/87 1298/458/88
f 1298/458/88 6/6/87 464/885/89
f 464/885/89 133/236/90 1298/458/88
f 1298/458/88 133/236/90 899/886/91
f 899/886/91 346/126/92 1298/458/88
f 1298/458/88 346/126/92 898/887/93
f 898/887/93 130/235/94 1298/458/88
f 1298/458/88 130/235/94 459/884/86
f 465/888/95 17/17/96 1299/459/97
f 1299/459/97 17/17/96 501/889/98
f 501/889/98 151/237/99 1299/459/97
f 1299/459/97 151/237/99 900/890/100
f 900/890/100 346/126/92 1299/459/97
f 1299/459/97 346/126/92 899/886/91
f 899/886/91 133/236/90 1299/459/97
f 1299/459/97 133/236/90 465/888/95
f 500/891/101 16/16/76 1300/460/102
f 1300/460/102 16/16/76 461/878/75
f 461/878/75 131/233/70 1300/460/102
f 1300/460/102 131/233/70 901/892/103
f 901/892/103 346/126/92 1300/460/102
f 1300/460/102 346/126/92 900/890/100
f 900/890/100 151/237/99 1300/460/102
f 1300/460/102 151/237/99 500/891/101
f 460/875/69 5/5/67 1301/461/104
f 1301/461/104 5/5/67 458/893/105
f 458/893/105 130/235/94 1301/461/104
f 1301/461/104 130/235/94 898/887/93
f 898/887/93 346/126/92 1301/461/104
f 1301/461/104 346/126/92 901/892/103
f 901/892/103 131/233/70 1301/461/104
f 1301/461/104 131/233/70 460/875/69
f 463/894/106 7/7/107 1302/462/108
f 1302/462/108 7/7/107 468/895/109
f 468/895/109 135/239/110 1302/462/108
f 1302/462/108 135/239/110 903/896/111
f 903/896/111 347/127/112 1302/462/108
f 1302/462/108 347/127/112 902/897/113
f 902/897/113 132/238/114 1302/462/108
f 1302/462/108 132/238/114 463/894/106
f 469/898/115 18/18/116 1303/463/117
f 1303/463/117 18/18/116 505/899/118
f 505/899/118 153/240/119 1303/463/117
f 1303/463/117 153/240/119 904/900/120
f 904/900/120 347/127/112 1303/463/117
f 1303/463/117 347/127/112 903/896/111
f 903/896/111 135/239/110 1303/463/117
f 1303/463/117 135/239/110 469/898/115
f 504/901/121 17/17/96 1304/464/122
f 1304/464/122 17/17/96 465/888/95
f 465/888/95 133/236/90 1304/464/122
f 1304/464/122 133/236/90 905/902/123
f 905/902/123 347/127/112 1304/464/122
f 1304/464/122 347/127/112 904/900/120
f 904/900/120 153/240/119 1304/464/122
f 1304/464/122 153/240/119 504/901/121
f 464/885/89 6/6/87 1305/465/124
f 1305/465/124 6/6/87 462/903/125
f 462/903/125 132/238/114 1305/465/124
f 1305/465/124 132/238/114 902/897/113
f 902/897/113 347/127/112 1305/465/124
f 1305/465/124 347/127/112 905/902/123
f 905/902/123 133/236/90 1305/465/124
f 1305/465/124 133/236/90 464/885/89
f 467/904/126 8/8/127 1306/466/128
f 1306/466/128 8/8/127 472/905/129
f 472/905/129 137/242/130 1306/466/128
f 1306/466/128 137/242/130 907/906/131
f 907/906/131 348/128/132 1306/466/128
f 1306/466/128 348/128/132 906/907/133
f 906/907/133 134/241/134 1306/466/128
f 1306/466/128 134/241/134 467/904/126
f 473/908/135 19/19/136 1307/467/137
f 1307/467/137 19/19/136 509/909/138
f 509/909/138 155/243/139 1307/467/137
f 1307/467/137 155/243/139 908/910/140
f 908/910/140 348/128/132 1307/467/137
f 1307/467/137 348/128/132 907/906/131
f 907/906/131 137/242/130 1307/467/137
f 1307/467/137 137/242/130 473/908/135
f 508/911/141 18/18/116 1308/468/142
f 1308/468/142 18/18/116 469/898/115
f 469/898/115 135/239/110 1308/468/142
f 1308/468/142 135/239/110 909/912/143
f 909/912/143 348/128/132 1308/468/142
f 1308/468/142 348/128/132 908/910/140
f 908/910/140 155/243/139 1308/468/142
f 1308/468/142 155/243/139 508/911/141
f 468/895/109 7/7/107 1309/469/144
f 1309/469/144 7/7/107 466/913/145
f 466/913/145 134/241/134 1309/469/144
f 1309/469/144 134/241/134 906/907/133
f 906/907/133 348/128/132 1309/469/144
f 1309/469/144 348/128/132 909/912/143
f 909/912/143 135/239/110 1309/469/144
f 1309/469/144 135/239/110 468/895/109
f 471/914/146 9/9/147 1310/470/148
f 1310/470/148 9/9/147 476/915/149
f 476/915/149 139/245/150 1310/470/148
f 1310/470/148 139/245/150 911/916/151
f 911/916/151 349/129/152 1310/470/148
f 1310/470/148 349/129/152 910/917/153
f 910/917/153 136/244/154 1310/470/148
f 1310/470/148 136/244/154 471/914/146
f 477/918/155 20/20/156 1311/471/157
f 1311/471/157 20/20/156 513/919/158
f 513/919/158 157/246/159 1311/471/157
f 1311/471/157 157/246/159 912/920/160
f 912/920/160 349/129/152 1311/471/157
f 1311/471/157 349/129/152 911/916/151
f 911/916/151 139/245/150 1311/471/157
f 1311/471/157 139/245/150 477/918/155
f 512/921/161 19/19/136 1312/472/162
f 1312/472/162 19/19/136 473/908/135
f 473/908/135 137/242/130 1312/472/162
f 1312/472/162 137/242/130 913/922/163
f 913/922/163 349/129/152 1312/472/162
f 1312/472/162 349/129/152 912/920/160
f 912/920/160 157/246/159 1312/472/162
f 1312/472/162 157/246/159 512/921/161
f 472/905/129 8/8/127 1313/473/164
f 1313/473/164 8/8/127 470/923/165
f 470/923/165 136/244/154 1313/473/164
f 1313/473/164 136/244/154 910/917/153
f 910/917/153 349/129/152 1313/473/164
f 1313/473/164 349/129/152 913/922/163
f 913/922/163 137/242/130 1313/473/164
f 1313/473/164 137/242/130 472/905/129
f 475/924/166 10/10/167 1314/474/168
f 1314/474/168 10/10/167 480/925/169
f 480/925/169 141/248/170 1314/474/168
f 1314/474/168 141/248/170 915/926/171
f 915/926/171 350/130/172 1314/474/168
f 1314/474/168 350/130/172 914/927/173
f 914/927/173 138/247/174 1314/474/168
f 1314/474/168 138/247/174 475/924/166
f 481/928/175 21/21/176 1315/475/177
f 1315/475/177 21/21/176 517/929/178
f 517/929/178 159/249/179 1315/475/177
f 1315/475/177 159/249/179 916/930/180
f 916/930/180 350/130/172 1315/475/177
f 1315/475/177 350/130/172 915/926/171
f 915/926/171 141/248/170 1315/475/177
f 1315/475/177 141/248/170 481/928/175
f 516/931/181 20/20/156 1316/476/182
f 1316/476/182 20/20/156 477/918/155
f 477/918/155 139/245/150 1316/476/182
f 1316/476/182 139/245/150 917/932/183
f 917/932/183 350/130/172 1316/476/182
f 1316/476/182 350/130/172 916/930/180
f 916/930/180 159/249/179 1316/476/182
f 1316/476/182 159/249/179 516/931/181
f 476/915/149 9/9/147 1317/477/184
f 1317/477/184 9/9/147 474/933/185
f 474/933/185 138/247/174 1317/477/184
f 1317/477/184 138/247/174 914/927/173
f 914/927/173 350/130/172 1317/477/184
f 1317/477/184 350/130/172 917/932/183
f 917/932/183 139/245/150 1317/477/184
f 1317/477/184 139/245/150 476/915/149
f 479/934/186 11/11/187 1318/478/188
f 1318/478/188 11/11/187 482/935/189
f 482/935/189 142/251/190 1318/478/188
f 1318/478/188 142/251/190 919/936/191
f 919/936/191 351/131/192 1318/478/188
f 1318/478/188 351/131/192 918/937/193
f 918/937/193 140/250/194 1318/478/188
f 1318/478/188 140/250/194 479/934/186
f 483/938/195 22/22/196 1319/479/197
f 1319/479/197 22/22/196 521/939/198
f 521/939/198 161/252/199 1319/479/197
f 1319/479/197 161/252/199 920/940/200
f 920/940/200 351/131/192 1319/479/197
f 1319/479/197 351/131/192 919/936/191
f 919/936/191 142/251/190 1319/479/197
f 1319/479/197 142/251/190 483/938/195
f 520/941/201 21/21/176 1320/480/202
f 1320/480/202 21/21/176 481/928/175
f 481/928/175 141/248/170 1320/480/202
f 1320/480/202 141/248/170 921/942/203
f 921/942/203 351/131/192 1320/480/202
f 1320/480/202 351/131/192 920/940/200
f 920/940/200 161/252/199 1320/480/202
f 1320/480/202 161/252/199 520/941/201
f 480/925/169 10/10/167 1321/481/204
f 1321/481/204 10/10/167 478/943/205
f 478/943/205 140/250/194 1321/481/204
f 1321/481/204 140/250/194 918/937/193
f 918/937/193 351/131/192 1321/481/204
f 1321/481/204 351/131/192 921/942/203
f 921/942/203 141/248/170 1321/481/204
f 1321/481/204 141/248/170 480/925/169
f 485/847/13 13/13/11 1322/482/206
f 1322/482/206 13/13/11 490/944/207
f 490/944/207 146/253/208 1322/482/206
f 1322/482/206 146/253/208 923/945/209
f 923/945/209 352/132/210 1322/482/206
f 1322/482/206 352/132/210 922/946/211
f 922/946/211 143/224/14 1322/482/206
f 1322/482/206 143/224/14 485/847/13
f 491/947/212 24/24/213 1323/483/214
f 1323/483/214 24/24/213 527/948/215
f 527/948/215 164/254/216 1323/483/214
f 1323/483/214 164/254/216 924/949/217
f 924/949/217 352/132/210 1323/483/214
f 1323/483/214 352/132/210 923/945/209
f 923/945/209 146/253/208 1323/483/214
f 1323/483/214 146/253/208 491/947/212
f 526/950/218 23/23/219 1324/484/220
f 1324/484/220 23/23/219 487/951/221
f 487/951/221 144/255/222 1324/484/220
f 1324/484/220 144/255/222 925/952/223
f 925/952/223 352/132/210 1324/484/220
f 1324/484/220 352/132/210 924/949/217
f 924/949/217 164/254/216 1324/484/220
f 1324/484/220 164/254/216 526/950/218
f 486/953/224 12/12/17 1325/485/225
f 1325/485/225 12/12/17 484/849/16
f 484/849/16 143/224/14 1325/485/225
f 1325/485/225 143/224/14 922/946/211
f 922/946/211 352/132/210 1325/485/225
f 1325/485/225 352/132/210 925/952/223
f 925/952/223 144/255/222 1325/485/225
f 1325/485/225 144/255/222 486/953/224
f 489/859/38 14/14/36 1326/486/226
f 1326/486/226 14/14/36 494/954/227
f 494/954/227 148/256/228 1326/486/226
f 1326/486/226 148/256/228 927/955/229
f 927/955/229 353/133/230 1326/486/226
f 1326/486/226 353/133/230 926/956/231
f 926/956/231 145/228/39 1326/486/226
f 1326/486/226 145/228/39 489/859/38
f 495/957/232 25/25/233 1327/487/234
f 1327/487/234 25/25/233 531/958/235
f 531/958/235 166/257/236 1327/487/234
f 1327/487/234 166/257/236 928/959/237
f 928/959/237 353/133/230 1327/487/234
f 1327/487/234 353/133/230 927/955/229
f 927/955/229 148/256/228 1327/487/234
f 1327/487/234 148/256/228 495/957/232
f 530/960/238 24/24/213 1328/488/239
f 1328/488/239 24/24/213 491/947/212
f 491/947/212 146/253/208 1328/488/239
f 1328/488/239 146/253/208 929/961/240
f 929/961/240 353/133/230 1328/488/239
f 1328/488/239 353/133/230 928/959/237
f 928/959/237 166/257/236 1328/488/239
f 1328/488/239 166/257/236 530/960/238
f 490/944/207 13/13/11 1329/489/241
f 1329/489/241 13/13/11 488/861/41
f 488/861/41 145/228/39 1329/489/241
f 1329/489/241 145/228/39 926/956/231
f 926/956/231 353/133/230 1329/489/241
f 1329/489/241 353/133/230 929/961/240
f 929/961/240 146/253/208 1329/489/241
f 1329/489/241 146/253/208 490/944/207
f 493/869/58 15/15/56 1330/490/242
f 1330/490/242 15/15/56 498/962/243
f 498/962/243 150/258/244 1330/490/242
f 1330/490/242 150/258/244 931/963/245
f 931/963/245 354/134/246 1330/490/242
f 1330/490/242 354/134/246 930/964/247
f 930/964/247 147/231/59 1330/490/242
f 1330/490/242 147/231/59 493/869/58
f 499/965/248 26/26/249 1331/491/250
f 1331/491/250 26/26/249 535/966/251
f 535/966/251 168/259/252 1331/491/250
f 1331/491/250 168/259/252 932/967/253
f 932/967/253 354/134/246 1331/491/250
f 1331/491/250 354/134/246 931/963/245
f 931/963/245 150/258/244 1331/491/250
f 1331/491/250 150/258/244 499/965/248
f 534/968/254 25/25/233 1332/492/255
f 1332/492/255 25/25/233 495/957/232
f 495/957/232 148/256/228 1332/492/255
f 1332/492/255 148/256/228 933/969/256
f 933/969/256 354/134/246 1332/492/255
f 1332/492/255 354/134/246 932/967/253
f 932/967/253 168/259/252 1332/492/255
f 1332/492/255 168/259/252 534/968/254
f 494/954/227 14/14/36 1333/493/257
f 1333/493/257 14/14/36 492/871/61
f 492/871/61 147/231/59 1333/493/257
f 1333/493/257 147/231/59 930/964/247
f 930/964/247 354/134/246 1333/493/257
f 1333/493/257 354/134/246 933/969/256
f 933/969/256 148/256/228 1333/493/257
f 1333/493/257 148/256/228 494/954/227
f 497/879/78 16/16/76 1334/494/258
f 1334/494/258 16/16/76 502/970/259
f 502/970/259 152/260/260 1334/494/258
f 1334/494/258 152/260/260 935/971/261
f 935/971/261 355/135/262 1334/494/258
f 1334/494/258 355/135/262 934/972/263
f 934/972/263 149/234/79 1334/494/258
f 1334/494/258 149/234/79 497/879/78
f 503/973/264 27/27/265 1335/495/266
f 1335/495/266 27/27/265 539/974/267
f 539/974/267 170/261/268 1335/495/266
f 1335/495/266 170/261/268 936/975/269
f 936/975/269 355/135/262 1335/495/266
f 1335/495/266 355/135/262 935/971/261
f 935/971/261 152/260/260 1335/495/266
f 1335/495/266 152/260/260 503/973/264
f 538/976/270 26/26/249 1336/496/271
f 1336/496/271 26/26/249 499/965/248
f 499/965/248 150/258/244 1336/496/271
f 1336/496/271 150/258/244 937/977/272
f 937/977/272 355/135/262 1336/496/271
f 1336/496/271 355/135/262 936/975/269
f 936/975/269 170/261/268 1336/496/271
f 1336/496/271 170/261/268 538/976/270
f 498/962/243 15/15/56 1337/497/273
f 1337/497/273 15/15/56 496/881/81
f 496/881/81 149/234/79 1337/497/273
f 1337/497/273 149/234/79 934/972/263
f 934/972/263 355/135/262 1337/497/273
f 1337/497/273 355/135/262 937/977/272
f 937/977/272 150/258/244 1337/497/273
f 1337/497/273 150/258/244 498/962/243
f 501/889/98 17/17/96 1338/498/274
f 1338/498/274 17/17/96 506/978/275
f 506/978/275 154/262/276 1338/498/274
f 1338/498/274 154/262/276 939/979/277
f 939/979/277 356/136/278 1338/498/274
f 1338/498/274 356/136/278 938/980/279
f 938/980/279 151/237/99 1338/498/274
f 1338/498/274 151/237/99 501/889/98
f 507/981/280 28/28/281 1339/499/282
f 1339/499/282 28/28/281 543/982/283
f 543/982/283 172/263/284 1339/499/282
f 1339/499/282 172/263/284 940/983/285
f 940/983/285 356/136/278 1339/499/282
f 1339/499/282 356/136/278 939/979/277
f 939/979/277 154/262/276 1339/499/282
f 1339/499/282 154/262/276 507/981/280
f 542/984/286 27/27/265 1340/500/287
f 1340/500/287 27/27/265 503/973/264
f 503/973/264 152/260/260 1340/500/287
f 1340/500/287 152/260/260 941/985/288
f 941/985/288 356/136/278 1340/500/287
f 1340/500/287 356/136/278 940/983/285
f 940/983/285 172/263/284 1340/500/287
f 1340/500/287 172/263/284 542/984/286
f 502/970/259 16/16/76 1341/501/289
f 1341/501/289 16/16/76 500/891/101
f 500/891/101 151/237/99 1341/501/289
f 1341/501/289 151/237/99 938/980/279
f 938/980/279 356/136/278 1341/501/289
f 1341/501/289 356/136/278 941/985/288
f 941/985/288 152/260/260 1341/501/289
f 1341/501/289 152/260/260 502/970/259
f 505/899/118 18/18/116 1342/502/290
f 1342/502/290 18/18/116 510/986/291
f 510/986/291 156/264/292 1342/502/290
f 1342/502/290 156/264/292 943/987/293
f 943/987/293 357/137/294 1342/502/290
f 1342/502/290 357/137/294 942/988/295
f 942/988/295 153/240/119 1342/502/290
f 1342/502/290 153/240/119 505/899/118
f 511/989/296 29/29/297 1343/503/298
f 1343/503/298 29/29/297 547/990/299
f 547/990/299 174/265/300 1343/503/298
f 1343/503/298 174/265/300 944/991/301
f 944/991/301 357/137/294 1343/503/298
f 1343/503/298 357/137/294 943/987/293
f 943/987/293 156/264/292 1343/503/298
f 1343/503/298 156/264/292 511/989/296
f 546/992/302 28/28/281 1344/504/303
f 1344/504/303 28/28/281 507/981/280
f 507/981/280 154/262/276 1344/504/303
f 1344/504/303 154/262/276 945/993/304
f 945/993/304 357/137/294 1344/504/303
f 1344/504/303 357/137/294 944/991/301
f 944/991/301 174/265/300 1344/504/303
f 1344/504/303 174/265/300 546/992/302
f 506/978/275 17/17/96 1345/505/305
f 1345/505/305 17/17/96 504/901/121
f 504/901/121 153/240/119 1345/505/305
f 1345/505/305 153/240/119 942/988/295
f 942/988/295 357/137/294 1345/505/305
f 1345/505/305 357/137/294 945/993/304
f 945/993/304 154/262/276 1345/505/305
f 1345/505/305 154/262/276 506/978/275
f 509/909/138 19/19/136 1346/506/306
f 1346/506/306 19/19/136 514/994/307
f 514/994/307 158/266/308 1346/506/306
f 1346/506/306 158/266/308 947/995/309
f 947/995/309 358/138/310 1346/506/306
f 1346/506/306 358/138/310 946/996/311
f 946/996/311 155/243/139 1346/506/306
f 1346/506/306 155/243/139 509/909/138
f 515/997/312 30/30/313 1347/507/314
f 1347/507/314 30/30/313 551/998/315
f 551/998/315 176/267/316 1347/507/314
f 1347/507/314 176/267/316 948/999/317
f 948/999/317 358/138/310 1347/507/314
f 1347/507/314 358/138/310 947/995/309
f 947/995/309 158/266/308 1347/507/314
f 1347/507/314 158/266/308 515/997/312
f 550/1000/318 29/29/297 1348/508/319
f 1348/508/319 29/29/297 511/989/296
f 511/989/296 156/264/292 1348/508/319
f 1348/508/319 156/264/292 949/1001/320
f 949/1001/320 358/138/310 1348/508/319
f 1348/508/319 358/138/310 948/999/317
f 948/999/317 176/267/316 1348/508/319
f 1348/508/319 176/267/316 550/1000/318
f 510/986/291 18/18/116 1349/509/321
f 1349/509/321 18/18/116 508/911/141
f 508/911/141 155/243/139 1349/509/321
f 1349/509/321 155/243/139 946/996/311
f 946/996/311 358/138/310 1349/509/321
f 1349/509/321 358/138/310 949/1001/320
f 949/1001/320 156/264/292 1349/509/321
f 1349/509/321 156/264/292 510/986/291
f 513/919/158 20/20/156 1350/510/322
f 1350/510/322 20/20/156 518/1002/323
f 518/1002/323 160/268/324 1350/510/322
f 1350/510/322 160/268/324 951/1003/325
f 951/1003/325 359/139/326 1350/510/322
f 1350/510/322 359/139/326 950/1004/327
f 950/1004/327 157/246/159 1350/510/322
f 1350/510/322 157/246/159 513/919/158
f 519/1005/328 31/31/329 1351/511/330
f 1351/511/330 31/31/329 555/1006/331
f 555/1006/331 178/269/332 1351/511/330
f 1351/511/330 178/269/332 952/1007/333
f 952/1007/333 359/139/326 1351/511/330
f 1351/511/330 359/139/326 951/1003/325
f 951/1003/325 160/268/324 1351/511/330
f 1351/511/330 160/268/324 519/1005/328
f 554/1008/334 30/30/313 1352/512/335
f 1352/512/335 30/30/313 515/997/312
f 515/997/312 158/266/308 1352/512/335
f 1352/512/335 158/266/308 953/1009/336
f 953/1009/336 359/139/326 1352/512/335
f 1352/512/335 359/139/326 952/1007/333
f 952/1007/333 178/269/332 1352/512/335
f 1352/512/335 178/269/332 554/1008/334
f 514/994/307 19/19/136 1353/513/337
f 1353/513/337 19/19/136 512/921/161
f 512/921/161 157/246/159 1353/513/337
f 1353/513/337 157/246/159 950/1004/327
f 950/1004/327 359/139/326 1353/513/337
f 1353/513/337 359/139/326 953/1009/336
f 953/1009/336 158/266/308 1353/513/337
f 1353/513/337 158/266/308 514/994/307
f 517/929/178 21/21/176 1354/514/338
f 1354/514/338 21/21/176 522/1010/339
f 522/1010/339 162/270/340 1354/514/338
f 1354/514/338 162/270/340 955/1011/341
f 955/1011/341 360/140/342 1354/514/338
f 1354/514/338 360/140/342 954/1012/343
f 954/1012/343 159/249/179 1354/514/338
f 1354/514/338 159/249/179 517/929/178
f 523/1013/344 32/32/345 1355/515/346
f 1355/515/346 32/32/345 559/1014/347
f 559/1014/347 180/271/348 1355/515/346
f 1355/515/346 180/271/348 956/1015/349
f 956/1015/349 360/140/342 1355/515/346
f 1355/515/346 360/140/342 955/1011/341
f 955/1011/341 162/270/340 1355/515/346
f 1355/515/346 162/270/340 523/1013/344
f 558/1016/350 31/31/329 1356/516/351
f 1356/516/351 31/31/329 519/1005/328
f 519/1005/328 160/268/324 1356/516/351
f 1356/516/351 160/268/324 957/1017/352
f 957/1017/352 360/140/342 1356/516/351
f 1356/516/351 360/140/342 956/1015/349
f 956/1015/349 180/271/348 1356/516/351
f 1356/516/351 180/271/348 558/1016/350
f 518/1002/323 20/20/156 1357/517/353
f 1357/517/353 20/20/156 516/931/181
f 516/931/181 159/249/179 1357/517/353
f 1357/517/353 159/249/179 954/1012/343
f 954/1012/343 360/140/342 1357/517/353
f 1357/517/353 360/140/342 957/1017/352
f 957/1017/352 160/268/324 1357/517/353
f 1357/517/353 160/268/324 518/1002/323
f 521/939/198 22/22/196 1358/518/354
f 1358/518/354 22/22/196 524/1018/355
f 524/1018/355 163/272/356 1358/518/354
f 1358/518/354 163/272/356 959/1019/357
f 959/1019/357 361/141/358 1358/518/354
f 1358/518/354 361/141/358 958/1020/359
f 958/1020/359 161/252/199 1358/518/354
f 1358/518/354 161/252/199 521/939/198
f 525/1021/360 33/33/361 1359/519/362
f 1359/519/362 33/33/361 563/1022/363
f 563/1022/363 182/273/364 1359/519/362
f 1359/519/362 182/273/364 960/1023/365
f 960/1023/365 361/141/358 1359/519/362
f 1359/519/362 361/141/358 959/1019/357
f 959/1019/357 163/272/356 1359/519/362
f 1359/519/362 163/272/356 525/1021/360
f 562/1024/366 32/32/345 1360/520/367
f 1360/520/367 32/32/345 523/1013/344
f 523/1013/344 162/270/340 1360/520/367
f 1360/520/367 162/270/340 961/1025/368
f 961/1025/368 361/141/358 1360/520/367
f 1360/520/367 361/141/358 960/1023/365
f 960/1023/365 182/273/364 1360/520/367
f 1360/520/367 182/273/364 562/1024/366
f 522/1010/339 21/21/176 1361/521/369
f 1361/521/369 21/21/176 520/941/201
f 520/941/201 161/252/199 1361/521/369
f 1361/521/369 161/252/199 958/1020/359
f 958/1020/359 361/141/358 1361/521/369
f 1361/521/369 361/141/358 961/1025/368
f 961/1025/368 162/270/340 1361/521/369
f 1361/521/369 162/270/340 522/1010/339
f 527/948/215 24/24/213 1362/522/370
f 1362/522/370 24/24/213 532/1026/371
f 532/1026/371 167/274/372 1362/522/370
f 1362/522/370 167/274/372 963/1027/373
f 963/1027/373 362/142/374 1362/522/370
f 1362/522/370 362/142/374 962/1028/375
f 962/1028/375 164/254/216 1362/522/370
f 1362/522/370 164/254/216 527/948/215
f 533/1029/376 35/35/377 1363/523/378
f 1363/523/378 35/35/377 569/1030/379
f 569/1030/379 185/275/380 1363/523/378
f 1363/523/378 185/275/380 964/1031/381
f 964/1031/381 362/142/374 1363/523/378
f 1363/523/378 362/142/374 963/1027/373
f 963/1027/373 167/274/372 1363/523/378
f 1363/523/378 167/274/372 533/1029/376
f 568/1032/382 34/34/383 1364/524/384
f 1364/524/384 34/34/383 529/1033/385
f 529/1033/385 165/276/386 1364/524/384
f 1364/524/384 165/276/386 965/1034/387
f 965/1034/387 362/142/374 1364/524/384
f 1364/524/384 362/142/374 964/1031/381
f 964/1031/381 185/275/380 1364/524/384
f 1364/524/384 185/275/380 568/1032/382
f 528/1035/388 23/23/219 1365/525/389
f 1365/525/389 23/23/219 526/950/218
f 526/950/218 164/254/216 1365/525/389
f 1365/525/389 164/254/216 962/1028/375
f 962/1028/375 362/142/374 1365/525/389
f 1365/525/389 362/142/374 965/1034/387
f 965/1034/387 165/276/386 1365/525/389
f 1365/525/389 165/276/386 528/1035/388
f 531/958/235 25/25/233 1366/526/390
f 1366/526/390 25/25/233 536/1036/391
f 536/1036/391 169/277/392 1366/526/390
f 1366/526/390 169/277/392 967/1037/393
f 967/1037/393 363/143/394 1366/526/390
f 1366/526/390 363/143/394 966/1038/395
f 966/1038/395 166/257/236 1366/526/390
f 1366/526/390 166/257/236 531/958/235
f 537/1039/396 36/36/397 1367/527/398
f 1367/527/398 36/36/397 573/1040/399
f 573/1040/399 187/278/400 1367/527/398
f 1367/527/398 187/278/400 968/1041/401
f 968/1041/401 363/143/394 1367/527/398
f 1367/527/398 363/143/394 967/1037/393
f 967/1037/393 169/277/392 1367/527/398
f 1367/527/398 169/277/392 537/1039/396
f 572/1042/402 35/35/377 1368/528/403
f 1368/528/403 35/35/377 533/1029/376
f 533/1029/376 167/274/372 1368/528/403
f 1368/528/403 167/274/372 969/1043/404
f 969/1043/404 363/143/394 1368/528/403
f 1368/528/403 363/143/394 968/1041/401
f 968/1041/401 187/278/400 1368/528/403
f 1368/528/403 187/278/400 572/1042/402
f 532/1026/371 24/24/213 1369/529/405
f 1369/529/405 24/24/213 530/960/238
f 530/960/238 166/257/236 1369/529/405
f 1369/529/405 166/257/236 966/1038/395
f 966/1038/395 363/143/394 1369/529/405
f 1369/529/405 363/143/394 969/1043/404
f 969/1043/404 167/274/372 1369/529/405
f 1369/529/405 167/274/372 532/1026/371
f 535/966/251 26/26/249 1370/530/406
f 1370/530/406 26/26/249 540/1044/407
f 540/1044/407 171/279/408 1370/530/406
f 1370/530/406 171/279/408 971/1045/409
f 971/1045/409 364/144/410 1370/530/406
f 1370/530/406 364/144/410 970/1046/411
f 970/1046/411 168/259/252 1370/530/406
f 1370/530/406 168/259/252 535/966/251
f 541/1047/412 37/37/413 1371/531/414
f 1371/531/414 37/37/413 577/1048/415
f 577/1048/415 189/280/416 1371/531/414
f 1371/531/414 189/280/416 972/1049/417
f 972/1049/417 364/144/410 1371/531/414
f 1371/531/414 364/144/410 971/1045/409
f 971/1045/409 171/279/408 1371/531/414
f 1371/531/414 171/279/408 541/1047/412
f 576/1050/418 36/36/397 1372/532/419
f 1372/532/419 36/36/397 537/1039/396
f 537/1039/396 169/277/392 1372/532/419
f 1372/532/419 169/277/392 973/1051/420
f 973/1051/420 364/144/410 1372/532/419
f 1372/532/419 364/144/410 972/1049/417
f 972/1049/417 189/280/416 1372/532/419
f 1372/532/419 189/280/416 576/1050/418
f 536/1036/391 25/25/233 1373/533/421
f 1373/533/421 25/25/233 534/968/254
f 534/968/254 168/259/252 1373/533/421
f 1373/533/421 168/259/252 970/1046/411
f 970/1046/411 364/144/410 1373/533/421
f 1373/533/421 364/144/410 973/1051/420
f 973/1051/420 169/277/392 1373/533/421
f 1373/533/421 169/277/392 536/1036/391
f 539/974/267 27/27/265 1374/534/422
f 1374/534/422 27/27/265 544/1052/423
f 544/1052/423 173/281/424 1374/534/422
f 1374/534/422 173/281/424 975/1053/425
f 975/1053/425 365/145/426 1374/534/422
f 1374/534/422 365/145/426 974/1054/427
f 974/1054/427 170/261/268 1374/534/422
f 1374/534/422 170/261/268 539/974/267
f 545/1055/428 38/38/429 1375/535/430
f 1375/535/430 38/38/429 581/1056/431
f 581/1056/431 191/282/432 1375/535/430
f 1375/535/430 191/282/432 976/1057/433
f 976/1057/433 365/145/426 1375/535/430
f 1375/535/430 365/145/426 975/1053/425
f 975/1053/425 173/281/424 1375/535/430
f 1375/535/430 173/281/424 545/1055/428
f 580/1058/434 37/37/413 1376/536/435
f 1376/536/435 37/37/413 541/1047/412
f 541/1047/412 171/279/408 1376/536/435
f 1376/536/435 171/279/408 977/1059/436
f 977/1059/436 365/145/426 1376/536/435
f 1376/536/435 365/145/426 976/1057/433
f 976/1057/433 191/282/432 1376/536/435
f 1376/536/435 191/282/432 580/1058/434
f 540/1044/407 26/26/249 1377/537/437
f 1377/537/437 26/26/249 538/976/270
f 538/976/270 170/261/268 1377/537/437
f 1377/537/437 170/261/268 974/1054/427
f 974/1054/427 365/145/426 1377/537/437
f 1377/537/437 365/145/426 977/1059/436
f 977/1059/436 171/279/408 1377/537/437
f 1377/537/437 171/279/408 540/1044/407
f 543/982/283 28/28/281 1378/538/438
f 1378/538/438 28/28/281 548/1060/439
f 548/1060/439 175/283/440 1378/538/438
f 1378/538/438 175/283/440 979/1061/441
f 979/1061/441 366/146/442 1378/538/438
f 1378/538/438 366/146/442 978/1062/443
f 978/1062/443 172/263/284 1378/538/438
f 1378/538/438 172/263/284 543/982/283
f 549/1063/444 39/39/445 1379/539/446
f 1379/539/446 39/39/445 585/1064/447
f 585/1064/447 193/284/448 1379/539/446
f 1379/539/446 193/284/448 980/1065/449
f 980/1065/449 366/146/442 1379/539/446
f 1379/539/446 366/146/442 979/1061/441
f 979/1061/441 175/283/440 1379/539/446
f 1379/539/446 175/283/440 549/1063/444
f 584/1066/450 38/38/429 1380/540/451
f 1380/540/451 38/38/429 545/1055/428
f 545/1055/428 173/281/424 1380/540/451
f 1380/540/451 173/281/424 981/1067/452
f 981/1067/452 366/146/442 1380/540/451
f 1380/540/451 366/146/442 980/1065/449
f 980/1065/449 193/284/448 1380/540/451
f 1380/540/451 193/284/448 584/1066/450
f 544/1052/423 27/27/265 1381/541/453
f 1381/541/453 27/27/265 542/984/286
f 542/984/286 172/263/284 1381/541/453
f 1381/541/453 172/263/284 978/1062/443
f 978/1062/443 366/146/442 1381/541/453
f 1381/541/453 366/146/442 981/1067/452
f 981/1067/452 173/281/424 1381/541/453
f 1381/541/453 173/281/424 544/1052/423
f 547/990/299 29/29/297 1382/542/454
f 1382/542/454 29/29/297 552/1068/455
f 552/1068/455 177/285/456 1382/542/454
f 1382/542/454 177/285/456 983/1069/457
f 983/1069/457 367/147/458 1382/542/454
f 1382/542/454 367/147/458 982/1070/459
f 982/1070/459 174/265/300 1382/542/454
f 1382/542/454 174/265/300 547/990/299
f 553/1071/460 40/40/461 1383/543/462
f 1383/543/462 40/40/461 589/1072/463
f 589/1072/463 195/286/464 1383/543/462
f 1383/543/462 195/286/464 984/1073/465
f 984/1073/465 367/147/458 1383/543/462
f 1383/543/462 367/147/458 983/1069/457
f 983/1069/457 177/285/456 1383/543/462
f 1383/543/462 177/285/456 553/1071/460
f 588/1074/466 39/39/445 1384/544/467
f 1384/544/467 39/39/445 549/1063/444
f 549/1063/444 175/283/440 1384/544/467
f 1384/544/467 175/283/440 985/1075/468
f 985/1075/468 367/147/458 1384/544/467
f 1384/544/467 367/147/458 984/1073/465
f 984/1073/465 195/286/464 1384/544/467
f 1384/544/467 195/286/464 588/1074/466
f 548/1060/439 28/28/281 1385/545/469
f 1385/545/469 28/28/281 546/992/302
f 546/992/302 174/265/300 1385/545/469
f 1385/545/469 174/265/300 982/1070/459
f 982/1070/459 367/147/458 1385/545/469
f 1385/545/469 367/147/458 985/1075/468
f 985/1075/468 175/283/440 1385/545/469
f 1385/545/469 175/283/440 548/1060/439
f 551/998/315 30/30/313 1386/546/470
f 1386/546/470 30/30/313 556/1076/471
f 556/1076/471 179/287/472 1386/546/470
f 1386/546/470 179/287/472 987/1077/473
f 987/1077/473 368/148/474 1386/546/470
f 1386/546/470 368/148/474 986/1078/475
f 986/1078/475 176/267/316 1386/546/470
f 1386/546/470 176/267/316 551/998/315
f 557/1079/476 41/41/477 1387/547/478
f 1387/547/478 41/41/477 593/1080/479
f 593/1080/479 197/288/480 1387/547/478
f 1387/547/478 197/288/480 988/1081/481
f 988/1081/481 368/148/474 1387/547/478
f 1387/547/478 368/148/474 987/1077/473
f 987/1077/473 179/287/472 1387/547/478
f 1387/547/478 179/287/472 557/1079/476
f 592/1082/482 40/40/461 1388/548/483
f 1388/548/483 40/40/461 553/1071/460
f 553/1071/460 177/285/456 1388/548/483
f 1388/548/483 177/285/456 989/1083/484
f 989/1083/484 368/148/474 1388/548/483
f 1388/548/483 368/148/474 988/1081/481
f 988/1081/481 197/288/480 1388/548/483
f 1388/548/483 197/288/480 592/1082/482
f 552/1068/455 29/29/297 1389/549/485
f 1389/549/485 29/29/297 550/1000/318
f 550/1000/318 176/267/316 1389/549/485
f 1389/549/485 176/267/316 986/1078/475
f 986/1078/475 368/148/474 1389/549/485
f 1389/549/485 368/148/474 989/1083/484
f 989/1083/484 177/285/456 1389/549/485
f 1389/549/485 177/285/456 552/1068/455
f 555/1006/331 31/31/329 1390/550/486
f 1390/550/486 31/31/329 560/1084/487
f 560/1084/487 181/289/488 1390/550/486
f 1390/550/486 181/289/488 991/1085/489
f 991/1085/489 369/149/490 1390/550/486
f 1390/550/486 369/149/490 990/1086/491
f 990/1086/491 178/269/332 1390/550/486
f 1390/550/486 178/269/332 555/1006/331
f 561/1087/492 42/42/493 1391/551/494
f 1391/551/494 42/42/493 597/1088/495
f 597/1088/495 199/290/496 1391/551/494
f 1391/551/494 199/290/496 992/1089/497
f 992/1089/497 369/149/490 1391/551/494
f 1391/551/494 369/149/490 991/1085/489
f 991/1085/489 181/289/488 1391/551/494
f 1391/551/494 181/289/488 561/1087/492
f 596/1090/498 41/41/477 1392/552/499
f 1392/552/499 41/41/477 557/1079/476
f 557/1079/476 179/287/472 1392/552/499
f 1392/552/499 179/287/472 993/1091/500
f 993/1091/500 369/149/490 1392/552/499
f 1392/552/499 369/149/490 992/1089/497
f 992/1089/497 199/290/496 1392/552/499
f 1392/552/499 199/290/496 596/1090/498
f 556/1076/471 30/30/313 1393/553/501
f 1393/553/501 30/30/313 554/1008/334
f 554/1008/334 178/269/332 1393/553/501
f 1393/553/501 178/269/332 990/1086/491
f 990/1086/491 369/149/490 1393/553/501
f 1393/553/501 369/149/490 993/1091/500
f 993/1091/500 179/287/472 1393/553/501
f 1393/553/501 179/287/472 556/1076/471
f 559/1014/347 32/32/345 1394/554/502
f 1394/554/502 32/32/345 564/1092/503
f 564/1092/503 183/291/504 1394/554/502
f 1394/554/502 183/291/504 995/1093/505
f 995/1093/505 370/150/506 1394/554/502
f 1394/554/502 370/150/506 994/1094/507
f 994/1094/507 180/271/348 1394/554/502
f 1394/554/502 180/271/348 559/1014/347
f 565/1095/508 43/43/509 1395/555/510
f 1395/555/510 43/43/509 601/1096/511
f 601/1096/511 201/292/512 1395/555/510
f 1395/555/510 201/292/512 996/1097/513
f 996/1097/513 370/150/506 1395/555/510
f 1395/555/510 370/150/506 995/1093/505
f 995/1093/505 183/291/504 1395/555/510
f 1395/555/510 183/291/504 565/1095/508
f 600/1098/514 42/42/493 1396/556/515
f 1396/556/515 42/42/493 561/1087/492
f 561/1087/492 181/289/488 1396/556/515
f 1396/556/515 181/289/488 997/1099/516
f 997/1099/516 370/150/506 1396/556/515
f 1396/556/515 370/150/506 996/1097/513
f 996/1097/513 201/292/512 1396/556/515
f 1396/556/515 201/292/512 600/1098/514
f 560/1084/487 31/31/329 1397/557/517
f 1397/557/517 31/31/329 558/1016/350
f 558/1016/350 180/271/348 1397/557/517
f 1397/557/517 180/271/348 994/1094/507
f 994/1094/507 370/150/506 1397/557/517
f 1397/557/517 370/150/506 997/1099/516
f 997/1099/516 181/289/488 1397/557/517
f 1397/557/517 181/289/488 560/1084/487
f 563/1022/363 33/33/361 1398/558/518
f 1398/558/518 33/33/361 566/1100/519
f 566/1100/519 184/293/520 1398/558/518
f 1398/558/518 184/293/520 999/1101/521
f 999/1101/521 371/151/522 1398/558/518
f 1398/558/518 371/151/522 998/1102/523
f 998/1102/523 182/273/364 1398/558/518
f 1398/558/518 182/273/364 563/1022/363
f 567/1103/524 44/44/525 1399/559/526
f 1399/559/526 44/44/525 605/1104/527
f 605/1104/527 203/294/528 1399/559/526
f 1399/559/526 203/294/528 1000/1105/529
f 1000/1105/529 371/151/522 1399/559/526
f 1399/559/526 371/151/522 999/1101/521
f 999/1101/521 184/293/520 1399/559/526
f 1399/559/526 184/293/520 567/1103/524
f 604/1106/530 43/43/509 1400/560/531
f 1400/560/531 43/43/509 565/1095/508
f 565/1095/508 183/291/504 1400/560/531
f 1400/560/531 183/291/504 1001/1107/532
f 1001/1107/532 371/151/522 1400/560/531
f 1400/560/531 371/151/522 1000/1105/529
f 1000/1105/529 203/294/528 1400/560/531
f 1400/560/531 203/294/528 604/1106/530
f 564/1092/503 32/32/345 1401/561/533
f 1401/561/533 32/32/345 562/1024/366
f 562/1024/366 182/273/364 1401/561/533
f 1401/561/533 182/273/364 998/1102/523
f 998/1102/523 371/151/522 1401/561/533
f 1401/561/533 371/151/522 1001/1107/532
f 1001/1107/532 183/291/504 1401/561/533
f 1401/561/533 183/291/504 564/1092/503
f 569/1030/379 35/35/377 1402/562/534
f 1402/562/534 35/35/377 574/1108/535
f 574/1108/535 188/295/536 1402/562/534
f 1402/562/534 188/295/536 1003/1109/537
f 1003/1109/537 372/152/538 1402/562/534
f 1402/562/534 372/152/538 1002/1110/539
f 1002/1110/539 185/275/380 1402/562/534
f 1402/562/534 185/275/380 569/1030/379
f 575/1111/540 46/46/541 1403/563/542
f 1403/563/542 46/46/541 611/1112/543
f 611/1112/543 206/296/544 1403/563/542
f 1403/563/542 206/296/544 1004/1113/545
f 1004/1113/545 372/152/538 1403/563/542
f 1403/563/542 372/152/538 1003/1109/537
f 1003/1109/537 188/295/536 1403/563/542
f 1403/563/542 188/295/536 575/1111/540
f 610/1114/546 45/45/547 1404/564/548
f 1404/564/548 45/45/547 571/1115/549
f 571/1115/549 186/297/550 1404/564/548
f 1404/564/548 186/297/550 1005/1116/551
f 1005/1116/551 372/152/538 1404/564/548
f 1404/564/548 372/152/538 1004/1113/545
f 1004/1113/545 206/296/544 1404/564/548
f 1404/564/548 206/296/544 610/1114/546
f 570/1117/552 34/34/383 1405/565/553
f 1405/565/553 34/34/383 568/1032/382
f 568/1032/382 185/275/380 1405/565/553
f 1405/565/553 185/275/380 1002/1110/539
f 1002/1110/539 372/152/538 1405/565/553
f 1405/565/553 372/152/538 1005/1116/551
f 1005/1116/551 186/297/550 1405/565/553
f 1405/565/553 186/297/550 570/1117/552
f 573/1040/399 36/36/397 1406/566/554
f 1406/566/554 36/36/397 578/1118/555
f 578/1118/555 190/298/556 1406/566/554
f 1406/566/554 190/298/556 1007/1119/557
f 1007/1119/557 373/153/558 1406/566/554
f 1406/566/554 373/153/558 1006/1120/559
f 1006/1120/559 187/278/400 1406/566/554
f 1406/566/554 187/278/400 573/1040/399
f 579/1121/560 47/47/561 1407/567/562
f 1407/567/562 47/47/561 615/1122/563
f 615/1122/563 208/299/564 1407/567/562
f 1407/567/562 208/299/564 1008/1123/565
f 1008/1123/565 373/153/558 1407/567/562
f 1407/567/562 373/153/558 1007/1119/557
f 1007/1119/557 190/298/556 1407/567/562
f 1407/567/562 190/298/556 579/1121/560
f 614/1124/566 46/46/541 1408/568/567
f 1408/568/567 46/46/541 575/1111/540
f 575/1111/540 188/295/536 1408/568/567
f 1408/568/567 188/295/536 1009/1125/568
f 1009/1125/568 373/153/558 1408/568/567
f 1408/568/567 373/153/558 1008/1123/565
f 1008/1123/565 208/299/564 1408/568/567
f 1408/568/567 208/299/564 614/1124/566
f 574/1108/535 35/35/377 1409/569/569
f 1409/569/569 35/35/377 572/1042/402
f 572/1042/402 187/278/400 1409/569/569
f 1409/569/569 187/278/400 1006/1120/559
f 1006/1120/559 373/153/558 1409/569/569
f 1409/569/569 373/153/558 1009/1125/568
f 1009/1125/568 188/295/536 1409/569/569
f 1409/569/569 188/295/536 574/1108/535
f 577/1048/415 37/37/413 1410/570/570
f 1410/570/570 37/37/413 582/1126/571
f 582/1126/571 192/300/572 1410/570/570
f 1410/570/570 192/300/572 1011/1127/573
f 1011/1127/573 374/154/574 1410/570/570
f 1410/570/570 374/154/574 1010/1128/575
f 1010/1128/575 189/280/416 1410/570/570
f 1410/570/570 189/280/416 577/1048/415
f 583/1129/576 48/48/577 1411/571/578
f 1411/571/578 48/48/577 619/1130/579
f 619/1130/579 210/301/580 1411/571/578
f 1411/571/578 210/301/580 1012/1131/581
f 1012/1131/581 374/154/574 1411/571/578
f 1411/571/578 374/154/574 1011/1127/573
f 1011/1127/573 192/300/572 1411/571/578
f 1411/571/578 192/300/572 583/1129/576
f 618/1132/582 47/47/561 1412/572/583
f 1412/572/583 47/47/561 579/1121/560
f 579/1121/560 190/298/556 1412/572/583
f 1412/572/583 190/298/556 1013/1133/584
f 1013/1133/584 374/154/574 1412/572/583
f 1412/572/583 374/154/574 1012/1131/581
f 1012/1131/581 210/301/580 1412/572/583
f 1412/572/583 210/301/580 618/1132/582
f 578/1118/555 36/36/397 1413/573/585
f 1413/573/585 36/36/397 576/1050/418
f 576/1050/418 189/280/416 1413/573/585
f 1413/573/585 189/280/416 1010/1128/575
f 1010/1128/575 374/154/574 1413/573/585
f 1413/573/585 374/154/574 1013/1133/584
f 1013/1133/584 190/298/556 1413/573/585
f 1413/573/585 190/298/556 578/1118/555
f 581/1056/431 38/38/429 1414/574/586
f 1414/574/586 38/38/429 586/1134/587
f 586/1134/587 194/302/588 1414/574/586
f 1414/574/586 194/302/588 1015/1135/589
f 1015/1135/589 375/155/590 1414/574/586
f 1414/574/586 375/155/590 1014/1136/591
f 1014/1136/591 191/282/432 1414/574/586
f 1414/574/586 191/282/432 581/1056/431
f 587/1137/592 49/49/593 1415/575/594
f 1415/575/594 49/49/593 623/1138/595
f 623/1138/595 212/303/596 1415/575/594
f 1415/575/594 212/303/596 1016/1139/597
f 1016/1139/597 375/155/590 1415/575/594
f 1415/575/594 375/155/590 1015/1135/589
f 1015/1135/589 194/302/588 1415/575/594
f 1415/575/594 194/302/588 587/1137/592
f 622/1140/598 48/48/577 1416/576/599
f 1416/576/599 48/48/577 583/1129/576
f 583/1129/576 192/300/572 1416/576/599
f 1416/576/599 192/300/572 1017/1141/600
f 1017/1141/600 375/155/590 1416/576/599
f 1416/576/599 375/155/590 1016/1139/597
f 1016/1139/597 212/303/596 1416/576/599
f 1416/576/599 212/303/596 622/1140/598
f 582/1126/571 37/37/413 1417/577/601
f 1417/577/601 37/37/413 580/1058/434
f 580/1058/434 191/282/432 1417/577/601
f 1417/577/601 191/282/432 1014/1136/591
f 1014/1136/591 375/155/590 1417/577/601
f 1417/577/601 375/155/590 1017/1141/600
f 1017/1141/600 192/300/572 1417/577/601
f 1417/577/601 192/300/572 582/1126/571
f 585/1064/447 39/39/445 1418/578/602
f 1418/578/602 39/39/445 590/1142/603
f 590/1142/603 196/304/604 1418/578/602
f 1418/578/602 196/304/604 1019/1143/605
f 1019/1143/605 376/156/606 1418/578/602
f 1418/578/602 376/156/606 1018/1144/607
f 1018/1144/607 193/284/448 1418/578/602
f 1418/578/602 193/284/448 585/1064/447
f 591/1145/608 50/50/609 1419/579/610
f 1419/579/610 50/50/609 627/1146/611
f 627/1146/611 214/305/612 1419/579/610
f 1419/579/610 214/305/612 1020/1147/613
f 1020/1147/613 376/156/606 1419/579/610
f 1419/579/610 376/156/606 1019/1143/605
f 1019/1143/605 196/304/604 1419/579/610
f 1419/579/610 196/304/604 591/1145/608
f 626/1148/614 49/49/593 1420/580/615
f 1420/580/615 49/49/593 587/1137/592
f 587/1137/592 194/302/588 1420/580/615
f 1420/580/615 194/302/588 1021/1149/616
f 1021/1149/616 376/156/606 1420/580/615
f 1420/580/615 376/156/606 1020/1147/613
f 1020/1147/613 214/305/612 1420/580/615
f 1420/580/615 214/305/612 626/1148/614
f 586/1134/587 38/38/429 1421/581/617
f 1421/581/617 38/38/429 584/1066/450
f 584/1066/450 193/284/448 1421/581/617
f 1421/581/617 193/284/448 1018/1144/607
f 1018/1144/607 376/156/606 1421/581/617
f 1421/581/617 376/156/606 1021/1149/616
f 1021/1149/616 194/302/588 1421/581/617
f 1421/581/617 194/302/588 586/1134/587
f 589/1072/463 40/40/461 1422/582/618
f 1422/582/618 40/40/461 594/1150/619
f 594/1150/619 198/306/620 1422/582/618
f 1422/582/618 198/306/620 1023/1151/621
f 1023/1151/621 377/157/622 1422/582/618
f 1422/582/618 377/157/622 1022/1152/623
f 1022/1152/623 195/286/464 1422/582/618
f 1422/582/618 195/286/464 589/1072/463
f 595/1153/624 51/51/625 1423/583/626
f 1423/583/626 51/51/625 631/1154/627
f 631/1154/627 216/307/628 1423/583/626
f 1423/583/626 216/307/628 1024/1155/629
f 1024/1155/629 377/157/622 1423/583/626
f 1423/583/626 377/157/622 1023/1151/621
f 1023/1151/621 198/306/620 1423/583/626
f 1423/583/626 198/306/620 595/1153/624
f 630/1156/630 50/50/609 1424/584/631
f 1424/584/631 50/50/609 591/1145/608
f 591/1145/608 196/304/604 1424/584/631
f 1424/584/631 196/304/604 1025/1157/632
f 1025/1157/632 377/157/622 1424/584/631
f 1424/584/631 377/157/622 1024/1155/629
f 1024/1155/629 216/307/628 1424/584/631
f 1424/584/631 216/307/628 630/1156/630
f 590/1142/603 39/39/445 1425/585/633
f 1425/585/633 39/39/445 588/1074/466
f 588/1074/466 195/286/464 1425/585/633
f 1425/585/633 195/286/464 1022/1152/623
f 1022/1152/623 377/157/622 1425/585/633
f 1425/585/633 377/157/622 1025/1157/632
f 1025/1157/632 196/304/604 1425/585/633
f 1425/585/633 196/304/604 590/1142/603
f 593/1080/479 41/41/477 1426/586/634
f 1426/586/634 41/41/477 598/1158/635
f 598/1158/635 200/308/636 1426/586/634
f 1426/586/634 200/308/636 1027/1159/637
f 1027/1159/637 378/158/638 1426/586/634
f 1426/586/634 378/158/638 1026/1160/639
f 1026/1160/639 197/288/480 1426/586/634
f 1426/586/634 197/288/480 593/1080/479
f 599/1161/640 52/52/641 1427/587/642
f 1427/587/642 52/52/641 635/1162/643
f 635/1162/643 218/309/644 1427/587/642
f 1427/587/642 218/309/644 1028/1163/645
f 1028/1163/645 378/158/638 1427/587/642
f 1427/587/642 378/158/638 1027/1159/637
f 1027/1159/637 200/308/636 1427/587/642
f 1427/587/642 200/308/636 599/1161/640
f 634/1164/646 51/51/625 1428/588/647
f 1428/588/647 51/51/625 595/1153/624
f 595/1153/624 198/306/620 1428/588/647
f 1428/588/647 198/306/620 1029/1165/648
f 1029/1165/648 378/158/638 1428/588/647
f 1428/588/647 378/158/638 1028/1163/645
f 1028/1163/645 218/309/644 1428/588/647
f 1428/588/647 218/309/644 634/1164/646
f 594/1150/619 40/40/461 1429/589/649
f 1429/589/649 40/40/461 592/1082/482
f 592/1082/482 197/288/480 1429/589/649
f 1429/589/649 197/288/480 1026/1160/639
f 1026/1160/639 378/158/638 1429/589/649
f 1429/589/649 378/158/638 1029/1165/648
f 1029/1165/648 198/306/620 1429/589/649
f 1429/589/649 198/306/620 594/1150/619
f 597/1088/495 42/42/493 1430/590/650
f 1430/590/650 42/42/493 602/1166/651
f 602/1166/651 202/310/652 1430/590/650
f 1430/590/650 202/310/652 1031/1167/653
f 1031/1167/653 379/159/654 1430/590/650
f 1430/590/650 379/159/654 1030/1168/655
f 1030/1168/655 199/290/496 1430/590/650
f 1430/590/650 199/290/496 597/1088/495
f 603/1169/656 53/53/657 1431/591/658
f 1431/591/658 53/53/657 639/1170/659
f 639/1170/659 220/311/660 1431/591/658
f 1431/591/658 220/311/660 1032/1171/661
f 1032/1171/661 379/159/654 1431/591/658
f 1431/591/658 379/159/654 1031/1167/653
f 1031/1167/653 202/310/652 1431/591/658
f 1431/591/658 202/310/652 603/1169/656
f 638/1172/662 52/52/641 1432/592/663
f 1432/592/663 52/52/641 599/1161/640
f 599/1161/640 200/308/636 1432/592/663
f 1432/592/663 200/308/636 1033/1173/664
f 1033/1173/664 379/159/654 1432/592/663
f 1432/592/663 379/159/654 1032/1171/661
f 1032/1171/661 220/311/660 1432/592/663
f 1432/592/663 220/311/660 638/1172/662
f 598/1158/635 41/41/477 1433/593/665
f 1433/593/665 41/41/477 596/1090/498
f 596/1090/498 199/290/496 1433/593/665
f 1433/593/665 199/290/496 1030/1168/655
f 1030/1168/655 379/159/654 1433/593/665
f 1433/593/665 379/159/654 1033/1173/664
f 1033/1173/664 200/308/636 1433/593/665
f 1433/593/665 200/308/636 598/1158/635
f 601/1096/511 43/43/509 1434/594/666
f 1434/594/666 43/43/509 606/1174/667
f 606/1174/667 204/312/668 1434/594/666
f 1434/594/666 204/312/668 1035/1175/669
f 1035/1175/669 380/160/670 1434/594/666
f 1434/594/666 380/160/670 1034/1176/671
f 1034/1176/671 201/292/512 1434/594/666
f 1434/594/666 201/292/512 601/1096/511
f 607/1177/672 54/54/673 1435/595/674
f 1435/595/674 54/54/673 643/1178/675
f 643/1178/675 222/313/676 1435/595/674
f 1435/595/674 222/313/676 1036/1179/677
f 1036/1179/677 380/160/670 1435/595/674
f 1435/595/674 380/160/670 1035/1175/669
f 1035/1175/669 204/312/668 1435/595/674
f 1435/595/674 204/312/668 607/1177/672
f 642/1180/678 53/53/657 1436/596/679
f 1436/596/679 53/53/657 603/1169/656
f 603/1169/656 202/310/652 1436/596/679
f 1436/596/679 202/310/652 1037/1181/680
f 1037/1181/680 380/160/670 1436/596/679
f 1436/596/679 380/160/670 1036/1179/677
f 1036/1179/677 222/313/676 1436/596/679
f 1436/596/679 222/313/676 642/1180/678
f 602/1166/651 42/42/493 1437/597/681
f 1437/597/681 42/42/493 600/1098/514
f 600/1098/514 201/292/512 1437/597/681
f 1437/597/681 201/292/512 1034/1176/671
f 1034/1176/671 380/160/670 1437/597/681
f 1437/597/681 380/160/670 1037/1181/680
f 1037/1181/680 202/310/652 1437/597/681
f 1437/597/681 202/310/652 602/1166/651
f 605/1104/527 44/44/525 1438/598/682
f 1438/598/682 44/44/525 608/1182/683
f 608/1182/683 205/314/684 1438/598/682
f 1438/598/682 205/314/684 1039/1183/685
f 1039/1183/685 381/161/686 1438/598/682
f 1438/598/682 381/161/686 1038/1184/687
f 1038/1184/687 203/294/528 1438/598/682
f 1438/598/682 203/294/528 605/1104/527
f 609/1185/688 55/55/689 1439/599/690
f 1439/599/690 55/55/689 647/1186/691
f 647/1186/691 224/315/692 1439/599/690
f 1439/599/690 224/315/692 1040/1187/693
f 1040/1187/693 381/161/686 1439/599/690
f 1439/599/690 381/161/686 1039/1183/685
f 1039/1183/685 205/314/684 1439/599/690
f 1439/599/690 205/314/684 609/1185/688
f 646/1188/694 54/54/673 1440/600/695
f 1440/600/695 54/54/673 607/1177/672
f 607/1177/672 204/312/668 1440/600/695
f 1440/600/695 204/312/668 1041/1189/696
f 1041/1189/696 381/161/686 1440/600/695
f 1440/600/695 381/161/686 1040/1187/693
f 1040/1187/693 224/315/692 1440/600/695
f 1440/600/695 224/315/692 646/1188/694
f 606/1174/667 43/43/509 1441/601/697
f 1441/601/697 43/43/509 604/1106/530
f 604/1106/530 203/294/528 1441/601/697
f 1441/601/697 203/294/528 1038/1184/687
f 1038/1184/687 381/161/686 1441/601/697
f 1441/601/697 381/161/686 1041/1189/696
f 1041/1189/696 204/312/668 1441/601/697
f 1441/601/697 204/312/668 606/1174/667
f 611/1112/543 46/46/541 1442/602/698
f 1442/602/698 46/46/541 616/1190/699
f 616/1190/699 209/316/700 1442/602/698
f 1442/602/698 209/316/700 1043/1191/701
f 1043/1191/701 382/162/702 1442/602/698
f 1442/602/698 382/162/702 1042/1192/703
f 1042/1192/703 206/296/544 1442/602/698
f 1442/602/698 206/296/544 611/1112/543
f 617/1193/704 57/57/705 1443/603/706
f 1443/603/706 57/57/705 653/1194/707
f 653/1194/707 227/317/708 1443/603/706
f 1443/603/706 227/317/708 1044/1195/709
f 1044/1195/709 382/162/702 1443/603/706
f 1443/603/706 382/162/702 1043/1191/701
f 1043/1191/701 209/316/700 1443/603/706
f 1443/603/706 209/316/700 617/1193/704
f 652/1196/710 56/56/711 1444/604/712
f 1444/604/712 56/56/711 613/1197/713
f 613/1197/713 207/318/714 1444/604/712
f 1444/604/712 207/318/714 1045/1198/715
f 1045/1198/715 382/162/702 1444/604/712
f 1444/604/712 382/162/702 1044/1195/709
f 1044/1195/709 227/317/708 1444/604/712
f 1444/604/712 227/317/708 652/1196/710
f 612/1199/716 45/45/547 1445/605/717
f 1445/605/717 45/45/547 610/1114/546
f 610/1114/546 206/296/544 1445/605/717
f 1445/605/717 206/296/544 1042/1192/703
f 1042/1192/703 382/162/702 1445/605/717
f 1445/605/717 382/162/702 1045/1198/715
f 1045/1198/715 207/318/714 1445/605/717
f 1445/605/717 207/318/714 612/1199/716
f 615/1122/563 47/47/561 1446/606/718
f 1446/606/718 47/47/561 620/1200/719
f 620/1200/719 211/319/720 1446/606/718
f 1446/606/718 211/319/720 1047/1201/721
f 1047/1201/721 383/163/722 1446/606/718
f 1446/606/718 383/163/722 1046/1202/723
f 1046/1202/723 208/299/564 1446/606/718
f 1446/606/718 208/299/564 615/1122/563
f 621/1203/724 58/58/725 1447/607/726
f 1447/607/726 58/58/725 657/1204/727
f 657/1204/727 229/320/728 1447/607/726
f 1447/607/726 229/320/728 1048/1205/729
f 1048/1205/729 383/163/722 1447/607/726
f 1447/607/726 383/163/722 1047/1201/721
f 1047/1201/721 211/319/720 1447/607/726
f 1447/607/726 211/319/720 621/1203/724
f 656/1206/730 57/57/705 1448/608/731
f 1448/608/731 57/57/705 617/1193/704
f 617/1193/704 209/316/700 1448/608/731
f 1448/608/731 209/316/700 1049/1207/732
f 1049/1207/732 383/163/722 1448/608/731
f 1448/608/731 383/163/722 1048/1205/729
f 1048/1205/729 229/320/728 1448/608/731
f 1448/608/731 229/320/728 656/1206/730
f 616/1190/699 46/46/541 1449/609/733
f 1449/609/733 46/46/541 614/1124/566
f 614/1124/566 208/299/564 1449/609/733
f 1449/609/733 208/299/564 1046/1202/723
f 1046/1202/723 383/163/722 1449/609/733
f 1449/609/733 383/163/722 1049/1207/732
f 1049/1207/732 209/316/700 1449/609/733
f 1449/609/733 209/316/700 616/1190/699
f 619/1130/579 48/48/577 1450/610/734
f 1450/610/734 48/48/577 624/1208/735
f 624/1208/735 213/321/736 1450/610/734
f 1450/610/734 213/321/736 1051/1209/737
f 1051/1209/737 384/164/738 1450/610/734
f 1450/610/734 384/164/738 1050/1210/739
f 1050/1210/739 210/301/580 1450/610/734
f 1450/610/734 210/301/580 619/1130/579
f 625/1211/740 59/59/741 1451/611/742
f 1451/611/742 59/59/741 661/1212/743
f 661/1212/743 231/322/744 1451/611/742
f 1451/611/742 231/322/744 1052/1213/745
f 1052/1213/745 384/164/738 1451/611/742
f 1451/611/742 384/164/738 1051/1209/737
f 1051/1209/737 213/321/736 1451/611/742
f 1451/611/742 213/321/736 625/1211/740
f 660/1214/746 58/58/725 1452/612/747
f 1452/612/747 58/58/725 621/1203/724
f 621/1203/724 211/319/720 1452/612/747
f 1452/612/747 211/319/720 1053/1215/748
f 1053/1215/748 384/164/738 1452/612/747
f 1452/612/747 384/164/738 1052/1213/745
f 1052/1213/745 231/322/744 1452/612/747
f 1452/612/747 231/322/744 660/1214/746
f 620/1200/719 47/47/561 1453/613/749
f 1453/613/749 47/47/561 618/1132/582
f 618/1132/582 210/301/580 1453/613/749
f 1453/613/749 210/301/580 1050/1210/739
f 1050/1210/739 384/164/738 1453/613/749
f 1453/613/749 384/164/738 1053/1215/748
f 1053/1215/748 211/319/720 1453/613/749
f 1453/613/749 211/319/720 620/1200/719
f 623/1138/595 49/49/593 1454/614/750
f 1454/614/750 49/49/593 628/1216/751
f 628/1216/751 215/323/752 1454/614/750
f 1454/614/750 215/323/752 1055/1217/753
f 1055/1217/753 385/165/754 1454/614/750
f 1454/614/750 385/165/754 1054/1218/755
f 1054/1218/755 212/303/596 1454/614/750
f 1454/614/750 212/303/596 623/1138/595
f 629/1219/756 60/60/757 1455/615/758
f 1455/615/758 60/60/757 665/1220/759
f 665/1220/759 233/324/760 1455/615/758
f 1455/615/758 233/324/760 1056/1221/761
f 1056/1221/761 385/165/754 1455/615/758
f 1455/615/758 385/165/754 1055/1217/753
f 1055/1217/753 215/323/752 1455/615/758
f 1455/615/758 215/323/752 629/1219/756
f 664/1222/762 59/59/741 1456/616/763
f 1456/616/763 59/59/741 625/1211/740
f 625/1211/740 213/321/736 1456/616/763
f 1456/616/763 213/321/736 1057/1223/764
f 1057/1223/764 385/165/754 1456/616/763
f 1456/616/763 385/165/754 1056/1221/761
f 1056/1221/761 233/324/760 1456/616/763
f 1456/616/763 233/324/760 664/1222/762
f 624/1208/735 48/48/577 1457/617/765
f 1457/617/765 48/48/577 622/1140/598
f 622/1140/598 212/303/596 1457/617/765
f 1457/617/765 212/303/596 1054/1218/755
f 1054/1218/755 385/165/754 1457/617/765
f 1457/617/765 385/165/754 1057/1223/764
f 1057/1223/764 213/321/736 1457/617/765
f 1457/617/765 213/321/736 624/1208/735
f 627/1146/611 50/50/609 1458/618/766
f 1458/618/766 50/50/609 632/1224/767
f 632/1224/767 217/325/768 1458/618/766
f 1458/618/766 217/325/768 1059/1225/769
f 1059/1225/769 386/166/770 1458/618/766
f 1458/618/766 386/166/770 1058/1226/771
f 1058/1226/771 214/305/612 1458/618/766
f 1458/618/766 214/305/612 627/1146/611
f 633/1227/772 61/61/773 1459/619/774
f 1459/619/774 61/61/773 669/1228/775
f 669/1228/775 235/326/776 1459/619/774
f 1459/619/774 235/326/776 1060/1229/777
f 1060/1229/777 386/166/770 1459/619/774
f 1459/619/774 386/166/770 1059/1225/769
f 1059/1225/769 217/325/768 1459/619/774
f 1459/619/774 217/325/768 633/1227/772
f 668/1230/778 60/60/757 1460/620/779
f 1460/620/779 60/60/757 629/1219/756
f 629/1219/756 215/323/752 1460/620/779
f 1460/620/779 215/323/752 1061/1231/780
f 1061/1231/780 386/166/770 1460/620/779
f 1460/620/779 386/166/770 1060/1229/777
f 1060/1229/777 235/326/776 1460/620/779
f 1460/620/779 235/326/776 668/1230/778
f 628/1216/751 49/49/593 1461/621/781
f 1461/621/781 49/49/593 626/1148/614
f 626/1148/614 214/305/612 1461/621/781
f 1461/621/781 214/305/612 1058/1226/771
f 1058/1226/771 386/166/770 1461/621/781
f 1461/621/781 386/166/770 1061/1231/780
f 1061/1231/780 215/323/752 1461/621/781
f 1461/621/781 215/323/752 628/1216/751
f 631/1154/627 51/51/625 1462/622/782
f 1462/622/782 51/51/625 636/1232/783
f 636/1232/783 219/327/784 1462/622/782
f 1462/622/782 219/327/784 1063/1233/785
f 1063/1233/785 387/167/786 1462/622/782
f 1462/622/782 387/167/786 1062/1234/787
f 1062/1234/787 216/307/628 1462/622/782
f 1462/622/782 216/307/628 631/1154/627
f 637/1235/788 62/62/789 1463/623/790
f 1463/623/790 62/62/789 673/1236/791
f 673/1236/791 237/328/792 1463/623/790
f 1463/623/790 237/328/792 1064/1237/793
f 1064/1237/793 387/167/786 1463/623/790
f 1463/623/790 387/167/786 1063/1233/785
f 1063/1233/785 219/327/784 1463/623/790
f 1463/623/790 219/327/784 637/1235/788
f 672/1238/794 61/61/773 1464/624/795
f 1464/624/795 61/61/773 633/1227/772
f 633/1227/772 217/325/768 1464/624/795
f 1464/624/795 217/325/768 1065/1239/796
f 1065/1239/796 387/167/786 1464/624/795
f 1464/624/795 387/167/786 1064/1237/793
f 1064/1237/793 237/328/792 1464/624/795
f 1464/624/795 237/328/792 672/1238/794
f 632/1224/767 50/50/609 1465/625/797
f 1465/625/797 50/50/609 630/1156/630
f 630/1156/630 216/307/628 1465/625/797
f 1465/625/797 216/307/628 1062/1234/787
f 1062/1234/787 387/167/786 1465/625/797
f 1465/625/797 387/167/786 1065/1239/796
f 1065/1239/796 217/325/768 1465/625/797
f 1465/625/797 217/325/768 632/1224/767
f 635/1162/643 52/52/641 1466/626/798
f 1466/626/798 52/52/641 640/1240/799
f 640/1240/799 221/329/800 1466/626/798
f 1466/626/798 221/329/800 1067/1241/801
f 1067/1241/801 388/168/802 1466/626/798
f 1466/626/798 388/168/802 1066/1242/803
f 1066/1242/803 218/309/644 1466/626/798
f 1466/626/798 218/309/644 635/1162/643
f 641/1243/804 63/63/805 1467/627/806
f 1467/627/806 63/63/805 677/1244/807
f 677/1244/807 239/330/808 1467/627/806
f 1467/627/806 239/330/808 1068/1245/809
f 1068/1245/809 388/168/802 1467/627/806
f 1467/627/806 388/168/802 1067/1241/801
f 1067/1241/801 221/329/800 1467/627/806
f 1467/627/806 221/329/800 641/1243/804
f 676/1246/810 62/62/789 1468/628/811
f 1468/628/811 62/62/789 637/1235/788
f 637/1235/788 219/327/784 1468/628/811
f 1468/628/811 219/327/784 1069/1247/812
f 1069/1247/812 388/168/802 1468/628/811
f 1468/628/811 388/168/802 1068/1245/809
f 1068/1245/809 239/330/808 1468/628/811
f 1468/628/811 239/330/808 676/1246/810
f 636/1232/783 51/51/625 1469/629/813
f 1469/629/813 51/51/625 634/1164/646
f 634/1164/646 218/309/644 1469/629/813
f 1469/629/813 218/309/644 1066/1242/803
f 1066/1242/803 388/168/802 1469/629/813
f 1469/629/813 388/168/802 1069/1247/812
f 1069/1247/812 219/327/784 1469/629/813
f 1469/629/813 219/327/784 636/1232/783
f 639/1170/659 53/53/657 1470/630/814
f 1470/630/814 53/53/657 644/1248/815
f 644/1248/815 223/331/816 1470/630/814
f 1470/630/814 223/331/816 1071/1249/817
f 1071/1249/817 389/169/818 1470/630/814
f 1470/630/814 389/169/818 1070/1250/819
f 1070/1250/819 220/311/660 1470/630/814
f 1470/630/814 220/311/660 639/1170/659
f 645/1251/820 64/64/821 1471/631/822
f 1471/631/822 64/64/821 681/1252/823
f 681/1252/823 241/332/824 1471/631/822
f 1471/631/822 241/332/824 1072/1253/825
f 1072/1253/825 389/169/818 1471/631/822
f 1471/631/822 389/169/818 1071/1249/817
f 1071/1249/817 223/331/816 1471/631/822
f 1471/631/822 223/331/816 645/1251/820
f 680/1254/826 63/63/805 1472/632/827
f 1472/632/827 63/63/805 641/1243/804
f 641/1243/804 221/329/800 1472/632/827
f 1472/632/827 221/329/800 1073/1255/828
f 1073/1255/828 389/169/818 1472/632/827
f 1472/632/827 389/169/818 1072/1253/825
f 1072/1253/825 241/332/824 1472/632/827
f 1472/632/827 241/332/824 680/1254/826
f 640/1240/799 52/52/641 1473/633/829
f 1473/633/829 52/52/641 638/1172/662
f 638/1172/662 220/311/660 1473/633/829
f 1473/633/829 220/311/660 1070/1250/819
f 1070/1250/819 389/169/818 1473/633/829
f 1473/633/829 389/169/818 1073/1255/828
f 1073/1255/828 221/329/800 1473/633/829
f 1473/633/829 221/329/800 640/1240/799
f 643/1178/675 54/54/673 1474/634/830
f 1474/634/830 54/54/673 648/1256/831
f 648/1256/831 225/333/832 1474/634/830
f 1474/634/830 225/333/832 1075/1257/833
f 1075/1257/833 390/170/834 1474/634/830
f 1474/634/830 390/170/834 1074/1258/835
f 1074/1258/835 222/313/676 1474/634/830
f 1474/634/830 222/313/676 643/1178/675
f 649/1259/836 65/65/837 1475/635/838
f 1475/635/838 65/65/837 685/1260/839
f 685/1260/839 243/334/840 1475/635/838
f 1475/635/838 243/334/840 1076/1261/841
f 1076/1261/841 390/170/834 1475/635/838
f 1475/635/838 390/170/834 1075/1257/833
f 1075/1257/833 225/333/832 1475/635/838
f 1475/635/838 225/333/832 649/1259/836
f 684/1262/842 64/64/821 1476/636/843
f 1476/636/843 64/64/821 645/1251/820
f 645/1251/820 223/331/816 1476/636/843
f 1476/636/843 223/331/816 1077/1263/844
f 1077/1263/844 390/170/834 1476/636/843
f 1476/636/843 390/170/834 1076/1261/841
f 1076/1261/841 243/334/840 1476/636/843
f 1476/636/843 243/334/840 684/1262/842
f 644/1248/815 53/53/657 1477/637/845
f 1477/637/845 53/53/657 642/1180/678
f 642/1180/678 222/313/676 1477/637/845
f 1477/637/845 222/313/676 1074/1258/835
f 1074/1258/835 390/170/834 1477/637/845
f 1477/637/845 390/170/834 1077/1263/844
f 1077/1263/844 223/331/816 1477/637/845
f 1477/637/845 223/331/816 644/1248/815
f 647/1186/691 55/55/689 1478/638/846
f 1478/638/846 55/55/689 650/1264/847
f 650/1264/847 226/335/848 1478/638/846
f 1478/638/846 226/335/848 1079/1265/849
f 1079/1265/849 391/171/850 1478/638/846
f 1478/638/846 391/171/850 1078/1266/851
f 1078/1266/851 224/315/692 1478/638/846
f 1478/638/846 224/315/692 647/1186/691
f 651/1267/852 66/66/853 1479/639/854
f 1479/639/854 66/66/853 689/1268/855
f 689/1268/855 245/336/856 1479/639/854
f 1479/639/854 245/336/856 1080/1269/857
f 1080/1269/857 391/171/850 1479/639/854
f 1479/639/854 391/171/850 1079/1265/849
f 1079/1265/849 226/335/848 1479/639/854
f 1479/639/854 226/335/848 651/1267/852
f 688/1270/858 65/65/837 1480/640/859
f 1480/640/859 65/65/837 649/1259/836
f 649/1259/836 225/333/832 1480/640/859
f 1480/640/859 225/333/832 1081/1271/860
f 1081/1271/860 391/171/850 1480/640/859
f 1480/640/859 391/171/850 1080/1269/857
f 1080/1269/857 245/336/856 1480/640/859
f 1480/640/859 245/336/856 688/1270/858
f 648/1256/831 54/54/673 1481/641/861
f 1481/641/861 54/54/673 646/1188/694
f 646/1188/694 224/315/692 1481/641/861
f 1481/641/861 224/315/692 1078/1266/851
f 1078/1266/851 391/171/850 1481/641/861
f 1481/641/861 391/171/850 1081/1271/860
f 1081/1271/860 225/333/832 1481/641/861
f 1481/641/861 225/333/832 648/1256/831
f 653/1194/707 57/57/705 1482/642/862
f 1482/642/862 57/57/705 658/1272/863
f 658/1272/863 230/337/864 1482/642/862
f 1482/642/862 230/337/864 1083/1273/865
f 1083/1273/865 392/172/866 1482/642/862
f 1482/642/862 392/172/866 1082/1274/867
f 1082/1274/867 227/317/708 1482/642/862
f 1482/642/862 227/317/708 653/1194/707
f 659/1275/868 68/68/869 1483/643/870
f 1483/643/870 68/68/869 695/1276/871
f 695/1276/871 248/338/872 1483/643/870
f 1483/643/870 248/338/872 1084/1277/873
f 1084/1277/873 392/172/866 1483/643/870
f 1483/643/870 392/172/866 1083/1273/865
f 1083/1273/865 230/337/864 1483/643/870
f 1483/643/870 230/337/864 659/1275/868
f 694/1278/874 67/67/875 1484/644/876
f 1484/644/876 67/67/875 655/1279/877
f 655/1279/877 228/339/878 1484/644/876
f 1484/644/876 228/339/878 1085/1280/879
f 1085/1280/879 392/172/866 1484/644/876
f 1484/644/876 392/172/866 1084/1277/873
f 1084/1277/873 248/338/872 1484/644/876
f 1484/644/876 248/338/872 694/1278/874
f 654/1281/880 56/56/711 1485/645/881
f 1485/645/881 56/56/711 652/1196/710
f 652/1196/710 227/317/708 1485/645/881
f 1485/645/881 227/317/708 1082/1274/867
f 1082/1274/867 392/172/866 1485/645/881
f 1485/645/881 392/172/866 1085/1280/879
f 1085/1280/879 228/339/878 1485/645/881
f 1485/645/881 228/339/878 654/1281/880
f 657/1204/727 58/58/725 1486/646/882
f 1486/646/882 58/58/725 662/1282/883
f 662/1282/883 232/340/884 1486/646/882
f 1486/646/882 232/340/884 1087/1283/885
f 1087/1283/885 393/173/886 1486/646/882
f 1486/646/882 393/173/886 1086/1284/887
f 1086/1284/887 229/320/728 1486/646/882
f 1486/646/882 229/320/728 657/1204/727
f 663/1285/888 69/69/889 1487/647/890
f 1487/647/890 69/69/889 699/1286/891
f 699/1286/891 250/341/892 1487/647/890
f 1487/647/890 250/341/892 1088/1287/893
f 1088/1287/893 393/173/886 1487/647/890
f 1487/647/890 393/173/886 1087/1283/885
f 1087/1283/885 232/340/884 1487/647/890
f 1487/647/890 232/340/884 663/1285/888
f 698/1288/894 68/68/869 1488/648/895
f 1488/648/895 68/68/869 659/1275/868
f 659/1275/868 230/337/864 1488/648/895
f 1488/648/895 230/337/864 1089/1289/896
f 1089/1289/896 393/173/886 1488/648/895
f 1488/648/895 393/173/886 1088/1287/893
f 1088/1287/893 250/341/892 1488/648/895
f 1488/648/895 250/341/892 698/1288/894
f 658/1272/863 57/57/705 1489/649/897
f 1489/649/897 57/57/705 656/1206/730
f 656/1206/730 229/320/728 1489/649/897
f 1489/649/897 229/320/728 1086/1284/887
f 1086/1284/887 393/173/886 1489/649/897
f 1489/649/897 393/173/886 1089/1289/896
f 1089/1289/896 230/337/864 1489/649/897
f 1489/649/897 230/337/864 658/1272/863
f 661/1212/743 59/59/741 1490/650/898
f 1490/650/898 59/59/741 666/1290/899
f 666/1290/899 234/342/900 1490/650/898
f 1490/650/898 234/342/900 1091/1291/901
f 1091/1291/901 394/174/902 1490/650/898
f 1490/650/898 394/174/902 1090/1292/903
f 1090/1292/903 231/322/744 1490/650/898
f 1490/650/898 231/322/744 661/1212/743
f 667/1293/904 70/70/905 1491/651/906
f 1491/651/906 70/70/905 703/1294/907
f 703/1294/907 252/343/908 1491/651/906
f 1491/651/906 252/343/908 1092/1295/909
f 1092/1295/909 394/174/902 1491/651/906
f 1491/651/906 394/174/902 1091/1291/901
f 1091/1291/901 234/342/900 1491/651/906
f 1491/651/906 234/342/900 667/1293/904
f 702/1296/910 69/69/889 1492/652/911
f 1492/652/911 69/69/889 663/1285/888
f 663/1285/888 232/340/884 1492/652/911
f 1492/652/911 232/340/884 1093/1297/912
f 1093/1297/912 394/174/902 1492/652/911
f 1492/652/911 394/174/902 1092/1295/909
f 1092/1295/909 252/343/908 1492/652/911
f 1492/652/911 252/343/908 702/1296/910
f 662/1282/883 58/58/725 1493/653/913
f 1493/653/913 58/58/725 660/1214/746
f 660/1214/746 231/322/744 1493/653/913
f 1493/653/913 231/322/744 1090/1292/903
f 1090/1292/903 394/174/902 1493/653/913
f 1493/653/913 394/174/902 1093/1297/912
f 1093/1297/912 232/340/884 1493/653/913
f 1493/653/913 232/340/884 662/1282/883
f 665/1220/759 60/60/757 1494/654/914
f 1494/654/914 60/60/757 670/1298/915
f 670/1298/915 236/344/916 1494/654/914
f 1494/654/914 236/344/916 1095/1299/917
f 1095/1299/917 395/175/918 1494/654/914
f 1494/654/914 395/175/918 1094/1300/919
f 1094/1300/919 233/324/760 1494/654/914
f 1494/654/914 233/324/760 665/1220/759
f 671/1301/920 71/71/921 1495/655/922
f 1495/655/922 71/71/921 707/1302/923
f 707/1302/923 254/345/924 1495/655/922
f 1495/655/922 254/345/924 1096/1303/925
f 1096/1303/925 395/175/918 1495/655/922
f 1495/655/922 395/175/918 1095/1299/917
f 1095/1299/917 236/344/916 1495/655/922
f 1495/655/922 236/344/916 671/1301/920
f 706/1304/926 70/70/905 1496/656/927
f 1496/656/927 70/70/905 667/1293/904
f 667/1293/904 234/342/900 1496/656/927
f 1496/656/927 234/342/900 1097/1305/928
f 1097/1305/928 395/175/918 1496/656/927
f 1496/656/927 395/175/918 1096/1303/925
f 1096/1303/925 254/345/924 1496/656/927
f 1496/656/927 254/345/924 706/1304/926
f 666/1290/899 59/59/741 1497/657/929
f 1497/657/929 59/59/741 664/1222/762
f 664/1222/762 233/324/760 1497/657/929
f 1497/657/929 233/324/760 1094/1300/919
f 1094/1300/919 395/175/918 1497/657/929
f 1497/657/929 395/175/918 1097/1305/928
f 1097/1305/928 234/342/900 1497/657/929
f 1497/657/929 234/342/900 666/1290/899
f 669/1228/775 61/61/773 1498/658/930
f 1498/658/930 61/61/773 674/1306/931
f 674/1306/931 238/346/932 1498/658/930
f 1498/658/930 238/346/932 1099/1307/933
f 1099/1307/933 396/176/934 1498/658/930
f 1498/658/930 396/176/934 1098/1308/935
f 1098/1308/935 235/326/776 1498/658/930
f 1498/658/930 235/326/776 669/1228/775
f 675/1309/936 72/72/937 1499/659/938
f 1499/659/938 72/72/937 711/1310/939
f 711/1310/939 256/347/940 1499/659/938
f 1499/659/938 256/347/940 1100/1311/941
f 1100/1311/941 396/176/934 1499/659/938
f 1499/659/938 396/176/934 1099/1307/933
f 1099/1307/933 238/346/932 1499/659/938
f 1499/659/938 238/346/932 675/1309/936
f 710/1312/942 71/71/921 1500/660/943
f 1500/660/943 71/71/921 671/1301/920
f 671/1301/920 236/344/916 1500/660/943
f 1500/660/943 236/344/916 1101/1313/944
f 1101/1313/944 396/176/934 1500/660/943
f 1500/660/943 396/176/934 1100/1311/941
f 1100/1311/941 256/347/940 1500/660/943
f 1500/660/943 256/347/940 710/1312/942
f 670/1298/915 60/60/757 1501/661/945
f 1501/661/945 60/60/757 668/1230/778
f 668/1230/778 235/326/776 1501/661/945
f 1501/661/945 235/326/776 1098/1308/935
f 1098/1308/935 396/176/934 1501/661/945
f 1501/661/945 396/176/934 1101/1313/944
f 1101/1313/944 236/344/916 1501/661/945
f 1501/661/945 236/344/916 670/1298/915
f 673/1236/791 62/62/789 1502/662/946
f 1502/662/946 62/62/789 678/1314/947
f 678/1314/947 240/348/948 1502/662/946
f 1502/662/946 240/348/948 1103/1315/949
f 1103/1315/949 397/177/950 1502/662/946
f 1502/662/946 397/177/950 1102/1316/951
f 1102/1316/951 237/328/792 1502/662/946
f 1502/662/946 237/328/792 673/1236/791
f 679/1317/952 73/73/953 1503/663/954
f 1503/663/954 73/73/953 715/1318/955
f 715/1318/955 258/349/956 1503/663/954
f 1503/663/954 258/349/956 1104/1319/957
f 1104/1319/957 397/177/950 1503/663/954
f 1503/663/954 397/177/950 1103/1315/949
f 1103/1315/949 240/348/948 1503/663/954
f 1503/663/954 240/348/948 679/1317/952
f 714/1320/958 72/72/937 1504/664/959
f 1504/664/959 72/72/937 675/1309/936
f 675/1309/936 238/346/932 1504/664/959
f 1504/664/959 238/346/932 1105/1321/960
f 1105/1321/960 397/177/950 1504/664/959
f 1504/664/959 397/177/950 1104/1319/957
f 1104/1319/957 258/349/956 1504/664/959
f 1504/664/959 258/349/956 714/1320/958
f 674/1306/931 61/61/773 1505/665/961
f 1505/665/961 61/61/773 672/1238/794
f 672/1238/794 237/328/792 1505/665/961
f 1505/665/961 237/328/792 1102/1316/951
f 1102/1316/951 397/177/950 1505/665/961
f 1505/665/961 397/177/950 1105/1321/960
f 1105/1321/960 238/346/932 1505/665/961
f 1505/665/961 238/346/932 674/1306/931
f 677/1244/807 63/63/805 1506/666/962
f 1506/666/962 63/63/805 682/1322/963
f 682/1322/963 242/350/964 1506/666/962
f 1506/666/962 242/350/964 1107/1323/965
f 1107/1323/965 398/178/966 1506/666/962
f 1506/666/962 398/178/966 1106/1324/967
f 1106/1324/967 239/330/808 1506/666/962
f 1506/666/962 239/330/808 677/1244/807
f 683/1325/968 74/74/969 1507/667/970
f 1507/667/970 74/74/969 719/1326/971
f 719/1326/971 260/351/972 1507/667/970
f 1507/667/970 260/351/972 1108/1327/973
f 1108/1327/973 398/178/966 1507/667/970
f 1507/667/970 398/178/966 1107/1323/965
f 1107/1323/965 242/350/964 1507/667/970
f 1507/667/970 242/350/964 683/1325/968
f 718/1328/974 73/73/953 1508/668/975
f 1508/668/975 73/73/953 679/1317/952
f 679/1317/952 240/348/948 1508/668/975
f 1508/668/975 240/348/948 1109/1329/976
f 1109/1329/976 398/178/966 1508/668/975
f 1508/668/975 398/178/966 1108/1327/973
f 1108/1327/973 260/351/972 1508/668/975
f 1508/668/975 260/351/972 718/1328/974
f 678/1314/947 62/62/789 1509/669/977
f 1509/669/977 62/62/789 676/1246/810
f 676/1246/810 239/330/808 1509/669/977
f 1509/669/977 239/330/808 1106/1324/967
f 1106/1324/967 398/178/966 1509/669/977
f 1509/669/977 398/178/966 1109/1329/976
f 1109/1329/976 240/348/948 1509/669/977
f 1509/669/977 240/348/948 678/1314/947
f 681/1252/823 64/64/821 1510/670/978
f 1510/670/978 64/64/821 686/1330/979
f 686/1330/979 244/352/980 1510/670/978
f 1510/670/978 244/352/980 1111/1331/981
f 1111/1331/981 399/179/982 1510/670/978
f 1510/670/978 399/179/982 1110/1332/983
f 1110/1332/983 241/332/824 1510/670/978
f 1510/670/978 241/332/824 681/1252/823
f 687/1333/984 75/75/985 1511/671/986
f 1511/671/986 75/75/985 723/1334/987
f 723/1334/987 262/353/988 1511/671/986
f 1511/671/986 262/353/988 1112/1335/989
f 1112/1335/989 399/179/982 1511/671/986
f 1511/671/986 399/179/982 1111/1331/981
f 1111/1331/981 244/352/980 1511/671/986
f 1511/671/986 244/352/980 687/1333/984
f 722/1336/990 74/74/969 1512/672/991
f 1512/672/991 74/74/969 683/1325/968
f 683/1325/968 242/350/964 1512/672/991
f 1512/672/991 242/350/964 1113/1337/992
f 1113/1337/992 399/179/982 1512/672/991
f 1512/672/991 399/179/982 1112/1335/989
f 1112/1335/989 262/353/988 1512/672/991
f 1512/672/991 262/353/988 722/1336/990
f 682/1322/963 63/63/805 1513/673/993
f 1513/673/993 63/63/805 680/1254/826
f 680/1254/826 241/332/824 1513/673/993
f 1513/673/993 241/332/824 1110/1332/983
f 1110/1332/983 399/179/982 1513/673/993
f 1513/673/993 399/179/982 1113/1337/992
f 1113/1337/992 242/350/964 1513/673/993
f 1513/673/993 242/350/964 682/1322/963
f 685/1260/839 65/65/837 1514/674/994
f 1514/674/994 65/65/837 690/1338/995
f 690/1338/995 246/354/996 1514/674/994
f 1514/674/994 246/354/996 1115/1339/997
f 1115/1339/997 400/180/998 1514/674/994
f 1514/674/994 400/180/998 1114/1340/999
f 1114/1340/999 243/334/840 1514/674/994
f 1514/674/994 243/334/840 685/1260/839
f 691/1341/1000 76/76/1001 1515/675/1002
f 1515/675/1002 76/76/1001 727/1342/1003
f 727/1342/1003 264/355/1004 1515/675/1002
f 1515/675/1002 264/355/1004 1116/1343/1005
f 1116/1343/1005 400/180/998 1515/675/1002
f 1515/675/1002 400/180/998 1115/1339/997
f 1115/1339/997 246/354/996 1515/675/1002
f 1515/675/1002 246/354/996 691/1341/1000
f 726/1344/1006 75/75/985 1516/676/1007
f 1516/676/1007 75/75/985 687/1333/984
f 687/1333/984 244/352/980 1516/676/1007
f 1516/676/1007 244/352/980 1117/1345/1008
f 1117/1345/1008 400/180/998 1516/676/1007
f 1516/676/1007 400/180/998 1116/1343/1005
f 1116/1343/1005 264/355/1004 1516/676/1007
f 1516/676/1007 264/355/1004 726/1344/1006
f 686/1330/979 64/64/821 1517/677/1009
f 1517/677/1009 64/64/821 684/1262/842
f 684/1262/842 243/334/840 1517/677/1009
f 1517/677/1009 243/334/840 1114/1340/999
f 1114/1340/999 400/180/998 1517/677/1009
f 1517/677/1009 400/180/998 1117/1345/1008
f 1117/1345/1008 244/352/980 1517/677/1009
f 1517/677/1009 244/352/980 686/1330/979
f 689/1268/855 66/66/853 1518/678/1010
f 1518/678/1010 66/66/853 692/1346/1011
f 692/1346/1011 247/356/1012 1518/678/1010
f 1518/678/1010 247/356/1012 1119/1347/1013
f 1119/1347/1013 401/181/1014 1518/678/1010
f 1518/678/1010 401/181/1014 1118/1348/1015
f 1118/1348/1015 245/336/856 1518/678/1010
f 1518/678/1010 245/336/856 689/1268/855
f 693/1349/1016 77/77/1017 1519/679/1018
f 1519/679/1018 77/77/1017 731/1350/1019
f 731/1350/1019 266/357/1020 1519/679/1018
f 1519/679/1018 266/357/1020 1120/1351/1021
f 1120/1351/1021 401/181/1014 1519/679/1018
f 1519/679/1018 401/181/1014 1119/1347/1013
f 1119/1347/1013 247/356/1012 1519/679/1018
f 1519/679/1018 247/356/1012 693/1349/1016
f 730/1352/1022 76/76/1001 1520/680/1023
f 1520/680/1023 76/76/1001 691/1341/1000
f 691/1341/1000 246/354/996 1520/680/1023
f 1520/680/1023 246/354/996 1121/1353/1024
f 1121/1353/1024 401/181/1014 1520/680/1023
f 1520/680/1023 401/181/1014 1120/1351/1021
f 1120/1351/1021 266/357/1020 1520/680/1023
f 1520/680/1023 266/357/1020 730/1352/1022
f 690/1338/995 65/65/837 1521/681/1025
f 1521/681/1025 65/65/837 688/1270/858
f 688/1270/858 245/336/856 1521/681/1025
f 1521/681/1025 245/336/856 1118/1348/1015
f 1118/1348/1015 401/181/1014 1521/681/1025
f 1521/681/1025 401/181/1014 1121/1353/1024
f 1121/1353/1024 246/354/996 1521/681/1025
f 1521/681/1025 246/354/996 690/1338/995
f 695/1276/871 68/68/869 1522/682/1026
f 1522/682/1026 68/68/869 700/1354/1027
f 700/1354/1027 251/358/1028 1522/682/1026
f 1522/682/1026 251/358/1028 1123/1355/1029
f 1123/1355/1029 402/182/1030 1522/682/1026
f 1522/682/1026 402/182/1030 1122/1356/1031
f 1122/1356/1031 248/338/872 1522/682/1026
f 1522/682/1026 248/338/872 695/1276/871
f 701/1357/1032 79/79/1033 1523/683/1034
f 1523/683/1034 79/79/1033 737/1358/1035
f 737/1358/1035 269/359/1036 1523/683/1034
f 1523/683/1034 269/359/1036 1124/1359/1037
f 1124/1359/1037 402/182/1030 1523/683/1034
f 1523/683/1034 402/182/1030 1123/1355/1029
f 1123/1355/1029 251/358/1028 1523/683/1034
f 1523/683/1034 251/358/1028 701/1357/1032
f 736/1360/1038 78/78/1039 1524/684/1040
f 1524/684/1040 78/78/1039 697/1361/1041
f 697/1361/1041 249/360/1042 1524/684/1040
f 1524/684/1040 249/360/1042 1125/1362/1043
f 1125/1362/1043 402/182/1030 1524/684/1040
f 1524/684/1040 402/182/1030 1124/1359/1037
f 1124/1359/1037 269/359/1036 1524/684/1040
f 1524/684/1040 269/359/1036 736/1360/1038
f 696/1363/1044 67/67/875 1525/685/1045
f 1525/685/1045 67/67/875 694/1278/874
f 694/1278/874 248/338/872 1525/685/1045
f 1525/685/1045 248/338/872 1122/1356/1031
f 1122/1356/1031 402/182/1030 1525/685/1045
f 1525/685/1045 402/182/1030 1125/1362/1043
f 1125/1362/1043 249/360/1042 1525/685/1045
f 1525/685/1045 249/360/1042 696/1363/1044
f 699/1286/891 69/69/889 1526/686/1046
f 1526/686/1046 69/69/889 704/1364/1047
f 704/1364/1047 253/361/1048 1526/686/1046
f 1526/686/1046 253/361/1048 1127/1365/1049
f 1127/1365/1049 403/183/1050 1526/686/1046
f 1526/686/1046 403/183/1050 1126/1366/1051
f 1126/1366/1051 250/341/892 1526/686/1046
f 1526/686/1046 250/341/892 699/1286/891
f 705/1367/1052 80/80/1053 1527/687/1054
f 1527/687/1054 80/80/1053 741/1368/1055
f 741/1368/1055 271/362/1056 1527/687/1054
f 1527/687/1054 271/362/1056 1128/1369/1057
f 1128/1369/1057 403/183/1050 1527/687/1054
f 1527/687/1054 403/183/1050 1127/1365/1049
f 1127/1365/1049 253/361/1048 1527/687/1054
f 1527/687/1054 253/361/1048 705/1367/1052
f 740/1370/1058 79/79/1033 1528/688/1059
f 1528/688/1059 79/79/1033 701/1357/1032
f 701/1357/1032 251/358/1028 1528/688/1059
f 1528/688/1059 251/358/1028 1129/1371/1060
f 1129/1371/1060 403/183/1050 1528/688/1059
f 1528/688/1059 403/183/1050 1128/1369/1057
f 1128/1369/1057 271/362/1056 1528/688/1059
f 1528/688/1059 271/362/1056 740/1370/1058
f 700/1354/1027 68/68/869 1529/689/1061
f 1529/689/1061 68/68/869 698/1288/894
f 698/1288/894 250/341/892 1529/689/1061
f 1529/689/1061 250/341/892 1126/1366/1051
f 1126/1366/1051 403/183/1050 1529/689/1061
f 1529/689/1061 403/183/1050 1129/1371/1060
f 1129/1371/1060 251/358/1028 1529/689/1061
f 1529/689/1061 251/358/1028 700/1354/1027
f 703/1294/907 70/70/905 1530/690/1062
f 1530/690/1062 70/70/905 708/1372/1063
f 708/1372/1063 255/363/1064 1530/690/1062
f 1530/690/1062 255/363/1064 1131/1373/1065
f 1131/1373/1065 404/184/1066 1530/690/1062
f 1530/690/1062 404/184/1066 1130/1374/1067
f 1130/1374/1067 252/343/908 1530/690/1062
f 1530/690/1062 252/343/908 703/1294/907
f 709/1375/1068 81/81/1069 1531/691/1070
f 1531/691/1070 81/81/1069 745/1376/1071
f 745/1376/1071 273/364/1072 1531/691/1070
f 1531/691/1070 273/364/1072 1132/1377/1073
f 1132/1377/1073 404/184/1066 1531/691/1070
f 1531/691/1070 404/184/1066 1131/1373/1065
f 1131/1373/1065 255/363/1064 1531/691/1070
f 1531/691/1070 255/363/1064 709/1375/1068
f 744/1378/1074 80/80/1053 1532/692/1075
f 1532/692/1075 80/80/1053 705/1367/1052
f 705/1367/1052 253/361/1048 1532/692/1075
f 1532/692/1075 253/361/1048 1133/1379/1076
f 1133/1379/1076 404/184/1066 1532/692/1075
f 1532/692/1075 404/184/1066 1132/1377/1073
f 1132/1377/1073 273/364/1072 1532/692/1075
f 1532/692/1075 273/364/1072 744/1378/1074
f 704/1364/1047 69/69/889 1533/693/1077
f 1533/693/1077 69/69/889 702/1296/910
f 702/1296/910 252/343/908 1533/693/1077
f 1533/693/1077 252/343/908 1130/1374/1067
f 1130/1374/1067 404/184/1066 1533/693/1077
f 1533/693/1077 404/184/1066 1133/1379/1076
f 1133/1379/1076 253/361/1048 1533/693/1077
f 1533/693/1077 253/361/1048 704/1364/1047
f 707/1302/923 71/71/921 1534/694/1078
f 1534/694/1078 71/71/921 712/1380/1079
f 712/1380/1079 257/365/1080 1534/694/1078
f 1534/694/1078 257/365/1080 1135/1381/1081
f 1135/1381/1081 405/185/1082 1534/694/1078
f 1534/694/1078 405/185/1082 1134/1382/1083
f 1134/1382/1083 254/345/924 1534/694/1078
f 1534/694/1078 254/345/924 707/1302/923
f 713/1383/1084 82/82/1085 1535/695/1086
f 1535/695/1086 82/82/1085 749/1384/1087
f 749/1384/1087 275/366/1088 1535/695/1086
f 1535/695/1086 275/366/1088 1136/1385/1089
f 1136/1385/1089 405/185/1082 1535/695/1086
f 1535/695/1086 405/185/1082 1135/1381/1081
f 1135/1381/1081 257/365/1080 1535/695/1086
f 1535/695/1086 257/365/1080 713/1383/1084
f 748/1386/1090 81/81/1069 1536/696/1091
f 1536/696/1091 81/81/1069 709/1375/1068
f 709/1375/1068 255/363/1064 1536/696/1091
f 1536/696/1091 255/363/1064 1137/1387/1092
f 1137/1387/1092 405/185/1082 1536/696/1091
f 1536/696/1091 405/185/1082 1136/1385/1089
f 1136/1385/1089 275/366/1088 1536/696/1091
f 1536/696/1091 275/366/1088 748/1386/1090
f 708/1372/1063 70/70/905 1537/697/1093
f 1537/697/1093 70/70/905 706/1304/926
f 706/1304/926 254/345/924 1537/697/1093
f 1537/697/1093 254/345/924 1134/1382/1083
f 1134/1382/1083 405/185/1082 1537/697/1093
f 1537/697/1093 405/185/1082 1137/1387/1092
f 1137/1387/1092 255/363/1064 1537/697/1093
f 1537/697/1093 255/363/1064 708/1372/1063
f 711/1310/939 72/72/937 1538/698/1094
f 1538/698/1094 72/72/937 716/1388/1095
f 716/1388/1095 259/367/1096 1538/698/1094
f 1538/698/1094 259/367/1096 1139/1389/1097
f 1139/1389/1097 406/186/1098 1538/698/1094
f 1538/698/1094 406/186/1098 1138/1390/1099
f 1138/1390/1099 256/347/940 1538/698/1094
f 1538/698/1094 256/347/940 711/1310/939
f 717/1391/1100 83/83/1101 1539/699/1102
f 1539/699/1102 83/83/1101 753/1392/1103
f 753/1392/1103 277/368/1104 1539/699/1102
f 1539/699/1102 277/368/1104 1140/1393/1105
f 1140/1393/1105 406/186/1098 1539/699/1102
f 1539/699/1102 406/186/1098 1139/1389/1097
f 1139/1389/1097 259/367/1096 1539/699/1102
f 1539/699/1102 259/367/1096 717/1391/1100
f 752/1394/1106 82/82/1085 1540/700/1107
f 1540/700/1107 82/82/1085 713/1383/1084
f 713/1383/1084 257/365/1080 1540/700/1107
f 1540/700/1107 257/365/1080 1141/1395/1108
f 1141/1395/1108 406/186/1098 1540/700/1107
f 1540/700/1107 406/186/1098 1140/1393/1105
f 1140/1393/1105 277/368/1104 1540/700/1107
f 1540/700/1107 277/368/1104 752/1394/1106
f 712/1380/1079 71/71/921 1541/701/1109
f 1541/701/1109 71/71/921 710/1312/942
f 710/1312/942 256/347/940 1541/701/1109
f 1541/701/1109 256/347/940 1138/1390/1099
f 1138/1390/1099 406/186/1098 1541/701/1109
f 1541/701/1109 406/186/1098 1141/1395/1108
f 1141/1395/1108 257/365/1080 1541/701/1109
f 1541/701/1109 257/365/1080 712/1380/1079
f 715/1318/955 73/73/953 1542/702/1110
f 1542/702/1110 73/73/953 720/1396/1111
f 720/1396/1111 261/369/1112 1542/702/1110
f 1542/702/1110 261/369/1112 1143/1397/1113
f 1143/1397/1113 407/187/1114 1542/702/1110
f 1542/702/1110 407/187/1114 1142/1398/1115
f 1142/1398/1115 258/349/956 1542/702/1110
f 1542/702/1110 258/349/956 715/1318/955
f 721/1399/1116 84/84/1117 1543/703/1118
f 1543/703/1118 84/84/1117 757/1400/1119
f 757/1400/1119 279/370/1120 1543/703/1118
f 1543/703/1118 279/370/1120 1144/1401/1121
f 1144/1401/1121 407/187/1114 1543/703/1118
f 1543/703/1118 407/187/1114 1143/1397/1113
f 1143/1397/1113 261/369/1112 1543/703/1118
f 1543/703/1118 261/369/1112 721/1399/1116
f 756/1402/1122 83/83/1101 1544/704/1123
f 1544/704/1123 83/83/1101 717/1391/1100
f 717/1391/1100 259/367/1096 1544/704/1123
f 1544/704/1123 259/367/1096 1145/1403/1124
f 1145/1403/1124 407/187/1114 1544/704/1123
f 1544/704/1123 407/187/1114 1144/1401/1121
f 1144/1401/1121 279/370/1120 1544/704/1123
f 1544/704/1123 279/370/1120 756/1402/1122
f 716/1388/1095 72/72/937 1545/705/1125
f 1545/705/1125 72/72/937 714/1320/958
f 714/1320/958 258/349/956 1545/705/1125
f 1545/705/1125 258/349/956 1142/1398/1115
f 1142/1398/1115 407/187/1114 1545/705/1125
f 1545/705/1125 407/187/1114 1145/1403/1124
f 1145/1403/1124 259/367/1096 1545/705/1125
f 1545/705/1125 259/367/1096 716/1388/1095
f 719/1326/971 74/74/969 1546/706/1126
f 1546/706/1126 74/74/969 724/1404/1127
f 724/1404/1127 263/371/1128 1546/706/1126
f 1546/706/1126 263/371/1128 1147/1405/1129
f 1147/1405/1129 408/188/1130 1546/706/1126
f 1546/706/1126 408/188/1130 1146/1406/1131
f 1146/1406/1131 260/351/972 1546/706/1126
f 1546/706/1126 260/351/972 719/1326/971
f 725/1407/1132 85/85/1133 1547/707/1134
f 1547/707/1134 85/85/1133 761/1408/1135
f 761/1408/1135 281/372/1136 1547/707/1134
f 1547/707/1134 281/372/1136 1148/1409/1137
f 1148/1409/1137 408/188/1130 1547/707/1134
f 1547/707/1134 408/188/1130 1147/1405/1129
f 1147/1405/1129 263/371/1128 1547/707/1134
f 1547/707/1134 263/371/1128 725/1407/1132
f 760/1410/1138 84/84/1117 1548/708/1139
f 1548/708/1139 84/84/1117 721/1399/1116
f 721/1399/1116 261/369/1112 1548/708/1139
f 1548/708/1139 261/369/1112 1149/1411/1140
f 1149/1411/1140 408/188/1130 1548/708/1139
f 1548/708/1139 408/188/1130 1148/1409/1137
f 1148/1409/1137 281/372/1136 1548/708/1139
f 1548/708/1139 281/372/1136 760/1410/1138
f 720/1396/1111 73/73/953 1549/709/1141
f 1549/709/1141 73/73/953 718/1328/974
f 718/1328/974 260/351/972 1549/709/1141
f 1549/709/1141 260/351/972 1146/1406/1131
f 1146/1406/1131 408/188/1130 1549/709/1141
f 1549/709/1141 408/188/1130 1149/1411/1140
f 1149/1411/1140 261/369/1112 1549/709/1141
f 1549/709/1141 261/369/1112 720/1396/1111
f 723/1334/987 75/75/985 1550/710/1142
f 1550/710/1142 75/75/985 728/1412/1143
f 728/1412/1143 265/373/1144 1550/710/1142
f 1550/710/1142 265/373/1144 1151/1413/1145
f 1151/1413/1145 409/189/1146 1550/710/1142
f 1550/710/1142 409/189/1146 1150/1414/1147
f 1150/1414/1147 262/353/988 1550/710/1142
f 1550/710/1142 262/353/988 723/1334/987
f 729/1415/1148 86/86/1149 1551/711/1150
f 1551/711/1150 86/86/1149 765/1416/1151
f 765/1416/1151 283/374/1152 1551/711/1150
f 1551/711/1150 283/374/1152 1152/1417/1153
f 1152/1417/1153 409/189/1146 1551/711/1150
f 1551/711/1150 409/189/1146 1151/1413/1145
f 1151/1413/1145 265/373/1144 1551/711/1150
f 1551/711/1150 265/373/1144 729/1415/1148
f 764/1418/1154 85/85/1133 1552/712/1155
f 1552/712/1155 85/85/1133 725/1407/1132
f 725/1407/1132 263/371/1128 1552/712/1155
f 1552/712/1155 263/371/1128 1153/1419/1156
f 1153/1419/1156 409/189/1146 1552/712/1155
f 1552/712/1155 409/189/1146 1152/1417/1153
f 1152/1417/1153 283/374/1152 1552/712/1155
f 1552/712/1155 283/374/1152 764/1418/1154
f 724/1404/1127 74/74/969 1553/713/1157
f 1553/713/1157 74/74/969 722/1336/990
f 722/1336/990 262/353/988 1553/713/1157
f 1553/713/1157 262/353/988 1150/1414/1147
f 1150/1414/1147 409/189/1146 1553/713/1157
f 1553/713/1157 409/189/1146 1153/1419/1156
f 1153/1419/1156 263/371/1128 1553/713/1157
f 1553/713/1157 263/371/1128 724/1404/1127
f 727/1342/1003 76/76/1001 1554/714/1158
f 1554/714/1158 76/76/1001 732/1420/1159
f 732/1420/1159 267/375/1160 1554/714/1158
f 1554/714/1158 267/375/1160 1155/1421/1161
f 1155/1421/1161 410/190/1162 1554/714/1158
f 1554/714/1158 410/190/1162 1154/1422/1163
f 1154/1422/1163 264/355/1004 1554/714/1158
f 1554/714/1158 264/355/1004 727/1342/1003
f 733/1423/1164 87/87/1165 1555/715/1166
f 1555/715/1166 87/87/1165 769/1424/1167
f 769/1424/1167 285/376/1168 1555/715/1166
f 1555/715/1166 285/376/1168 1156/1425/1169
f 1156/1425/1169 410/190/1162 1555/715/1166
f 1555/715/1166 410/190/1162 1155/1421/1161
f 1155/1421/1161 267/375/1160 1555/715/1166
f 1555/715/1166 267/375/1160 733/1423/1164
f 768/1426/1170 86/86/1149 1556/716/1171
f 1556/716/1171 86/86/1149 729/1415/1148
f 729/1415/1148 265/373/1144 1556/716/1171
f 1556/716/1171 265/373/1144 1157/1427/1172
f 1157/1427/1172 410/190/1162 1556/716/1171
f 1556/716/1171 410/190/1162 1156/1425/1169
f 1156/1425/1169 285/376/1168 1556/716/1171
f 1556/716/1171 285/376/1168 768/1426/1170
f 728/1412/1143 75/75/985 1557/717/1173
f 1557/717/1173 75/75/985 726/1344/1006
f 726/1344/1006 264/355/1004 1557/717/1173
f 1557/717/1173 264/355/1004 1154/1422/1163
f 1154/1422/1163 410/190/1162 1557/717/1173
f 1557/717/1173 410/190/1162 1157/1427/1172
f 1157/1427/1172 265/373/1144 1557/717/1173
f 1557/717/1173 265/373/1144 728/1412/1143
f 731/1350/1019 77/77/1017 1558/718/1174
f 1558/718/1174 77/77/1017 734/1428/1175
f 734/1428/1175 268/377/1176 1558/718/1174
f 1558/718/1174 268/377/1176 1159/1429/1177
f 1159/1429/1177 411/191/1178 1558/718/1174
f 1558/718/1174 411/191/1178 1158/1430/1179
f 1158/1430/1179 266/357/1020 1558/718/1174
f 1558/718/1174 266/357/1020 731/1350/1019
f 735/1431/1180 88/88/1181 1559/719/1182
f 1559/719/1182 88/88/1181 773/1432/1183
f 773/1432/1183 287/378/1184 1559/719/1182
f 1559/719/1182 287/378/1184 1160/1433/1185
f 1160/1433/1185 411/191/1178 1559/719/1182
f 1559/719/1182 411/191/1178 1159/1429/1177
f 1159/1429/1177 268/377/1176 1559/719/1182
f 1559/719/1182 268/377/1176 735/1431/1180
f 772/1434/1186 87/87/1165 1560/720/1187
f 1560/720/1187 87/87/1165 733/1423/1164
f 733/1423/1164 267/375/1160 1560/720/1187
f 1560/720/1187 267/375/1160 1161/1435/1188
f 1161/1435/1188 411/191/1178 1560/720/1187
f 1560/720/1187 411/191/1178 1160/1433/1185
f 1160/1433/1185 287/378/1184 1560/720/1187
f 1560/720/1187 287/378/1184 772/1434/1186
f 732/1420/1159 76/76/1001 1561/721/1189
f 1561/721/1189 76/76/1001 730/1352/1022
f 730/1352/1022 266/357/1020 1561/721/1189
f 1561/721/1189 266/357/1020 1158/1430/1179
f 1158/1430/1179 411/191/1178 1561/721/1189
f 1561/721/1189 411/191/1178 1161/1435/1188
f 1161/1435/1188 267/375/1160 1561/721/1189
f 1561/721/1189 267/375/1160 732/1420/1159
f 737/1358/1035 79/79/1033 1562/722/1190
f 1562/722/1190 79/79/1033 742/1436/1191
f 742/1436/1191 272/379/1192 1562/722/1190
f 1562/722/1190 272/379/1192 1163/1437/1193
f 1163/1437/1193 412/192/1194 1562/722/1190
f 1562/722/1190 412/192/1194 1162/1438/1195
f 1162/1438/1195 269/359/1036 1562/722/1190
f 1562/722/1190 269/359/1036 737/1358/1035
f 743/1439/1196 90/90/1197 1563/723/1198
f 1563/723/1198 90/90/1197 779/1440/1199
f 779/1440/1199 290/380/1200 1563/723/1198
f 1563/723/1198 290/380/1200 1164/1441/1201
f 1164/1441/1201 412/192/1194 1563/723/1198
f 1563/723/1198 412/192/1194 1163/1437/1193
f 1163/1437/1193 272/379/1192 1563/723/1198
f 1563/723/1198 272/379/1192 743/1439/1196
f 778/1442/1202 89/89/1203 1564/724/1204
f 1564/724/1204 89/89/1203 739/1443/1205
f 739/1443/1205 270/381/1206 1564/724/1204
f 1564/724/1204 270/381/1206 1165/1444/1207
f 1165/1444/1207 412/192/1194 1564/724/1204
f 1564/724/1204 412/192/1194 1164/1441/1201
f 1164/1441/1201 290/380/1200 1564/724/1204
f 1564/724/1204 290/380/1200 778/1442/1202
f 738/1445/1208 78/78/1039 1565/725/1209
f 1565/725/1209 78/78/1039 736/1360/1038
f 736/1360/1038 269/359/1036 1565/725/1209
f 1565/725/1209 269/359/1036 1162/1438/1195
f 1162/1438/1195 412/192/1194 1565/725/1209
f 1565/725/1209 412/192/1194 1165/1444/1207
f 1165/1444/1207 270/381/1206 1565/725/1209
f 1565/725/1209 270/381/1206 738/1445/1208
f 741/1368/1055 80/80/1053 1566/726/1210
f 1566/726/1210 80/80/1053 746/1446/1211
f 746/1446/1211 274/382/1212 1566/726/1210
f 1566/726/1210 274/382/1212 1167/1447/1213
f 1167/1447/1213 413/193/1214 1566/726/1210
f 1566/726/1210 413/193/1214 1166/1448/1215
f 1166/1448/1215 271/362/1056 1566/726/1210
f 1566/726/1210 271/362/1056 741/1368/1055
f 747/1449/1216 91/91/1217 1567/727/1218
f 1567/727/1218 91/91/1217 783/1450/1219
f 783/1450/1219 292/383/1220 1567/727/1218
f 1567/727/1218 292/383/1220 1168/1451/1221
f 1168/1451/1221 413/193/1214 1567/727/1218
f 1567/727/1218 413/193/1214 1167/1447/1213
f 1167/1447/1213 274/382/1212 1567/727/1218
f 1567/727/1218 274/382/1212 747/1449/1216
f 782/1452/1222 90/90/1197 1568/728/1223
f 1568/728/1223 90/90/1197 743/1439/1196
f 743/1439/1196 272/379/1192 1568/728/1223
f 1568/728/1223 272/379/1192 1169/1453/1224
f 1169/1453/1224 413/193/1214 1568/728/1223
f 1568/728/1223 413/193/1214 1168/1451/1221
f 1168/1451/1221 292/383/1220 1568/728/1223
f 1568/728/1223 292/383/1220 782/1452/1222
f 742/1436/1191 79/79/1033 1569/729/1225
f 1569/729/1225 79/79/1033 740/1370/1058
f 740/1370/1058 271/362/1056 1569/729/1225
f 1569/729/1225 271/362/1056 1166/1448/1215
f 1166/1448/1215 413/193/1214 1569/729/1225
f 1569/729/1225 413/193/1214 1169/1453/1224
f 1169/1453/1224 272/379/1192 1569/729/1225
f 1569/729/1225 272/379/1192 742/1436/1191
f 745/1376/1071 81/81/1069 1570/730/1226
f 1570/730/1226 81/81/1069 750/1454/1227
f 750/1454/1227 276/384/1228 1570/730/1226
f 1570/730/1226 276/384/1228 1171/1455/1229
f 1171/1455/1229 414/194/1230 1570/730/1226
f 1570/730/1226 414/194/1230 1170/1456/1231
f 1170/1456/1231 273/364/1072 1570/730/1226
f 1570/730/1226 273/364/1072 745/1376/1071
f 751/1457/1232 92/92/1233 1571/731/1234
f 1571/731/1234 92/92/1233 787/1458/1235
f 787/1458/1235 294/385/1236 1571/731/1234
f 1571/731/1234 294/385/1236 1172/1459/1237
f 1172/1459/1237 414/194/1230 1571/731/1234
f 1571/731/1234 414/194/1230 1171/1455/1229
f 1171/1455/1229 276/384/1228 1571/731/1234
f 1571/731/1234 276/384/1228 751/1457/1232
f 786/1460/1238 91/91/1217 1572/732/1239
f 1572/732/1239 91/91/1217 747/1449/1216
f 747/1449/1216 274/382/1212 1572/732/1239
f 1572/732/1239 274/382/1212 1173/1461/1240
f 1173/1461/1240 414/194/1230 1572/732/1239
f 1572/732/1239 414/194/1230 1172/1459/1237
f 1172/1459/1237 294/385/1236 1572/732/1239
f 1572/732/1239 294/385/1236 786/1460/1238
f 746/1446/1211 80/80/1053 1573/733/1241
f 1573/733/1241 80/80/1053 744/1378/1074
f 744/1378/1074 273/364/1072 1573/733/1241
f 1573/733/1241 273/364/1072 1170/1456/1231
f 1170/1456/1231 414/194/1230 1573/733/1241
f 1573/733/1241 414/194/1230 1173/1461/1240
f 1173/1461/1240 274/382/1212 1573/733/1241
f 1573/733/1241 274/382/1212 746/1446/1211
f 749/1384/1087 82/82/1085 1574/734/1242
f 1574/734/1242 82/82/1085 754/1462/1243
f 754/1462/1243 278/386/1244 1574/734/1242
f 1574/734/1242 278/386/1244 1175/1463/1245
f 1175/1463/1245 415/195/1246 1574/734/1242
f 1574/734/1242 415/195/1246 1174/1464/1247
f 1174/1464/1247 275/366/1088 1574/734/1242
f 1574/734/1242 275/366/1088 749/1384/1087
f 755/1465/1248 93/93/1249 1575/735/1250
f 1575/735/1250 93/93/1249 791/1466/1251
f 791/1466/1251 296/387/1252 1575/735/1250
f 1575/735/1250 296/387/1252 1176/1467/1253
f 1176/1467/1253 415/195/1246 1575/735/1250
f 1575/735/1250 415/195/1246 1175/1463/1245
f 1175/1463/1245 278/386/1244 1575/735/1250
f 1575/735/1250 278/386/1244 755/1465/1248
f 790/1468/1254 92/92/1233 1576/736/1255
f 1576/736/1255 92/92/1233 751/1457/1232
f 751/1457/1232 276/384/1228 1576/736/1255
f 1576/736/1255 276/384/1228 1177/1469/1256
f 1177/1469/1256 415/195/1246 1576/736/1255
f 1576/736/1255 415/195/1246 1176/1467/1253
f 1176/1467/1253 296/387/1252 1576/736/1255
f 1576/736/1255 296/387/1252 790/1468/1254
f 750/1454/1227 81/81/1069 1577/737/1257
f 1577/737/1257 81/81/1069 748/1386/1090
f 748/1386/1090 275/366/1088 1577/737/1257
f 1577/737/1257 275/366/1088 1174/1464/1247
f 1174/1464/1247 415/195/1246 1577/737/1257
f 1577/737/1257 415/195/1246 1177/1469/1256
f 1177/1469/1256 276/384/1228 1577/737/1257
f 1577/737/1257 276/384/1228 750/1454/1227
f 753/1392/1103 83/83/1101 1578/738/1258
f 1578/738/1258 83/83/1101 758/1470/1259
f 758/1470/1259 280/388/1260 1578/738/1258
f 1578/738/1258 280/388/1260 1179/1471/1261
f 1179/1471/1261 416/196/1262 1578/738/1258
f 1578/738/1258 416/196/1262 1178/1472/1263
f 1178/1472/1263 277/368/1104 1578/738/1258
f 1578/738/1258 277/368/1104 753/1392/1103
f 759/1473/1264 94/94/1265 1579/739/1266
f 1579/739/1266 94/94/1265 795/1474/1267
f 795/1474/1267 298/389/1268 1579/739/1266
f 1579/739/1266 298/389/1268 1180/1475/1269
f 1180/1475/1269 416/196/1262 1579/739/1266
f 1579/739/1266 416/196/1262 1179/1471/1261
f 1179/1471/1261 280/388/1260 1579/739/1266
f 1579/739/1266 280/388/1260 759/1473/1264
f 794/1476/1270 93/93/1249 1580/740/1271
f 1580/740/1271 93/93/1249 755/1465/1248
f 755/1465/1248 278/386/1244 1580/740/1271
f 1580/740/1271 278/386/1244 1181/1477/1272
f 1181/1477/1272 416/196/1262 1580/740/1271
f 1580/740/1271 416/196/1262 1180/1475/1269
f 1180/1475/1269 298/389/1268 1580/740/1271
f 1580/740/1271 298/389/1268 794/1476/1270
f 754/1462/1243 82/82/1085 1581/741/1273
f 1581/741/1273 82/82/1085 752/1394/1106
f 752/1394/1106 277/368/1104 1581/741/1273
f 1581/741/1273 277/368/1104 1178/1472/1263
f 1178/1472/1263 416/196/1262 1581/741/1273
f 1581/741/1273 416/196/1262 1181/1477/1272
f 1181/1477/1272 278/386/1244 1581/741/1273
f 1581/741/1273 278/386/1244 754/1462/1243
f 757/1400/1119 84/84/1117 1582/742/1274
f 1582/742/1274 84/84/1117 762/1478/1275
f 762/1478/1275 282/390/1276 1582/742/1274
f 1582/742/1274 282/390/1276 1183/1479/1277
f 1183/1479/1277 417/197/1278 1582/742/1274
f 1582/742/1274 417/197/1278 1182/1480/1279
f 1182/1480/1279 279/370/1120 1582/742/1274
f 1582/742/1274 279/370/1120 757/1400/1119
f 763/1481/1280 95/95/1281 1583/743/1282
f 1583/743/1282 95/95/1281 799/1482/1283
f 799/1482/1283 300/391/1284 1583/743/1282
f 1583/743/1282 300/391/1284 1184/1483/1285
f 1184/1483/1285 417/197/1278 1583/743/1282
f 1583/743/1282 417/197/1278 1183/1479/1277
f 1183/1479/1277 282/390/1276 1583/743/1282
f 1583/743/1282 282/390/1276 763/1481/1280
f 798/1484/1286 94/94/1265 1584/744/1287
f 1584/744/1287 94/94/1265 759/1473/1264
f 759/1473/1264 280/388/1260 1584/744/1287
f 1584/744/1287 280/388/1260 1185/1485/1288
f 1185/1485/1288 417/197/1278 1584/744/1287
f 1584/744/1287 417/197/1278 1184/1483/1285
f 1184/1483/1285 300/391/1284 1584/744/1287
f 1584/744/1287 300/391/1284 798/1484/1286
f 758/1470/1259 83/83/1101 1585/745/1289
f 1585/745/1289 83/83/1101 756/1402/1122
f 756/1402/1122 279/370/1120 1585/745/1289
f 1585/745/1289 279/370/1120 1182/1480/1279
f 1182/1480/1279 417/197/1278 1585/745/1289
f 1585/745/1289 417/197/1278 1185/1485/1288
f 1185/1485/1288 280/388/1260 1585/745/1289
f 1585/745/1289 280/388/1260 758/1470/1259
f 761/1408/1135 85/85/1133 1586/746/1290
f 1586/746/1290 85/85/1133 766/1486/1291
f 766/1486/1291 284/392/1292 1586/746/1290
f 1586/746/1290 284/392/1292 1187/1487/1293
f 1187/1487/1293 418/198/1294 1586/746/1290
f 1586/746/1290 418/198/1294 1186/1488/1295
f 1186/1488/1295 281/372/1136 1586/746/1290
f 1586/746/1290 281/372/1136 761/1408/1135
f 767/1489/1296 96/96/1297 1587/747/1298
f 1587/747/1298 96/96/1297 803/1490/1299
f 803/1490/1299 302/393/1300 1587/747/1298
f 1587/747/1298 302/393/1300 1188/1491/1301
f 1188/1491/1301 418/198/1294 1587/747/1298
f 1587/747/1298 418/198/1294 1187/1487/1293
f 1187/1487/1293 284/392/1292 1587/747/1298
f 1587/747/1298 284/392/1292 767/1489/1296
f 802/1492/1302 95/95/1281 1588/748/1303
f 1588/748/1303 95/95/1281 763/1481/1280
f 763/1481/1280 282/390/1276 1588/748/1303
f 1588/748/1303 282/390/1276 1189/1493/1304
f 1189/1493/1304 418/198/1294 1588/748/1303
f 1588/748/1303 418/198/1294 1188/1491/1301
f 1188/1491/1301 302/393/1300 1588/748/1303
f 1588/748/1303 302/393/1300 802/1492/1302
f 762/1478/1275 84/84/1117 1589/749/1305
f 1589/749/1305 84/84/1117 760/1410/1138
f 760/1410/1138 281/372/1136 1589/749/1305
f 1589/749/1305 281/372/1136 1186/1488/1295
f 1186/1488/1295 418/198/1294 1589/749/1305
f 1589/749/1305 418/198/1294 1189/1493/1304
f 1189/1493/1304 282/390/1276 1589/749/1305
f 1589/749/1305 282/390/1276 762/1478/1275
f 765/1416/1151 86/86/1149 1590/750/1306
f 1590/750/1306 86/86/1149 770/1494/1307
f 770/1494/1307 286/394/1308 1590/750/1306
f 1590/750/1306 286/394/1308 1191/1495/1309
f 1191/1495/1309 419/199/1310 1590/750/1306
f 1590/750/1306 419/199/1310 1190/1496/1311
f 1190/1496/1311 283/374/1152 1590/750/1306
f 1590/750/1306 283/374/1152 765/1416/1151
f 771/1497/1312 97/97/1313 1591/751/1314
f 1591/751/1314 97/97/1313 807/1498/1315
f 807/1498/1315 304/395/1316 1591/751/1314
f 1591/751/1314 304/395/1316 1192/1499/1317
f 1192/1499/1317 419/199/1310 1591/751/1314
f 1591/751/1314 419/199/1310 1191/1495/1309
f 1191/1495/1309 286/394/1308 1591/751/1314
f 1591/751/1314 286/394/1308 771/1497/1312
f 806/1500/1318 96/96/1297 1592/752/1319
f 1592/752/1319 96/96/1297 767/1489/1296
f 767/1489/1296 284/392/1292 1592/752/1319
f 1592/752/1319 284/392/1292 1193/1501/1320
f 1193/1501/1320 419/199/1310 1592/752/1319
f 1592/752/1319 419/199/1310 1192/1499/1317
f 1192/1499/1317 304/395/1316 1592/752/1319
f 1592/752/1319 304/395/1316 806/1500/1318
f 766/1486/1291 85/85/1133 1593/753/1321
f 1593/753/1321 85/85/1133 764/1418/1154
f 764/1418/1154 283/374/1152 1593/753/1321
f 1593/753/1321 283/374/1152 1190/1496/1311
f 1190/1496/1311 419/199/1310 1593/753/1321
f 1593/753/1321 419/199/1310 1193/1501/1320
f 1193/1501/1320 284/392/1292 1593/753/1321
f 1593/753/1321 284/392/1292 766/1486/1291
f 769/1424/1167 87/87/1165 1594/754/1322
f 1594/754/1322 87/87/1165 774/1502/1323
f 774/1502/1323 288/396/1324 1594/754/1322
f 1594/754/1322 288/396/1324 1195/1503/1325
f 1195/1503/1325 420/200/1326 1594/754/1322
f 1594/754/1322 420/200/1326 1194/1504/1327
f 1194/1504/1327 285/376/1168 1594/754/1322
f 1594/754/1322 285/376/1168 769/1424/1167
f 775/1505/1328 98/98/1329 1595/755/1330
f 1595/755/1330 98/98/1329 811/1506/1331
f 811/1506/1331 306/397/1332 1595/755/1330
f 1595/755/1330 306/397/1332 1196/1507/1333
f 1196/1507/1333 420/200/1326 1595/755/1330
f 1595/755/1330 420/200/1326 1195/1503/1325
f 1195/1503/1325 288/396/1324 1595/755/1330
f 1595/755/1330 288/396/1324 775/1505/1328
f 810/1508/1334 97/97/1313 1596/756/1335
f 1596/756/1335 97/97/1313 771/1497/1312
f 771/1497/1312 286/394/1308 1596/756/1335
f 1596/756/1335 286/394/1308 1197/1509/1336
f 1197/1509/1336 420/200/1326 1596/756/1335
f 1596/756/1335 420/200/1326 1196/1507/1333
f 1196/1507/1333 306/397/1332 1596/756/1335
f 1596/756/1335 306/397/1332 810/1508/1334
f 770/1494/1307 86/86/1149 1597/757/1337
f 1597/757/1337 86/86/1149 768/1426/1170
f 768/1426/1170 285/376/1168 1597/757/1337
f 1597/757/1337 285/376/1168 1194/1504/1327
f 1194/1504/1327 420/200/1326 1597/757/1337
f 1597/757/1337 420/200/1326 1197/1509/1336
f 1197/1509/1336 286/394/1308 1597/757/1337
f 1597/757/1337 286/394/1308 770/1494/1307
f 773/1432/1183 88/88/1181 1598/758/1338
f 1598/758/1338 88/88/1181 776/1510/1339
f 776/1510/1339 289/398/1340 1598/758/1338
f 1598/758/1338 289/398/1340 1199/1511/1341
f 1199/1511/1341 421/201/1342 1598/758/1338
f 1598/758/1338 421/201/1342 1198/1512/1343
f 1198/1512/1343 287/378/1184 1598/758/1338
f 1598/758/1338 287/378/1184 773/1432/1183
f 777/1513/1344 99/99/1345 1599/759/1346
f 1599/759/1346 99/99/1345 815/1514/1347
f 815/1514/1347 308/399/1348 1599/759/1346
f 1599/759/1346 308/399/1348 1200/1515/1349
f 1200/1515/1349 421/201/1342 1599/759/1346
f 1599/759/1346 421/201/1342 1199/1511/1341
f 1199/1511/1341 289/398/1340 1599/759/1346
f 1599/759/1346 289/398/1340 777/1513/1344
f 814/1516/1350 98/98/1329 1600/760/1351
f 1600/760/1351 98/98/1329 775/1505/1328
f 775/1505/1328 288/396/1324 1600/760/1351
f 1600/760/1351 288/396/1324 1201/1517/1352
f 1201/1517/1352 421/201/1342 1600/760/1351
f 1600/760/1351 421/201/1342 1200/1515/1349
f 1200/1515/1349 308/399/1348 1600/760/1351
f 1600/760/1351 308/399/1348 814/1516/1350
f 774/1502/1323 87/87/1165 1601/761/1353
f 1601/761/1353 87/87/1165 772/1434/1186
f 772/1434/1186 287/378/1184 1601/761/1353
f 1601/761/1353 287/378/1184 1198/1512/1343
f 1198/1512/1343 421/201/1342 1601/761/1353
f 1601/761/1353 421/201/1342 1201/1517/1352
f 1201/1517/1352 288/396/1324 1601/761/1353
f 1601/761/1353 288/396/1324 774/1502/1323
f 779/1440/1199 90/90/1197 1602/762/1354
f 1602/762/1354 90/90/1197 784/1518/1355
f 784/1518/1355 293/400/1356 1602/762/1354
f 1602/762/1354 293/400/1356 1203/1519/1357
f 1203/1519/1357 422/202/1358 1602/762/1354
f 1602/762/1354 422/202/1358 1202/1520/1359
f 1202/1520/1359 290/380/1200 1602/762/1354
f 1602/762/1354 290/380/1200 779/1440/1199
f 785/1521/1360 101/101/1361 1603/763/1362
f 1603/763/1362 101/101/1361 821/1522/1363
f 821/1522/1363 311/401/1364 1603/763/1362
f 1603/763/1362 311/401/1364 1204/1523/1365
f 1204/1523/1365 422/202/1358 1603/763/1362
f 1603/763/1362 422/202/1358 1203/1519/1357
f 1203/1519/1357 293/400/1356 1603/763/1362
f 1603/763/1362 293/400/1356 785/1521/1360
f 820/1524/1366 100/100/1367 1604/764/1368
f 1604/764/1368 100/100/1367 781/1525/1369
f 781/1525/1369 291/402/1370 1604/764/1368
f 1604/764/1368 291/402/1370 1205/1526/1371
f 1205/1526/1371 422/202/1358 1604/764/1368
f 1604/764/1368 422/202/1358 1204/1523/1365
f 1204/1523/1365 311/401/1364 1604/764/1368
f 1604/764/1368 311/401/1364 820/1524/1366
f 780/1527/1372 89/89/1203 1605/765/1373
f 1605/765/1373 89/89/1203 778/1442/1202
f 778/1442/1202 290/380/1200 1605/765/1373
f 1605/765/1373 290/380/1200 1202/1520/1359
f 1202/1520/1359 422/202/1358 1605/765/1373
f 1605/765/1373 422/202/1358 1205/1526/1371
f 1205/1526/1371 291/402/1370 1605/765/1373
f 1605/765/1373 291/402/1370 780/1527/1372
f 783/1450/1219 91/91/1217 1606/766/1374
f 1606/766/1374 91/91/1217 788/1528/1375
f 788/1528/1375 295/403/1376 1606/766/1374
f 1606/766/1374 295/403/1376 1207/1529/1377
f 1207/1529/1377 423/203/1378 1606/766/1374
f 1606/766/1374 423/203/1378 1206/1530/1379
f 1206/1530/1379 292/383/1220 1606/766/1374
f 1606/766/1374 292/383/1220 783/1450/1219
f 789/1531/1380 102/102/1381 1607/767/1382
f 1607/767/1382 102/102/1381 825/1532/1383
f 825/1532/1383 313/404/1384 1607/767/1382
f 1607/767/1382 313/404/1384 1208/1533/1385
f 1208/1533/1385 423/203/1378 1607/767/1382
f 1607/767/1382 423/203/1378 1207/1529/1377
f 1207/1529/1377 295/403/1376 1607/767/1382
f 1607/767/1382 295/403/1376 789/1531/1380
f 824/1534/1386 101/101/1361 1608/768/1387
f 1608/768/1387 101/101/1361 785/1521/1360
f 785/1521/1360 293/400/1356 1608/768/1387
f 1608/768/1387 293/400/1356 1209/1535/1388
f 1209/1535/1388 423/203/1378 1608/768/1387
f 1608/768/1387 423/203/1378 1208/1533/1385
f 1208/1533/1385 313/404/1384 1608/768/1387
f 1608/768/1387 313/404/1384 824/1534/1386
f 784/1518/1355 90/90/1197 1609/769/1389
f 1609/769/1389 90/90/1197 782/1452/1222
f 782/1452/1222 292/383/1220 1609/769/1389
f 1609/769/1389 292/383/1220 1206/1530/1379
f 1206/1530/1379 423/203/1378 1609/769/1389
f 1609/769/1389 423/203/1378 1209/1535/1388
f 1209/1535/1388 293/400/1356 1609/769/1389
f 1609/769/1389 293/400/1356 784/1518/1355
f 787/1458/1235 92/92/1233 1610/770/1390
f 1610/770/1390 92/92/1233 792/1536/1391
f 792/1536/1391 297/405/1392 1610/770/1390
f 1610/770/1390 297/405/1392 1211/1537/1393
f 1211/1537/1393 424/204/1394 1610/770/1390
f 1610/770/1390 424/204/1394 1210/1538/1395
f 1210/1538/1395 294/385/1236 1610/770/1390
f 1610/770/1390 294/385/1236 787/1458/1235
f 793/1539/1396 103/103/1397 1611/771/1398
f 1611/771/1398 103/103/1397 829/1540/1399
f 829/1540/1399 315/406/1400 1611/771/1398
f 1611/771/1398 315/406/1400 1212/1541/1401
f 1212/1541/1401 424/204/1394 1611/771/1398
f 1611/771/1398 424/204/1394 1211/1537/1393
f 1211/1537/1393 297/405/1392 1611/771/1398
f 1611/771/1398 297/405/1392 793/1539/1396
f 828/1542/1402 102/102/1381 1612/772/1403
f 1612/772/1403 102/102/1381 789/1531/1380
f 789/1531/1380 295/403/1376 1612/772/1403
f 1612/772/1403 295/403/1376 1213/1543/1404
f 1213/1543/1404 424/204/1394 1612/772/1403
f 1612/772/1403 424/204/1394 1212/1541/1401
f 1212/1541/1401 315/406/1400 1612/772/1403
f 1612/772/1403 315/406/1400 828/1542/1402
f 788/1528/1375 91/91/1217 1613/773/1405
f 1613/773/1405 91/91/1217 786/1460/1238
f 786/1460/1238 294/385/1236 1613/773/1405
f 1613/773/1405 294/385/1236 1210/1538/1395
f 1210/1538/1395 424/204/1394 1613/773/1405
f 1613/773/1405 424/204/1394 1213/1543/1404
f 1213/1543/1404 295/403/1376 1613/773/1405
f 1613/773/1405 295/403/1376 788/1528/1375
f 791/1466/1251 93/93/1249 1614/774/1406
f 1614/774/1406 93/93/1249 796/1544/1407
f 796/1544/1407 299/407/1408 1614/774/1406
f 1614/774/1406 299/407/1408 1215/1545/1409
f 1215/1545/1409 425/205/1410 1614/774/1406
f 1614/774/1406 425/205/1410 1214/1546/1411
f 1214/1546/1411 296/387/1252 1614/774/1406
f 1614/774/1406 296/387/1252 791/1466/1251
f 797/1547/1412 104/104/1413 1615/775/1414
f 1615/775/1414 104/104/1413 833/1548/1415
f 833/1548/1415 317/408/1416 1615/775/1414
f 1615/775/1414 317/408/1416 1216/1549/1417
f 1216/1549/1417 425/205/1410 1615/775/1414
f 1615/775/1414 425/205/1410 1215/1545/1409
f 1215/1545/1409 299/407/1408 1615/775/1414
f 1615/775/1414 299/407/1408 797/1547/1412
f 832/1550/1418 103/103/1397 1616/776/1419
f 1616/776/1419 103/103/1397 793/1539/1396
f 793/1539/1396 297/405/1392 1616/776/1419
f 1616/776/1419 297/405/1392 1217/1551/1420
f 1217/1551/1420 425/205/1410 1616/776/1419
f 1616/776/1419 425/205/1410 1216/1549/1417
f 1216/1549/1417 317/408/1416 1616/776/1419
f 1616/776/1419 317/408/1416 832/1550/1418
f 792/1536/1391 92/92/1233 1617/777/1421
f 1617/777/1421 92/92/1233 790/1468/1254
f 790/1468/1254 296/387/1252 1617/777/1421
f 1617/777/1421 296/387/1252 1214/1546/1411
f 1214/1546/1411 425/205/1410 1617/777/1421
f 1617/777/1421 425/205/1410 1217/1551/1420
f 1217/1551/1420 297/405/1392 1617/777/1421
f 1617/777/1421 297/405/1392 792/1536/1391
f 795/1474/1267 94/94/1265 1618/778/1422
f 1618/778/1422 94/94/1265 800/1552/1423
f 800/1552/1423 301/409/1424 1618/778/1422
f 1618/778/1422 301/409/1424 1219/1553/1425
f 1219/1553/1425 426/206/1426 1618/778/1422
f 1618/778/1422 426/206/1426 1218/1554/1427
f 1218/1554/1427 298/389/1268 1618/778/1422
f 1618/778/1422 298/389/1268 795/1474/1267
f 801/1555/1428 105/105/1429 1619/779/1430
f 1619/779/1430 105/105/1429 837/1556/1431
f 837/1556/1431 319/410/1432 1619/779/1430
f 1619/779/1430 319/410/1432 1220/1557/1433
f 1220/1557/1433 426/206/1426 1619/779/1430
f 1619/779/1430 426/206/1426 1219/1553/1425
f 1219/1553/1425 301/409/1424 1619/779/1430
f 1619/779/1430 301/409/1424 801/1555/1428
f 836/1558/1434 104/104/1413 1620/780/1435
f 1620/780/1435 104/104/1413 797/1547/1412
f 797/1547/1412 299/407/1408 1620/780/1435
f 1620/780/1435 299/407/1408 1221/1559/1436
f 1221/1559/1436 426/206/1426 1620/780/1435
f 1620/780/1435 426/206/1426 1220/1557/1433
f 1220/1557/1433 319/410/1432 1620/780/1435
f 1620/780/1435 319/410/1432 836/1558/1434
f 796/1544/1407 93/93/1249 1621/781/1437
f 1621/781/1437 93/93/1249 794/1476/1270
f 794/1476/1270 298/389/1268 1621/781/1437
f 1621/781/1437 298/389/1268 1218/1554/1427
f 1218/1554/1427 426/206/1426 1621/781/1437
f 1621/781/1437 426/206/1426 1221/1559/1436
f 1221/1559/1436 299/407/1408 1621/781/1437
f 1621/781/1437 299/407/1408 796/1544/1407
f 799/1482/1283 95/95/1281 1622/782/1438
f 1622/782/1438 95/95/1281 804/1560/1439
f 804/1560/1439 303/411/1440 1622/782/1438
f 1622/782/1438 303/411/1440 1223/1561/1441
f 1223/1561/1441 427/207/1442 1622/782/1438
f 1622/782/1438 427/207/1442 1222/1562/1443
f 1222/1562/1443 300/391/1284 1622/782/1438
f 1622/782/1438 300/391/1284 799/1482/1283
f 805/1563/1444 106/106/1445 1623/783/1446
f 1623/783/1446 106/106/1445 841/1564/1447
f 841/1564/1447 321/412/1448 1623/783/1446
f 1623/783/1446 321/412/1448 1224/1565/1449
f 1224/1565/1449 427/207/1442 1623/783/1446
f 1623/783/1446 427/207/1442 1223/1561/1441
f 1223/1561/1441 303/411/1440 1623/783/1446
f 1623/783/1446 303/411/1440 805/1563/1444
f 840/1566/1450 105/105/1429 1624/784/1451
f 1624/784/1451 105/105/1429 801/1555/1428
f 801/1555/1428 301/409/1424 1624/784/1451
f 1624/784/1451 301/409/1424 1225/1567/1452
f 1225/1567/1452 427/207/1442 1624/784/1451
f 1624/784/1451 427/207/1442 1224/1565/1449
f 1224/1565/1449 321/412/1448 1624/784/1451
f 1624/784/1451 321/412/1448 840/1566/1450
f 800/1552/1423 94/94/1265 1625/785/1453
f 1625/785/1453 94/94/1265 798/1484/1286
f 798/1484/1286 300/391/1284 1625/785/1453
f 1625/785/1453 300/391/1284 1222/1562/1443
f 1222/1562/1443 427/207/1442 1625/785/1453
f 1625/785/1453 427/207/1442 1225/1567/1452
f 1225/1567/1452 301/409/1424 1625/785/1453
f 1625/785/1453 301/409/1424 800/1552/1423
f 803/1490/1299 96/96/1297 1626/786/1454
f 1626/786/1454 96/96/1297 808/1568/1455
f 808/1568/1455 305/413/1456 1626/786/1454
f 1626/786/1454 305/413/1456 1227/1569/1457
f 1227/1569/1457 428/208/1458 1626/786/1454
f 1626/786/1454 428/208/1458 1226/1570/1459
f 1226/1570/1459 302/393/1300 1626/786/1454
f 1626/786/1454 302/393/1300 803/1490/1299
f 809/1571/1460 107/107/1461 1627/787/1462
f 1627/787/1462 107/107/1461 845/1572/1463
f 845/1572/1463 323/414/1464 1627/787/1462
f 1627/787/1462 323/414/1464 1228/1573/1465
f 1228/1573/1465 428/208/1458 1627/787/1462
f 1627/787/1462 428/208/1458 1227/1569/1457
f 1227/1569/1457 305/413/1456 1627/787/1462
f 1627/787/1462 305/413/1456 809/1571/1460
f 844/1574/1466 106/106/1445 1628/788/1467
f 1628/788/1467 106/106/1445 805/1563/1444
f 805/1563/1444 303/411/1440 1628/788/1467
f 1628/788/1467 303/411/1440 1229/1575/1468
f 1229/1575/1468 428/208/1458 1628/788/1467
f 1628/788/1467 428/208/1458 1228/1573/1465
f 1228/1573/1465 323/414/1464 1628/788/1467
f 1628/788/1467 323/414/1464 844/1574/1466
f 804/1560/1439 95/95/1281 1629/789/1469
f 1629/789/1469 95/95/1281 802/1492/1302
f 802/1492/1302 302/393/1300 1629/789/1469
f 1629/789/1469 302/393/1300 1226/1570/1459
f 1226/1570/1459 428/208/1458 1629/789/1469
f 1629/789/1469 428/208/1458 1229/1575/1468
f 1229/1575/1468 303/411/1440 1629/789/1469
f 1629/789/1469 303/411/1440 804/1560/1439
f 807/1498/1315 97/97/1313 1630/790/1470
f 1630/790/1470 97/97/1313 812/1576/1471
f 812/1576/1471 307/415/1472 1630/790/1470
f 1630/790/1470 307/415/1472 1231/1577/1473
f 1231/1577/1473 429/209/1474 1630/790/1470
f 1630/790/1470 429/209/1474 1230/1578/1475
f 1230/1578/1475 304/395/1316 1630/790/1470
f 1630/790/1470 304/395/1316 807/1498/1315
f 813/1579/1476 108/108/1477 1631/791/1478
f 1631/791/1478 108/108/1477 849/1580/1479
f 849/1580/1479 325/416/1480 1631/791/1478
f 1631/791/1478 325/416/1480 1232/1581/1481
f 1232/1581/1481 429/209/1474 1631/791/1478
f 1631/791/1478 429/209/1474 1231/1577/1473
f 1231/1577/1473 307/415/1472 1631/791/1478
f 1631/791/1478 307/415/1472 813/1579/1476
f 848/1582/1482 107/107/1461 1632/792/1483
f 1632/792/1483 107/107/1461 809/1571/1460
f 809/1571/1460 305/413/1456 1632/792/1483
f 1632/792/1483 305/413/1456 1233/1583/1484
f 1233/1583/1484 429/209/1474 1632/792/1483
f 1632/792/1483 429/209/1474 1232/1581/1481
f 1232/1581/1481 325/416/1480 1632/792/1483
f 1632/792/1483 325/416/1480 848/1582/1482
f 808/1568/1455 96/96/1297 1633/793/1485
f 1633/793/1485 96/96/1297 806/1500/1318
f 806/1500/1318 304/395/1316 1633/793/1485
f 1633/793/1485 304/395/1316 1230/1578/1475
f 1230/1578/1475 429/209/1474 1633/793/1485
f 1633/793/1485 429/209/1474 1233/1583/1484
f 1233/1583/1484 305/413/1456 1633/793/1485
f 1633/793/1485 305/413/1456 808/1568/1455
f 811/1506/1331 98/98/1329 1634/794/1486
f 1634/794/1486 98/98/1329 816/1584/1487
f 816/1584/1487 309/417/1488 1634/794/1486
f 1634/794/1486 309/417/1488 1235/1585/1489
f 1235/1585/1489 430/210/1490 1634/794/1486
f 1634/794/1486 430/210/1490 1234/1586/1491
f 1234/1586/1491 306/397/1332 1634/794/1486
f 1634/794/1486 306/397/1332 811/1506/1331
f 817/1587/1492 109/109/1493 1635/795/1494
f 1635/795/1494 109/109/1493 853/1588/1495
f 853/1588/1495 327/418/1496 1635/795/1494
f 1635/795/1494 327/418/1496 1236/1589/1497
f 1236/1589/1497 430/210/1490 1635/795/1494
f 1635/795/1494 430/210/1490 1235/1585/1489
f 1235/1585/1489 309/417/1488 1635/795/1494
f 1635/795/1494 309/417/1488 817/1587/1492
f 852/1590/1498 108/108/1477 1636/796/1499
f 1636/796/1499 108/108/1477 813/1579/1476
f 813/1579/1476 307/415/1472 1636/796/1499
f 1636/796/1499 307/415/1472 1237/1591/1500
f 1237/1591/1500 430/210/1490 1636/796/1499
f 1636/796/1499 430/210/1490 1236/1589/1497
f 1236/1589/1497 327/418/1496 1636/796/1499
f 1636/796/1499 327/418/1496 852/1590/1498
f 812/1576/1471 97/97/1313 1637/797/1501
f 1637/797/1501 97/97/1313 810/1508/1334
f 810/1508/1334 306/397/1332 1637/797/1501
f 1637/797/1501 306/397/1332 1234/1586/1491
f 1234/1586/1491 430/210/1490 1637/797/1501
f 1637/797/1501 430/210/1490 1237/1591/1500
f 1237/1591/1500 307/415/1472 1637/797/1501
f 1637/797/1501 307/415/1472 812/1576/1471
f 815/1514/1347 99/99/1345 1638/798/1502
f 1638/798/1502 99/99/1345 818/1592/1503
f 818/1592/1503 310/419/1504 1638/798/1502
f 1638/798/1502 310/419/1504 1239/1593/1505
f 1239/1593/1505 431/211/1506 1638/798/1502
f 1638/798/1502 431/211/1506 1238/1594/1507
f 1238/1594/1507 308/399/1348 1638/798/1502
f 1638/798/1502 308/399/1348 815/1514/1347
f 819/1595/1508 110/110/1509 1639/799/1510
f 1639/799/1510 110/110/1509 857/1596/1511
f 857/1596/1511 329/420/1512 1639/799/1510
f 1639/799/1510 329/420/1512 1240/1597/1513
f 1240/1597/1513 431/211/1506 1639/799/1510
f 1639/799/1510 431/211/1506 1239/1593/1505
f 1239/1593/1505 310/419/1504 1639/799/1510
f 1639/799/1510 310/419/1504 819/1595/1508
f 856/1598/1514 109/109/1493 1640/800/1515
f 1640/800/1515 109/109/1493 817/1587/1492
f 817/1587/1492 309/417/1488 1640/800/1515
f 1640/800/1515 309/417/1488 1241/1599/1516
f 1241/1599/1516 431/211/1506 1640/800/1515
f 1640/800/1515 431/211/1506 1240/1597/1513
f 1240/1597/1513 329/420/1512 1640/800/1515
f 1640/800/1515 329/420/1512 856/1598/1514
f 816/1584/1487 98/98/1329 1641/801/1517
f 1641/801/1517 98/98/1329 814/1516/1350
f 814/1516/1350 308/399/1348 1641/801/1517
f 1641/801/1517 308/399/1348 1238/1594/1507
f 1238/1594/1507 431/211/1506 1641/801/1517
f 1641/801/1517 431/211/1506 1241/1599/1516
f 1241/1599/1516 309/417/1488 1641/801/1517
f 1641/801/1517 309/417/1488 816/1584/1487
f 821/1522/1363 101/101/1361 1642/802/1518
f 1642/802/1518 101/101/1361 826/1600/1519
f 826/1600/1519 314/421/1520 1642/802/1518
f 1642/802/1518 314/421/1520 1243/1601/1521
f 1243/1601/1521 432/212/1522 1642/802/1518
f 1642/802/1518 432/212/1522 1242/1602/1523
f 1242/1602/1523 311/401/1364 1642/802/1518
f 1642/802/1518 311/401/1364 821/1522/1363
f 827/1603/1524 112/112/1525 1643/803/1526
f 1643/803/1526 112/112/1525 863/1604/1527
f 863/1604/1527 332/422/1528 1643/803/1526
f 1643/803/1526 332/422/1528 1244/1605/1529
f 1244/1605/1529 432/212/1522 1643/803/1526
f 1643/803/1526 432/212/1522 1243/1601/1521
f 1243/1601/1521 314/421/1520 1643/803/1526
f 1643/803/1526 314/421/1520 827/1603/1524
f 862/1606/1530 111/111/1531 1644/804/1532
f 1644/804/1532 111/111/1531 823/1607/1533
f 823/1607/1533 312/423/1534 1644/804/1532
f 1644/804/1532 312/423/1534 1245/1608/1535
f 1245/1608/1535 432/212/1522 1644/804/1532
f 1644/804/1532 432/212/1522 1244/1605/1529
f 1244/1605/1529 332/422/1528 1644/804/1532
f 1644/804/1532 332/422/1528 862/1606/1530
f 822/1609/1536 100/100/1367 1645/805/1537
f 1645/805/1537 100/100/1367 820/1524/1366
f 820/1524/1366 311/401/1364 1645/805/1537
f 1645/805/1537 311/401/1364 1242/1602/1523
f 1242/1602/1523 432/212/1522 1645/805/1537
f 1645/805/1537 432/212/1522 1245/1608/1535
f 1245/1608/1535 312/423/1534 1645/805/1537
f 1645/805/1537 312/423/1534 822/1609/1536
f 825/1532/1383 102/102/1381 1646/806/1538
f 1646/806/1538 102/102/1381 830/1610/1539
f 830/1610/1539 316/424/1540 1646/806/1538
f 1646/806/1538 316/424/1540 1247/1611/1541
f 1247/1611/1541 433/213/1542 1646/806/1538
f 1646/806/1538 433/213/1542 1246/1612/1543
f 1246/1612/1543 313/404/1384 1646/806/1538
f 1646/806/1538 313/404/1384 825/1532/1383
f 831/1613/1544 113/113/1545 1647/807/1546
f 1647/807/1546 113/113/1545 865/1614/1547
f 865/1614/1547 333/425/1548 1647/807/1546
f 1647/807/1546 333/425/1548 1248/1615/1549
f 1248/1615/1549 433/213/1542 1647/807/1546
f 1647/807/1546 433/213/1542 1247/1611/1541
f 1247/1611/1541 316/424/1540 1647/807/1546
f 1647/807/1546 316/424/1540 831/1613/1544
f 864/1616/1550 112/112/1525 1648/808/1551
f 1648/808/1551 112/112/1525 827/1603/1524
f 827/1603/1524 314/421/1520 1648/808/1551
f 1648/808/1551 314/421/1520 1249/1617/1552
f 1249/1617/1552 433/213/1542 1648/808/1551
f 1648/808/1551 433/213/1542 1248/1615/1549
f 1248/1615/1549 333/425/1548 1648/808/1551
f 1648/808/1551 333/425/1548 864/1616/1550
f 826/1600/1519 101/101/1361 1649/809/1553
f 1649/809/1553 101/101/1361 824/1534/1386
f 824/1534/1386 313/404/1384 1649/809/1553
f 1649/809/1553 313/404/1384 1246/1612/1543
f 1246/1612/1543 433/213/1542 1649/809/1553
f 1649/809/1553 433/213/1542 1249/1617/1552
f 1249/1617/1552 314/421/1520 1649/809/1553
f 1649/809/1553 314/421/1520 826/1600/1519
f 829/1540/1399 103/103/1397 1650/810/1554
f 1650/810/1554 103/103/1397 834/1618/1555
f 834/1618/1555 318/426/1556 1650/810/1554
f 1650/810/1554 318/426/1556 1251/1619/1557
f 1251/1619/1557 434/214/1558 1650/810/1554
f 1650/810/1554 434/214/1558 1250/1620/1559
f 1250/1620/1559 315/406/1400 1650/810/1554
f 1650/810/1554 315/406/1400 829/1540/1399
f 835/1621/1560 114/114/1561 1651/811/1562
f 1651/811/1562 114/114/1561 867/1622/1563
f 867/1622/1563 334/427/1564 1651/811/1562
f 1651/811/1562 334/427/1564 1252/1623/1565
f 1252/1623/1565 434/214/1558 1651/811/1562
f 1651/811/1562 434/214/1558 1251/1619/1557
f 1251/1619/1557 318/426/1556 1651/811/1562
f 1651/811/1562 318/426/1556 835/1621/1560
f 866/1624/1566 113/113/1545 1652/812/1567
f 1652/812/1567 113/113/1545 831/1613/1544
f 831/1613/1544 316/424/1540 1652/812/1567
f 1652/812/1567 316/424/1540 1253/1625/1568
f 1253/1625/1568 434/214/1558 1652/812/1567
f 1652/812/1567 434/214/1558 1252/1623/1565
f 1252/1623/1565 334/427/1564 1652/812/1567
f 1652/812/1567 334/427/1564 866/1624/1566
f 830/1610/1539 102/102/1381 1653/813/1569
f 1653/813/1569 102/102/1381 828/1542/1402
f 828/1542/1402 315/406/1400 1653/813/1569
f 1653/813/1569 315/406/1400 1250/1620/1559
f 1250/1620/1559 434/214/1558 1653/813/1569
f 1653/813/1569 434/214/1558 1253/1625/1568
f 1253/1625/1568 316/424/1540 1653/813/1569
f 1653/813/1569 316/424/1540 830/1610/1539
f 833/1548/1415 104/104/1413 1654/814/1570
f 1654/814/1570 104/104/1413 838/1626/1571
f 838/1626/1571 320/428/1572 1654/814/1570
f 1654/814/1570 320/428/1572 1255/1627/1573
f 1255/1627/1573 435/215/1574 1654/814/1570
f 1654/814/1570 435/215/1574 1254/1628/1575
f 1254/1628/1575 317/408/1416 1654/814/1570
f 1654/814/1570 317/408/1416 833/1548/1415
f 839/1629/1576 115/115/1577 1655/815/1578
f 1655/815/1578 115/115/1577 869/1630/1579
f 869/1630/1579 335/429/1580 1655/815/1578
f 1655/815/1578 335/429/1580 1256/1631/1581
f 1256/1631/1581 435/215/1574 1655/815/1578
f 1655/815/1578 435/215/1574 1255/1627/1573
f 1255/1627/1573 320/428/1572 1655/815/1578
f 1655/815/1578 320/428/1572 839/1629/1576
f 868/1632/1582 114/114/1561 1656/816/1583
f 1656/816/1583 114/114/1561 835/1621/1560
f 835/1621/1560 318/426/1556 1656/816/1583
f 1656/816/1583 318/426/1556 1257/1633/1584
f 1257/1633/1584 435/215/1574 1656/816/1583
f 1656/816/1583 435/215/1574 1256/1631/1581
f 1256/1631/1581 335/429/1580 1656/816/1583
f 1656/816/1583 335/429/1580 868/1632/1582
f 834/1618/1555 103/103/1397 1657/817/1585
f 1657/817/1585 103/103/1397 832/1550/1418
f 832/1550/1418 317/408/1416 1657/817/1585
f 1657/817/1585 317/408/1416 1254/1628/1575
f 1254/1628/1575 435/215/1574 1657/817/1585
f 1657/817/1585 435/215/1574 1257/1633/1584
f 1257/1633/1584 318/426/1556 1657/817/1585
f 1657/817/1585 318/426/1556 834/1618/1555
f 837/1556/1431 105/105/1429 1658/818/1586
f 1658/818/1586 105/105/1429 842/1634/1587
f 842/1634/1587 322/430/1588 1658/818/1586
f 1658/818/1586 322/430/1588 1259/1635/1589
f 1259/1635/1589 436/216/1590 1658/818/1586
f 1658/818/1586 436/216/1590 1258/1636/1591
f 1258/1636/1591 319/410/1432 1658/818/1586
f 1658/818/1586 319/410/1432 837/1556/1431
f 843/1637/1592 116/116/1593 1659/819/1594
f 1659/819/1594 116/116/1593 871/1638/1595
f 871/1638/1595 336/431/1596 1659/819/1594
f 1659/819/1594 336/431/1596 1260/1639/1597
f 1260/1639/1597 436/216/1590 1659/819/1594
f 1659/819/1594 436/216/1590 1259/1635/1589
f 1259/1635/1589 322/430/1588 1659/819/1594
f 1659/819/1594 322/430/1588 843/1637/1592
f 870/1640/1598 115/115/1577 1660/820/1599
f 1660/820/1599 115/115/1577 839/1629/1576
f 839/1629/1576 320/428/1572 1660/820/1599
f 1660/820/1599 320/428/1572 1261/1641/1600
f 1261/1641/1600 436/216/1590 1660/820/1599
f 1660/820/1599 436/216/1590 1260/1639/1597
f 1260/1639/1597 336/431/1596 1660/820/1599
f 1660/820/1599 336/431/1596 870/1640/1598
f 838/1626/1571 104/104/1413 1661/821/1601
f 1661/821/1601 104/104/1413 836/1558/1434
f 836/1558/1434 319/410/1432 1661/821/1601
f 1661/821/1601 319/410/1432 1258/1636/1591
f 1258/1636/1591 436/216/1590 1661/821/1601
f 1661/821/1601 436/216/1590 1261/1641/1600
f 1261/1641/1600 320/428/1572 1661/821/1601
f 1661/821/1601 320/428/1572 838/1626/1571
f 841/1564/1447 106/106/1445 1662/822/1602
f 1662/822/1602 106/106/1445 846/1642/1603
f 846/1642/1603 324/432/1604 1662/822/1602
f 1662/822/1602 324/432/1604 1263/1643/1605
f 1263/1643/1605 437/217/1606 1662/822/1602
f 1662/822/1602 437/217/1606 1262/1644/1607
f 1262/1644/1607 321/412/1448 1662/822/1602
f 1662/822/1602 321/412/1448 841/1564/1447
f 847/1645/1608 117/117/1609 1663/823/1610
f 1663/823/1610 117/117/1609 873/1646/1611
f 873/1646/1611 337/433/1612 1663/823/1610
f 1663/823/1610 337/433/1612 1264/1647/1613
f 1264/1647/1613 437/217/1606 1663/823/1610
f 1663/823/1610 437/217/1606 1263/1643/1605
f 1263/1643/1605 324/432/1604 1663/823/1610
f 1663/823/1610 324/432/1604 847/1645/1608
f 872/1648/1614 116/116/1593 1664/824/1615
f 1664/824/1615 116/116/1593 843/1637/1592
f 843/1637/1592 322/430/1588 1664/824/1615
f 1664/824/1615 322/430/1588 1265/1649/1616
f 1265/1649/1616 437/217/1606 1664/824/1615
f 1664/824/1615 437/217/1606 1264/1647/1613
f 1264/1647/1613 337/433/1612 1664/824/1615
f 1664/824/1615 337/433/1612 872/1648/1614
f 842/1634/1587 105/105/1429 1665/825/1617
f 1665/825/1617 105/105/1429 840/1566/1450
f 840/1566/1450 321/412/1448 1665/825/1617
f 1665/825/1617 321/412/1448 1262/1644/1607
f 1262/1644/1607 437/217/1606 1665/825/1617
f 1665/825/1617 437/217/1606 1265/1649/1616
f 1265/1649/1616 322/430/1588 1665/825/1617
f 1665/825/1617 322/430/1588 842/1634/1587
f 845/1572/1463 107/107/1461 1666/826/1618
f 1666/826/1618 107/107/1461 850/1650/1619
f 850/1650/1619 326/434/1620 1666/826/1618
f 1666/826/1618 326/434/1620 1267/1651/1621
f 1267/1651/1621 438/218/1622 1666/826/1618
f 1666/826/1618 438/218/1622 1266/1652/1623
f 1266/1652/1623 323/414/1464 1666/826/1618
f 1666/826/1618 323/414/1464 845/1572/1463
f 851/1653/1624 118/118/1625 1667/827/1626
f 1667/827/1626 118/118/1625 875/1654/1627
f 875/1654/1627 338/435/1628 1667/827/1626
f 1667/827/1626 338/435/1628 1268/1655/1629
f 1268/1655/1629 438/218/1622 1667/827/1626
f 1667/827/1626 438/218/1622 1267/1651/1621
f 1267/1651/1621 326/434/1620 1667/827/1626
f 1667/827/1626 326/434/1620 851/1653/1624
f 874/1656/1630 117/117/1609 1668/828/1631
f 1668/828/1631 117/117/1609 847/1645/1608
f 847/1645/1608 324/432/1604 1668/828/1631
f 1668/828/1631 324/432/1604 1269/1657/1632
f 1269/1657/1632 438/218/1622 1668/828/1631
f 1668/828/1631 438/218/1622 1268/1655/1629
f 1268/1655/1629 338/435/1628 1668/828/1631
f 1668/828/1631 338/435/1628 874/1656/1630
f 846/1642/1603 106/106/1445 1669/829/1633
f 1669/829/1633 106/106/1445 844/1574/1466
f 844/1574/1466 323/414/1464 1669/829/1633
f 1669/829/1633 323/414/1464 1266/1652/1623
f 1266/1652/1623 438/218/1622 1669/829/1633
f 1669/829/1633 438/218/1622 1269/1657/1632
f 1269/1657/1632 324/432/1604 1669/829/1633
f 1669/829/1633 324/432/1604 846/1642/1603
f 849/1580/1479 108/108/1477 1670/830/1634
f 1670/830/1634 108/108/1477 854/1658/1635
f 854/1658/1635 328/436/1636 1670/830/1634
f 1670/830/1634 328/436/1636 1271/1659/1637
f 1271/1659/1637 439/219/1638 1670/830/1634
f 1670/830/1634 439/219/1638 1270/1660/1639
f 1270/1660/1639 325/416/1480 1670/830/1634
f 1670/830/1634 325/416/1480 849/1580/1479
f 855/1661/1640 119/119/1641 1671/831/1642
f 1671/831/1642 119/119/1641 877/1662/1643
f 877/1662/1643 339/437/1644 1671/831/1642
f 1671/831/1642 339/437/1644 1272/1663/1645
f 1272/1663/1645 439/219/1638 1671/831/1642
f 1671/831/1642 439/219/1638 1271/1659/1637
f 1271/1659/1637 328/436/1636 1671/831/1642
f 1671/831/1642 328/436/1636 855/1661/1640
f 876/1664/1646 118/118/1625 1672/832/1647
f 1672/832/1647 118/118/1625 851/1653/1624
f 851/1653/1624 326/434/1620 1672/832/1647
f 1672/832/1647 326/434/1620 1273/1665/1648
f 1273/1665/1648 439/219/1638 1672/832/1647
f 1672/832/1647 439/219/1638 1272/1663/1645
f 1272/1663/1645 339/437/1644 1672/832/1647
f 1672/832/1647 339/437/1644 876/1664/1646
f 850/1650/1619 107/107/1461 1673/833/1649
f 1673/833/1649 107/107/1461 848/1582/1482
f 848/1582/1482 325/416/1480 1673/833/1649
f 1673/833/1649 325/416/1480 1270/1660/1639
f 1270/1660/1639 439/219/1638 1673/833/1649
f 1673/833/1649 439/219/1638 1273/1665/1648
f 1273/1665/1648 326/434/1620 1673/833/1649
f 1673/833/1649 326/434/1620 850/1650/1619
f 853/1588/1495 109/109/1493 1674/834/1650
f 1674/834/1650 109/109/1493 858/1666/1651
f 858/1666/1651 330/438/1652 1674/834/1650
f 1674/834/1650 330/438/1652 1275/1667/1653
f 1275/1667/1653 440/220/1654 1674/834/1650
f 1674/834/1650 440/220/1654 1274/1668/1655
f 1274/1668/1655 327/418/1496 1674/834/1650
f 1674/834/1650 327/418/1496 853/1588/1495
f 859/1669/1656 120/120/1657 1675/835/1658
f 1675/835/1658 120/120/1657 879/1670/1659
f 879/1670/1659 340/439/1660 1675/835/1658
f 1675/835/1658 340/439/1660 1276/1671/1661
f 1276/1671/1661 440/220/1654 1675/835/1658
f 1675/835/1658 440/220/1654 1275/1667/1653
f 1275/1667/1653 330/438/1652 1675/835/1658
f 1675/835/1658 330/438/1652 859/1669/1656
f 878/1672/1662 119/119/1641 1676/836/1663
f 1676/836/1663 119/119/1641 855/1661/1640
f 855/1661/1640 328/436/1636 1676/836/1663
f 1676/836/1663 328/436/1636 1277/1673/1664
f 1277/1673/1664 440/220/1654 1676/836/1663
f 1676/836/1663 440/220/1654 1276/1671/1661
f 1276/1671/1661 340/439/1660 1676/836/1663
f 1676/836/1663 340/439/1660 878/1672/1662
f 854/1658/1635 108/108/1477 1677/837/1665
f 1677/837/1665 108/108/1477 852/1590/1498
f 852/1590/1498 327/418/1496 1677/837/1665
f 1677/837/1665 327/418/1496 1274/1668/1655
f 1274/1668/1655 440/220/1654 1677/837/1665
f 1677/837/1665 440/220/1654 1277/1673/1664
f 1277/1673/1664 328/436/1636 1677/837/1665
f 1677/837/1665 328/436/1636 854/1658/1635
f 857/1596/1511 110/110/1509 1678/838/1666
f 1678/838/1666 110/110/1509 860/1674/1667
f 860/1674/1667 331/440/1668 1678/838/1666
f 1678/838/1666 331/440/1668 1279/1675/1669
f 1279/1675/1669 441/221/1670 1678/838/1666
f 1678/838/1666 441/221/1670 1278/1676/1671
f 1278/1676/1671 329/420/1512 1678/838/1666
f 1678/838/1666 329/420/1512 857/1596/1511
f 861/1677/1672 121/121/1673 1679/839/1674
f 1679/839/1674 121/121/1673 881/1678/1675
f 881/1678/1675 341/441/1676 1679/839/1674
f 1679/839/1674 341/441/1676 1280/1679/1677
f 1280/1679/1677 441/221/1670 1679/839/1674
f 1679/839/1674 441/221/1670 1279/1675/1669
f 1279/1675/1669 331/440/1668 1679/839/1674
f 1679/839/1674 331/440/1668 861/1677/1672
f 880/1680/1678 120/120/1657 1680/840/1679
f 1680/840/1679 120/120/1657 859/1669/1656
f 859/1669/1656 330/438/1652 1680/840/1679
f 1680/840/1679 330/438/1652 1281/1681/1680
f 1281/1681/1680 441/221/1670 1680/840/1679
f 1680/840/1679 441/221/1670 1280/1679/1677
f 1280/1679/1677 341/441/1676 1680/840/1679
f 1680/840/1679 341/441/1676 880/1680/1678
f 858/1666/1651 109/109/1493 1681/841/1681
f 1681/841/1681 109/109/1493 856/1598/1514
f 856/1598/1514 329/420/1512 1681/841/1681
f 1681/841/1681 329/420/1512 1278/1676/1671
f 1278/1676/1671 441/221/1670 1681/841/1681
f 1681/841/1681 441/221/1670 1281/1681/1680
f 1281/1681/1680 330/438/1652 1681/841/1681
f 1681/841/1681 330/438/1652 858/1666/1651
